{"name":"worker","pid":221,"phase":"SPIN_UP_BUILDER","buildId":"8edd809d-40dd-4406-8e8f-7f9cc2f047d4","level":30,"msg":"AMD, 4 vCPUs, 15.62 GB RAM","time":"2026-09-14T19:53:36.678Z","v":0,"logId":"01a0a17b-70a6-7c30-9bd6-2b7f4317a7fc"}
{"name":"worker","pid":221,"phase":"SPIN_UP_BUILDER","buildId":"8edd809d-40dd-4406-8e8f-7f9cc2f047d4","level":30,"msg":"","time":"2026-09-14T19:53:36.681Z","v":0,"logId":"01a0a17b-70a9-7b33-82fb-8656f676e79e"}
{"name":"worker","pid":221,"phase":"SPIN_UP_BUILDER","buildId":"8edd809d-40dd-4406-8e8f-7f9cc2f047d4","level":30,"msg":"Using image \"ubuntu-26.04-jdk-17-ndk-r27b-sdk-57\" based on \"ubuntu-2604-resolute-amd64-v20260624\"","time":"2026-09-14T19:53:36.681Z","v":0,"logId":"01a0a17b-70a9-7b33-82fb-865701fc5b49"}
{"name":"worker","pid":221,"phase":"SPIN_UP_BUILDER","buildId":"8edd809d-40dd-4406-8e8f-7f9cc2f047d4","level":30,"msg":"","time":"2026-09-14T19:53:36.681Z","v":0,"logId":"01a0a17b-70a9-7b33-82fb-8658b28d1dd1"}
{"name":"worker","pid":221,"phase":"SPIN_UP_BUILDER","buildId":"8edd809d-40dd-4406-8e8f-7f9cc2f047d4","level":30,"msg":"Installed software:","time":"2026-09-14T19:53:36.681Z","v":0,"logId":"01a0a17b-70a9-7b33-82fb-8659087decb7"}
{"name":"worker","pid":221,"phase":"SPIN_UP_BUILDER","buildId":"8edd809d-40dd-4406-8e8f-7f9cc2f047d4","level":30,"msg":"- NDK 27.1.12297006","time":"2026-09-14T19:53:36.681Z","v":0,"logId":"01a0a17b-70a9-7b33-82fb-865a413c0fb4"}
{"name":"worker","pid":221,"phase":"SPIN_UP_BUILDER","buildId":"8edd809d-40dd-4406-8e8f-7f9cc2f047d4","level":30,"msg":"- Node.js 22.23.1","time":"2026-09-14T19:53:36.681Z","v":0,"logId":"01a0a17b-70aa-73d3-b302-5949f35db55d"}
{"name":"worker","pid":221,"phase":"SPIN_UP_BUILDER","buildId":"8edd809d-40dd-4406-8e8f-7f9cc2f047d4","level":30,"msg":"- Bun 1.3.14","time":"2026-09-14T19:53:36.682Z","v":0,"logId":"01a0a17b-70aa-73d3-b302-594a2ce4be0d"}
{"name":"worker","pid":221,"phase":"SPIN_UP_BUILDER","buildId":"8edd809d-40dd-4406-8e8f-7f9cc2f047d4","level":30,"msg":"- Yarn 1.22.22","time":"2026-09-14T19:53:36.682Z","v":0,"logId":"01a0a17b-70aa-73d3-b302-594b0ace5186"}
{"name":"worker","pid":221,"phase":"SPIN_UP_BUILDER","buildId":"8edd809d-40dd-4406-8e8f-7f9cc2f047d4","level":30,"msg":"- pnpm 11.9.0","time":"2026-09-14T19:53:36.682Z","v":0,"logId":"01a0a17b-70aa-73d3-b302-594cf512238f"}
{"name":"worker","pid":221,"phase":"SPIN_UP_BUILDER","buildId":"8edd809d-40dd-4406-8e8f-7f9cc2f047d4","level":30,"msg":"- npm 10.9.8","time":"2026-09-14T19:53:36.682Z","v":0,"logId":"01a0a17b-70aa-73d3-b302-594d3a14209a"}
{"name":"worker","pid":221,"phase":"SPIN_UP_BUILDER","buildId":"8edd809d-40dd-4406-8e8f-7f9cc2f047d4","level":30,"msg":"- Java 17","time":"2026-09-14T19:53:36.682Z","v":0,"logId":"01a0a17b-70aa-73d3-b302-594ed63eb228"}
{"name":"worker","pid":221,"phase":"SPIN_UP_BUILDER","buildId":"8edd809d-40dd-4406-8e8f-7f9cc2f047d4","level":30,"msg":"- node-gyp 13.0.0","time":"2026-09-14T19:53:36.682Z","v":0,"logId":"01a0a17b-70aa-73d3-b302-594f212661f6"}
{"name":"worker","pid":221,"phase":"SPIN_UP_BUILDER","buildId":"8edd809d-40dd-4406-8e8f-7f9cc2f047d4","level":30,"msg":"- Maestro 2.6.1","time":"2026-09-14T19:53:36.682Z","v":0,"logId":"01a0a17b-70aa-73d3-b302-59507a90fbfa"}
{"name":"worker","pid":221,"phase":"SPIN_UP_BUILDER","buildId":"8edd809d-40dd-4406-8e8f-7f9cc2f047d4","level":30,"msg":"","time":"2026-09-14T19:53:36.682Z","v":0,"logId":"01a0a17b-70aa-73d3-b302-5951a03195b2"}
{"name":"worker","pid":221,"phase":"SPIN_UP_BUILDER","buildId":"8edd809d-40dd-4406-8e8f-7f9cc2f047d4","level":30,"msg":"Project environment variables:","time":"2026-09-14T19:53:36.682Z","v":0,"logId":"01a0a17b-70aa-73d3-b302-595261d186d3"}
{"name":"worker","pid":221,"phase":"SPIN_UP_BUILDER","buildId":"8edd809d-40dd-4406-8e8f-7f9cc2f047d4","level":30,"msg":"  EAS_GRADLE_CACHE=0","time":"2026-09-14T19:53:36.683Z","v":0,"logId":"01a0a17b-70ab-7079-b627-8ef8d79e59b2"}
{"name":"worker","pid":221,"phase":"SPIN_UP_BUILDER","buildId":"8edd809d-40dd-4406-8e8f-7f9cc2f047d4","level":30,"msg":"  EAS_USE_CACHE=1","time":"2026-09-14T19:53:36.683Z","v":0,"logId":"01a0a17b-70ab-7079-b627-8ef98c9cef07"}
{"name":"worker","pid":221,"phase":"SPIN_UP_BUILDER","buildId":"8edd809d-40dd-4406-8e8f-7f9cc2f047d4","level":30,"msg":"  EAS_USE_NPM_CACHE=0","time":"2026-09-14T19:53:36.683Z","v":0,"logId":"01a0a17b-70ab-7079-b627-8efa9405c162"}
{"name":"worker","pid":221,"phase":"SPIN_UP_BUILDER","buildId":"8edd809d-40dd-4406-8e8f-7f9cc2f047d4","level":30,"msg":"  __API_SERVER_URL=https://api.expo.dev/","time":"2026-09-14T19:53:36.683Z","v":0,"logId":"01a0a17b-70ab-7079-b627-8efba2c9811a"}
{"name":"worker","pid":221,"phase":"SPIN_UP_BUILDER","buildId":"8edd809d-40dd-4406-8e8f-7f9cc2f047d4","level":30,"msg":"","time":"2026-09-14T19:53:36.683Z","v":0,"logId":"01a0a17b-70ab-7079-b627-8efc8b8d2f7b"}
{"name":"worker","pid":221,"phase":"SPIN_UP_BUILDER","buildId":"8edd809d-40dd-4406-8e8f-7f9cc2f047d4","level":30,"msg":"Environment secrets:","time":"2026-09-14T19:53:36.683Z","v":0,"logId":"01a0a17b-70ab-7079-b627-8efd2cb80b30"}
{"name":"worker","pid":221,"phase":"SPIN_UP_BUILDER","buildId":"8edd809d-40dd-4406-8e8f-7f9cc2f047d4","level":30,"msg":"  EXPO_TOKEN=********","time":"2026-09-14T19:53:36.683Z","v":0,"logId":"01a0a17b-70ab-7079-b627-8efe466bcb29"}
{"name":"worker","pid":221,"phase":"SPIN_UP_BUILDER","buildId":"8edd809d-40dd-4406-8e8f-7f9cc2f047d4","level":30,"msg":"","time":"2026-09-14T19:53:36.683Z","v":0,"logId":"01a0a17b-70ab-7079-b627-8eff6c29f9ea"}
{"name":"worker","pid":221,"phase":"SPIN_UP_BUILDER","buildId":"8edd809d-40dd-4406-8e8f-7f9cc2f047d4","level":30,"msg":"EAS Build environment variables:","time":"2026-09-14T19:53:36.683Z","v":0,"logId":"01a0a17b-70ab-7079-b627-8f00f21eb772"}
{"name":"worker","pid":221,"phase":"SPIN_UP_BUILDER","buildId":"8edd809d-40dd-4406-8e8f-7f9cc2f047d4","level":30,"msg":"  NVM_INC=/home/expo/.nvm/versions/node/v22.23.1/include/node","time":"2026-09-14T19:53:36.683Z","v":0,"logId":"01a0a17b-70ab-7079-b627-8f0156424a73"}
{"name":"worker","pid":221,"phase":"SPIN_UP_BUILDER","buildId":"8edd809d-40dd-4406-8e8f-7f9cc2f047d4","level":30,"msg":"  HOSTNAME=turtle-worker-7f9cc2f047d4","time":"2026-09-14T19:53:36.683Z","v":0,"logId":"01a0a17b-70ab-7079-b627-8f020b07876f"}
{"name":"worker","pid":221,"phase":"SPIN_UP_BUILDER","buildId":"8edd809d-40dd-4406-8e8f-7f9cc2f047d4","level":30,"msg":"  JAVA_HOME=/usr/lib/jvm/java-17-openjdk-amd64","time":"2026-09-14T19:53:36.683Z","v":0,"logId":"01a0a17b-70ab-7079-b627-8f03dfd81cab"}
{"name":"worker","pid":221,"phase":"SPIN_UP_BUILDER","buildId":"8edd809d-40dd-4406-8e8f-7f9cc2f047d4","level":30,"msg":"  WORKER_TARBALL_URL=https://storage.googleapis.com/eas-build-worker-tarballs/worker-android-production.tar.gz","time":"2026-09-14T19:53:36.683Z","v":0,"logId":"01a0a17b-70ab-7079-b627-8f04765cdaaf"}
{"name":"worker","pid":221,"phase":"SPIN_UP_BUILDER","buildId":"8edd809d-40dd-4406-8e8f-7f9cc2f047d4","level":30,"msg":"  PWD=/usr/local/eas-build-worker","time":"2026-09-14T19:53:36.683Z","v":0,"logId":"01a0a17b-70ab-7079-b627-8f0542a71e18"}
{"name":"worker","pid":221,"phase":"SPIN_UP_BUILDER","buildId":"8edd809d-40dd-4406-8e8f-7f9cc2f047d4","level":30,"msg":"  HOME=/home/expo","time":"2026-09-14T19:53:36.683Z","v":0,"logId":"01a0a17b-70ab-7079-b627-8f060cc55ea4"}
{"name":"worker","pid":221,"phase":"SPIN_UP_BUILDER","buildId":"8edd809d-40dd-4406-8e8f-7f9cc2f047d4","level":30,"msg":"  ANDROID_NDK_HOME=/home/expo/Android/Sdk/ndk/27.1.12297006","time":"2026-09-14T19:53:36.683Z","v":0,"logId":"01a0a17b-70ab-7079-b627-8f07292c3cea"}
{"name":"worker","pid":221,"phase":"SPIN_UP_BUILDER","buildId":"8edd809d-40dd-4406-8e8f-7f9cc2f047d4","level":30,"msg":"  NVM_DIR=/home/expo/.nvm","time":"2026-09-14T19:53:36.684Z","v":0,"logId":"01a0a17b-70ac-7071-80ba-21d4627935bd"}
{"name":"worker","pid":221,"phase":"SPIN_UP_BUILDER","buildId":"8edd809d-40dd-4406-8e8f-7f9cc2f047d4","level":30,"msg":"  ANDROID_HOME=/home/expo/Android/Sdk","time":"2026-09-14T19:53:36.684Z","v":0,"logId":"01a0a17b-70ac-7071-80ba-21d5a191493b"}
{"name":"worker","pid":221,"phase":"SPIN_UP_BUILDER","buildId":"8edd809d-40dd-4406-8e8f-7f9cc2f047d4","level":30,"msg":"  SHLVL=1","time":"2026-09-14T19:53:36.684Z","v":0,"logId":"01a0a17b-70ac-7071-80ba-21d6a3a12229"}
{"name":"worker","pid":221,"phase":"SPIN_UP_BUILDER","buildId":"8edd809d-40dd-4406-8e8f-7f9cc2f047d4","level":30,"msg":"  ANDROID_SDK_ROOT=/home/expo/Android/Sdk","time":"2026-09-14T19:53:36.684Z","v":0,"logId":"01a0a17b-70ac-7071-80ba-21d711906a3b"}
{"name":"worker","pid":221,"phase":"SPIN_UP_BUILDER","buildId":"8edd809d-40dd-4406-8e8f-7f9cc2f047d4","level":30,"msg":"  PATH=/home/expo/workingdir/bin:/home/expo/.nvm/versions/node/v22.23.1/bin:/opt/bundletool:/home/expo/Android/Sdk/build-tools/36.0.0:/home/expo/Android/Sdk/ndk/27.1.12297006:/home/expo/Android/Sdk/cmdline-tools/tools/bin:/home/expo/Android/Sdk/tools:/home/expo/Android/Sdk/tools/bin:/home/expo/Android/Sdk/platform-tools:/home/expo/Android/Sdk/emulator:/usr/local/sbin:/usr/local/bin:/usr/sbin:/usr/bin:/sbin:/bin:/snap/bin:/home/expo/.bun/bin","time":"2026-09-14T19:53:36.684Z","v":0,"logId":"01a0a17b-70ac-7071-80ba-21d8454e9bcd"}
{"name":"worker","pid":221,"phase":"SPIN_UP_BUILDER","buildId":"8edd809d-40dd-4406-8e8f-7f9cc2f047d4","level":30,"msg":"  LOGGER_LEVEL=debug","time":"2026-09-14T19:53:36.684Z","v":0,"logId":"01a0a17b-70ac-7071-80ba-21d9284856b3"}
{"name":"worker","pid":221,"phase":"SPIN_UP_BUILDER","buildId":"8edd809d-40dd-4406-8e8f-7f9cc2f047d4","level":30,"msg":"  NVM_BIN=/home/expo/.nvm/versions/node/v22.23.1/bin","time":"2026-09-14T19:53:36.684Z","v":0,"logId":"01a0a17b-70ac-7071-80ba-21da4cc3816c"}
{"name":"worker","pid":221,"phase":"SPIN_UP_BUILDER","buildId":"8edd809d-40dd-4406-8e8f-7f9cc2f047d4","level":30,"msg":"  EAS_BUILD_WORKER_DIR=/home/expo/eas-build-worker","time":"2026-09-14T19:53:36.684Z","v":0,"logId":"01a0a17b-70ac-7071-80ba-21db80746c00"}
{"name":"worker","pid":221,"phase":"SPIN_UP_BUILDER","buildId":"8edd809d-40dd-4406-8e8f-7f9cc2f047d4","level":30,"msg":"  OLDPWD=/home/expo","time":"2026-09-14T19:53:36.684Z","v":0,"logId":"01a0a17b-70ac-7071-80ba-21dc52e5274a"}
{"name":"worker","pid":221,"phase":"SPIN_UP_BUILDER","buildId":"8edd809d-40dd-4406-8e8f-7f9cc2f047d4","level":30,"msg":"  _=/home/expo/.nvm/versions/node/v22.23.1/bin/node","time":"2026-09-14T19:53:36.684Z","v":0,"logId":"01a0a17b-70ac-7071-80ba-21ddbe4aea4b"}
{"name":"worker","pid":221,"phase":"SPIN_UP_BUILDER","buildId":"8edd809d-40dd-4406-8e8f-7f9cc2f047d4","level":30,"msg":"  CI=1","time":"2026-09-14T19:53:36.684Z","v":0,"logId":"01a0a17b-70ac-7071-80ba-21dee6d69f4d"}
{"name":"worker","pid":221,"phase":"SPIN_UP_BUILDER","buildId":"8edd809d-40dd-4406-8e8f-7f9cc2f047d4","level":30,"msg":"  MAESTRO_DRIVER_STARTUP_TIMEOUT=120000","time":"2026-09-14T19:53:36.684Z","v":0,"logId":"01a0a17b-70ac-7071-80ba-21dfb2d9a069"}
{"name":"worker","pid":221,"phase":"SPIN_UP_BUILDER","buildId":"8edd809d-40dd-4406-8e8f-7f9cc2f047d4","level":30,"msg":"  MAESTRO_CLI_NO_ANALYTICS=1","time":"2026-09-14T19:53:36.684Z","v":0,"logId":"01a0a17b-70ac-7071-80ba-21e02889c32a"}
{"name":"worker","pid":221,"phase":"SPIN_UP_BUILDER","buildId":"8edd809d-40dd-4406-8e8f-7f9cc2f047d4","level":30,"msg":"  HOMEBREW_NO_AUTO_UPDATE=1","time":"2026-09-14T19:53:36.684Z","v":0,"logId":"01a0a17b-70ac-7071-80ba-21e154b2825c"}
{"name":"worker","pid":221,"phase":"SPIN_UP_BUILDER","buildId":"8edd809d-40dd-4406-8e8f-7f9cc2f047d4","level":30,"msg":"  EAS_BUILD=true","time":"2026-09-14T19:53:36.684Z","v":0,"logId":"01a0a17b-70ac-7071-80ba-21e21d83dac4"}
{"name":"worker","pid":221,"phase":"SPIN_UP_BUILDER","buildId":"8edd809d-40dd-4406-8e8f-7f9cc2f047d4","level":30,"msg":"  EAS_BUILD_RUNNER=eas-build","time":"2026-09-14T19:53:36.684Z","v":0,"logId":"01a0a17b-70ac-7071-80ba-21e3671980d4"}
{"name":"worker","pid":221,"phase":"SPIN_UP_BUILDER","buildId":"8edd809d-40dd-4406-8e8f-7f9cc2f047d4","level":30,"msg":"  EAS_BUILD_PLATFORM=android","time":"2026-09-14T19:53:36.684Z","v":0,"logId":"01a0a17b-70ac-7071-80ba-21e424b50574"}
{"name":"worker","pid":221,"phase":"SPIN_UP_BUILDER","buildId":"8edd809d-40dd-4406-8e8f-7f9cc2f047d4","level":30,"msg":"  EAS_CLI_SENTRY_DSN=https://ca4734dc503543b28d55fdaf0563f61c@o30871.ingest.sentry.io/1837720","time":"2026-09-14T19:53:36.684Z","v":0,"logId":"01a0a17b-70ac-7071-80ba-21e5517159cb"}
{"name":"worker","pid":221,"phase":"SPIN_UP_BUILDER","buildId":"8edd809d-40dd-4406-8e8f-7f9cc2f047d4","level":30,"msg":"  NVM_NODEJS_ORG_MIRROR=http://nodejs.production.caches.eas-build.internal","time":"2026-09-14T19:53:36.684Z","v":0,"logId":"01a0a17b-70ac-7071-80ba-21e6b351471c"}
{"name":"worker","pid":221,"phase":"SPIN_UP_BUILDER","buildId":"8edd809d-40dd-4406-8e8f-7f9cc2f047d4","level":30,"msg":"  EAS_BUILD_PROFILE=development","time":"2026-09-14T19:53:36.684Z","v":0,"logId":"01a0a17b-70ac-7071-80ba-21e7ed7f698f"}
{"name":"worker","pid":221,"phase":"SPIN_UP_BUILDER","buildId":"8edd809d-40dd-4406-8e8f-7f9cc2f047d4","level":30,"msg":"  EAS_BUILD_GIT_COMMIT_HASH=5703a3e034d8fd07665a3519743a9d8e27749e5d","time":"2026-09-14T19:53:36.684Z","v":0,"logId":"01a0a17b-70ac-7071-80ba-21e8d6b8574e"}
{"name":"worker","pid":221,"phase":"SPIN_UP_BUILDER","buildId":"8edd809d-40dd-4406-8e8f-7f9cc2f047d4","level":30,"msg":"  EAS_BUILD_ID=8edd809d-40dd-4406-8e8f-7f9cc2f047d4","time":"2026-09-14T19:53:36.685Z","v":0,"logId":"01a0a17b-70ad-7e17-8929-6dbafa630ecb"}
{"name":"worker","pid":221,"phase":"SPIN_UP_BUILDER","buildId":"8edd809d-40dd-4406-8e8f-7f9cc2f047d4","level":30,"msg":"  LANG=en_US.UTF-8","time":"2026-09-14T19:53:36.685Z","v":0,"logId":"01a0a17b-70ad-7e17-8929-6dbba331b942"}
{"name":"worker","pid":221,"phase":"SPIN_UP_BUILDER","buildId":"8edd809d-40dd-4406-8e8f-7f9cc2f047d4","level":30,"msg":"  EAS_BUILD_WORKINGDIR=/home/expo/workingdir/build","time":"2026-09-14T19:53:36.685Z","v":0,"logId":"01a0a17b-70ad-7e17-8929-6dbc176fa5a9"}
{"name":"worker","pid":221,"phase":"SPIN_UP_BUILDER","buildId":"8edd809d-40dd-4406-8e8f-7f9cc2f047d4","level":30,"msg":"  EAS_BUILD_PROJECT_ID=8e673687-e7e4-42e8-b23e-8e3685c6518e","time":"2026-09-14T19:53:36.685Z","v":0,"logId":"01a0a17b-70ad-7e17-8929-6dbdac33b712"}
{"name":"worker","pid":221,"phase":"SPIN_UP_BUILDER","buildId":"8edd809d-40dd-4406-8e8f-7f9cc2f047d4","level":30,"msg":"  ANDROID_CCACHE=/usr/bin/ccache","time":"2026-09-14T19:53:36.685Z","v":0,"logId":"01a0a17b-70ad-7e17-8929-6dbe38dbf617"}
{"name":"worker","pid":221,"phase":"SPIN_UP_BUILDER","buildId":"8edd809d-40dd-4406-8e8f-7f9cc2f047d4","level":30,"msg":"  EAS_BUILD_MAVEN_CACHE_URL=http://maven.production.caches.eas-build.internal","time":"2026-09-14T19:53:36.685Z","v":0,"logId":"01a0a17b-70ad-7e17-8929-6dbfeece1dc7"}
{"name":"worker","pid":221,"phase":"SPIN_UP_BUILDER","buildId":"8edd809d-40dd-4406-8e8f-7f9cc2f047d4","level":30,"msg":"  GRADLE_OPTS=-Dorg.gradle.jvmargs=\"-XX:MaxMetaspaceSize=1g -Xmx4g -XX:+HeapDumpOnOutOfMemoryError -Dfile.encoding=UTF-8\" -Dorg.gradle.parallel=true -Dorg.gradle.daemon=false","time":"2026-09-14T19:53:36.685Z","v":0,"logId":"01a0a17b-70ad-7e17-8929-6dc08158e482"}
{"name":"worker","pid":221,"phase":"SPIN_UP_BUILDER","buildId":"8edd809d-40dd-4406-8e8f-7f9cc2f047d4","level":30,"msg":"  EAS_BUILD_ANDROID_VERSION_CODE=1","time":"2026-09-14T19:53:36.685Z","v":0,"logId":"01a0a17b-70ad-7e17-8929-6dc1cc27a749"}
{"name":"worker","pid":221,"phase":"SPIN_UP_BUILDER","buildId":"8edd809d-40dd-4406-8e8f-7f9cc2f047d4","level":30,"msg":"  EAS_BUILD_USERNAME=3dpdesignsandmore","time":"2026-09-14T19:53:36.685Z","v":0,"logId":"01a0a17b-70ad-7e17-8929-6dc21aa2224d"}
{"name":"worker","pid":221,"phase":"SPIN_UP_BUILDER","buildId":"8edd809d-40dd-4406-8e8f-7f9cc2f047d4","level":30,"msg":"  __EAS_BUILD_ENVS_DIR=/home/expo/workingdir/env","time":"2026-09-14T19:53:36.685Z","v":0,"logId":"01a0a17b-70ad-7e17-8929-6dc328756b74"}
{"name":"worker","pid":221,"phase":"SPIN_UP_BUILDER","buildId":"8edd809d-40dd-4406-8e8f-7f9cc2f047d4","level":30,"msg":"","time":"2026-09-14T19:53:36.685Z","v":0,"logId":"01a0a17b-70ad-7e17-8929-6dc4f993c2de"}
{"name":"worker","pid":221,"phase":"SPIN_UP_BUILDER","buildId":"8edd809d-40dd-4406-8e8f-7f9cc2f047d4","level":30,"job":{"appId":"8e673687-e7e4-42e8-b23e-8e3685c6518e","buildType":"apk","builderEnvironment":{"env":{"EAS_GRADLE_CACHE":"0","EAS_USE_CACHE":"1","EAS_USE_NPM_CACHE":"0","__API_SERVER_URL":"https://api.expo.dev/"},"image":"ubuntu-26.04-jdk-17-ndk-r27b-sdk-57"},"cache":{"clear":false,"disabled":false,"paths":[]},"developmentClient":true,"environment":"development","experimental":{},"expoBuildUrl":"https://expo.dev/accounts/tdpdesignsandmores-team/projects/paperstack/builds/8edd809d-40dd-4406-8e8f-7f9cc2f047d4","initiatingUserId":"02cdb1d4-8ff9-4d27-af72-527087374328","mode":"build","platform":"android","projectRootDirectory":".","triggeredBy":"EAS_CLI","type":"managed","updates":{"channel":"development"},"username":"3dpdesignsandmore","version":{"versionCode":"1"}},"msg":"Builder is ready, starting build","time":"2026-09-14T19:53:36.686Z","v":0,"logId":"01a0a17b-70ae-71c2-96a0-8715e1b4f099"}
{"name":"worker","pid":221,"phase":"SPIN_UP_BUILDER","buildId":"8edd809d-40dd-4406-8e8f-7f9cc2f047d4","level":30,"marker":"END_PHASE","result":"success","durationMs":9,"msg":"End phase: SPIN_UP_BUILDER","time":"2026-09-14T19:53:36.688Z","v":0,"logId":"01a0a17b-70b0-7fb0-b3ab-98b844363372"}
{"name":"worker","pid":221,"phase":"INSTALL_CUSTOM_TOOLS","buildId":"8edd809d-40dd-4406-8e8f-7f9cc2f047d4","level":30,"marker":"START_PHASE","msg":"Start phase: INSTALL_CUSTOM_TOOLS","time":"2026-09-14T19:53:36.688Z","v":0,"logId":"01a0a17b-70b0-7fb0-b3ab-98b9de25ed16"}
{"name":"worker","pid":221,"phase":"INSTALL_CUSTOM_TOOLS","buildId":"8edd809d-40dd-4406-8e8f-7f9cc2f047d4","level":30,"marker":"END_PHASE","result":"success","durationMs":717,"msg":"End phase: INSTALL_CUSTOM_TOOLS","time":"2026-09-14T19:53:37.406Z","v":0,"logId":"01a0a17b-737e-7c07-98e4-74e2b5a0442e"}
{"name":"worker","pid":221,"phase":"PREPARE_PROJECT","buildId":"8edd809d-40dd-4406-8e8f-7f9cc2f047d4","level":30,"marker":"START_PHASE","msg":"Start phase: PREPARE_PROJECT","time":"2026-09-14T19:53:37.409Z","v":0,"logId":"01a0a17b-7381-7977-8d96-4f6cb6e710aa"}
{"name":"worker","pid":221,"phase":"PREPARE_PROJECT","buildId":"8edd809d-40dd-4406-8e8f-7f9cc2f047d4","level":30,"msg":"Normalizing project source permissions","time":"2026-09-14T19:53:37.751Z","v":0,"logId":"01a0a17b-74d7-7cb8-8b5f-31b89b8952ac"}
{"name":"worker","pid":221,"phase":"PREPARE_PROJECT","buildId":"8edd809d-40dd-4406-8e8f-7f9cc2f047d4","level":30,"marker":"END_PHASE","result":"success","durationMs":351,"msg":"End phase: PREPARE_PROJECT","time":"2026-09-14T19:53:37.761Z","v":0,"logId":"01a0a17b-74e1-75b6-a2b6-20ce09eb438e"}
{"name":"worker","pid":221,"phase":"PRE_INSTALL_HOOK","buildId":"8edd809d-40dd-4406-8e8f-7f9cc2f047d4","level":30,"marker":"START_PHASE","msg":"Start phase: PRE_INSTALL_HOOK","time":"2026-09-14T19:53:37.761Z","v":0,"logId":"01a0a17b-74e1-75b6-a2b6-20cf025d019d"}
{"name":"worker","pid":221,"phase":"PRE_INSTALL_HOOK","buildId":"8edd809d-40dd-4406-8e8f-7f9cc2f047d4","level":30,"marker":"END_PHASE","result":"success","durationMs":0,"msg":"End phase: PRE_INSTALL_HOOK","time":"2026-09-14T19:53:37.762Z","v":0,"logId":"01a0a17b-74e2-7cd0-bb2d-52253c9621e2"}
{"name":"worker","pid":221,"phase":"READ_EAS_JSON","buildId":"8edd809d-40dd-4406-8e8f-7f9cc2f047d4","level":30,"marker":"START_PHASE","msg":"Start phase: READ_EAS_JSON","time":"2026-09-14T19:53:37.762Z","v":0,"logId":"01a0a17b-74e2-7cd0-bb2d-52261a69c585"}
{"name":"worker","pid":221,"phase":"READ_EAS_JSON","buildId":"8edd809d-40dd-4406-8e8f-7f9cc2f047d4","level":30,"msg":"Using eas.json:","time":"2026-09-14T19:53:37.762Z","v":0,"logId":"01a0a17b-74e2-7cd0-bb2d-52278daa2c8d"}
{"name":"worker","pid":221,"phase":"READ_EAS_JSON","buildId":"8edd809d-40dd-4406-8e8f-7f9cc2f047d4","level":30,"msg":"{\n  \"cli\": {\n    \"appVersionSource\": \"remote\"\n  },\n  \"build\": {\n    \"development\": {\n      \"developmentClient\": true,\n      \"distribution\": \"internal\",\n      \"channel\": \"development\",\n      \"ios\": {\n        \"simulator\": false\n      }\n    },\n    \"preview\": {\n      \"distribution\": \"internal\",\n      \"channel\": \"preview\",\n      \"android\": {\n        \"buildType\": \"apk\"\n      }\n    },\n    \"production\": {\n      \"channel\": \"production\",\n      \"autoIncrement\": true\n    }\n  },\n  \"submit\": {\n    \"production\": {}\n  }\n}\n","time":"2026-09-14T19:53:37.762Z","v":0,"logId":"01a0a17b-74e2-7cd0-bb2d-5228eb526d5e"}
{"name":"worker","pid":221,"phase":"READ_EAS_JSON","buildId":"8edd809d-40dd-4406-8e8f-7f9cc2f047d4","level":30,"marker":"END_PHASE","result":"success","durationMs":0,"msg":"End phase: READ_EAS_JSON","time":"2026-09-14T19:53:37.763Z","v":0,"logId":"01a0a17b-74e3-7eef-8214-3fdf26e2cbfc"}
{"name":"worker","pid":221,"phase":"READ_PACKAGE_JSON","buildId":"8edd809d-40dd-4406-8e8f-7f9cc2f047d4","level":30,"marker":"START_PHASE","msg":"Start phase: READ_PACKAGE_JSON","time":"2026-09-14T19:53:37.764Z","v":0,"logId":"01a0a17b-74e4-7620-a49e-92f224aad34f"}
{"name":"worker","pid":221,"phase":"READ_PACKAGE_JSON","buildId":"8edd809d-40dd-4406-8e8f-7f9cc2f047d4","level":30,"msg":"Using package.json:","time":"2026-09-14T19:53:37.764Z","v":0,"logId":"01a0a17b-74e4-7620-a49e-92f3eadeb8c3"}
{"name":"worker","pid":221,"phase":"READ_PACKAGE_JSON","buildId":"8edd809d-40dd-4406-8e8f-7f9cc2f047d4","level":30,"msg":"{\n  \"name\": \"paperstack\",\n  \"main\": \"expo-router/entry\",\n  \"version\": \"1.0.0\",\n  \"dependencies\": {\n    \"@expo/ui\": \"~57.0.18\",\n    \"expo\": \"~57.0.22\",\n    \"expo-constants\": \"~57.0.18\",\n    \"expo-dev-client\": \"~57.0.19\",\n    \"expo-device\": \"~57.0.2\",\n    \"expo-file-system\": \"~57.0.7\",\n    \"expo-font\": \"~57.0.4\",\n    \"expo-glass-effect\": \"~57.0.3\",\n    \"expo-image\": \"~57.0.5\",\n    \"expo-linking\": \"~57.0.10\",\n    \"expo-router\": \"~57.0.21\",\n    \"expo-sharing\": \"~57.0.19\",\n    \"expo-splash-screen\": \"~57.0.9\",\n    \"expo-status-bar\": \"~57.0.1\",\n    \"expo-symbols\": \"~57.0.3\",\n    \"expo-system-ui\": \"~57.0.4\",\n    \"expo-web-browser\": \"~57.0.3\",\n    \"pdf-lib\": \"^1.17.1\",\n    \"react\": \"19.2.3\",\n    \"react-native\": \"0.86.3\",\n    \"react-native-gesture-handler\": \"~2.32.0\",\n    \"react-native-reanimated\": \"4.5.1\",\n    \"react-native-safe-area-context\": \"~5.7.0\",\n    \"react-native-screens\": \"~4.26.0\",\n    \"react-native-worklets\": \"0.10.1\"\n  },\n  \"devDependencies\": {\n    \"@types/react\": \"~19.2.2\",\n    \"eslint\": \"^9.0.0\",\n    \"eslint-config-expo\": \"~57.0.2\",\n    \"pdf-parse\": \"^2.4.5\",\n    \"tsx\": \"^4.23.13\",\n    \"typescript\": \"~6.0.3\"\n  },\n  \"scripts\": {\n    \"start\": \"expo start\",\n    \"reset-project\": \"node ./scripts/reset-project.js\",\n    \"android\": \"expo start --android\",\n    \"ios\": \"expo start --ios\",\n    \"lint\": \"expo lint\"\n  },\n  \"private\": true\n}","time":"2026-09-14T19:53:37.764Z","v":0,"logId":"01a0a17b-74e4-7620-a49e-92f4dbe3e6bf"}
{"name":"worker","pid":221,"phase":"READ_PACKAGE_JSON","buildId":"8edd809d-40dd-4406-8e8f-7f9cc2f047d4","level":30,"marker":"END_PHASE","result":"success","durationMs":0,"msg":"End phase: READ_PACKAGE_JSON","time":"2026-09-14T19:53:37.765Z","v":0,"logId":"01a0a17b-74e5-731d-a7fa-d98a7eb457c3"}
{"name":"worker","pid":221,"phase":"INSTALL_DEPENDENCIES","buildId":"8edd809d-40dd-4406-8e8f-7f9cc2f047d4","level":30,"marker":"START_PHASE","msg":"Start phase: INSTALL_DEPENDENCIES","time":"2026-09-14T19:53:37.765Z","v":0,"logId":"01a0a17b-74e5-731d-a7fa-d98ba19b52d6"}
{"name":"worker","pid":221,"phase":"INSTALL_DEPENDENCIES","buildId":"8edd809d-40dd-4406-8e8f-7f9cc2f047d4","level":30,"msg":"Running \"npm ci --include=dev\" in /home/expo/workingdir/build directory","time":"2026-09-14T19:53:37.766Z","v":0,"logId":"01a0a17b-74e7-70ed-a627-3388d149dd4c"}
{"name":"worker","pid":221,"phase":"INSTALL_DEPENDENCIES","buildId":"8edd809d-40dd-4406-8e8f-7f9cc2f047d4","source":"stderr","level":30,"msg":"npm warn deprecated uuid@7.0.3: uuid@10 and below is no longer supported.  For ESM codebases, update to uuid@latest.  For CommonJS codebases, use uuid@11 (but be aware this version will likely be deprecated in 2028).","time":"2026-09-14T19:53:41.177Z","v":0,"logId":"01a0a17b-8239-75a9-82b9-7d9f1c345018"}
{"name":"worker","pid":221,"phase":"INSTALL_DEPENDENCIES","buildId":"8edd809d-40dd-4406-8e8f-7f9cc2f047d4","source":"stderr","level":30,"msg":"npm warn deprecated eslint@9.39.5: This version is no longer supported. Please see https://eslint.org/version-support for other options.","time":"2026-09-14T19:53:48.058Z","v":0,"logId":"01a0a17b-9d1a-720c-95ac-889cbc247022"}
{"name":"worker","pid":221,"phase":"INSTALL_DEPENDENCIES","buildId":"8edd809d-40dd-4406-8e8f-7f9cc2f047d4","source":"stdout","level":30,"msg":"added 841 packages, and audited 842 packages in 15s","time":"2026-09-14T19:53:52.393Z","v":0,"logId":"01a0a17b-ae09-7972-b52a-a04d0e6062eb"}
{"name":"worker","pid":221,"phase":"INSTALL_DEPENDENCIES","buildId":"8edd809d-40dd-4406-8e8f-7f9cc2f047d4","source":"stdout","level":30,"msg":"165 packages are looking for funding","time":"2026-09-14T19:53:52.395Z","v":0,"logId":"01a0a17b-ae0b-7dc5-9d1f-c841f0249160"}
{"name":"worker","pid":221,"phase":"INSTALL_DEPENDENCIES","buildId":"8edd809d-40dd-4406-8e8f-7f9cc2f047d4","source":"stdout","level":30,"msg":"  run `npm fund` for details","time":"2026-09-14T19:53:52.395Z","v":0,"logId":"01a0a17b-ae0b-7dc5-9d1f-c8429279ffb7"}
{"name":"worker","pid":221,"phase":"INSTALL_DEPENDENCIES","buildId":"8edd809d-40dd-4406-8e8f-7f9cc2f047d4","source":"stdout","level":30,"msg":"15 moderate severity vulnerabilities","time":"2026-09-14T19:53:52.442Z","v":0,"logId":"01a0a17b-ae3a-73b7-9d6a-d3fb27dc60c7"}
{"name":"worker","pid":221,"phase":"INSTALL_DEPENDENCIES","buildId":"8edd809d-40dd-4406-8e8f-7f9cc2f047d4","source":"stdout","level":30,"msg":"","time":"2026-09-14T19:53:52.442Z","v":0,"logId":"01a0a17b-ae3a-73b7-9d6a-d3fc02e056b4"}
{"name":"worker","pid":221,"phase":"INSTALL_DEPENDENCIES","buildId":"8edd809d-40dd-4406-8e8f-7f9cc2f047d4","source":"stdout","level":30,"msg":"To address issues that do not require attention, run:","time":"2026-09-14T19:53:52.442Z","v":0,"logId":"01a0a17b-ae3a-73b7-9d6a-d3fd43910b00"}
{"name":"worker","pid":221,"phase":"INSTALL_DEPENDENCIES","buildId":"8edd809d-40dd-4406-8e8f-7f9cc2f047d4","source":"stdout","level":30,"msg":"  npm audit fix","time":"2026-09-14T19:53:52.442Z","v":0,"logId":"01a0a17b-ae3a-73b7-9d6a-d3fee779d06c"}
{"name":"worker","pid":221,"phase":"INSTALL_DEPENDENCIES","buildId":"8edd809d-40dd-4406-8e8f-7f9cc2f047d4","source":"stdout","level":30,"msg":"","time":"2026-09-14T19:53:52.442Z","v":0,"logId":"01a0a17b-ae3a-73b7-9d6a-d3ff5704b4b6"}
{"name":"worker","pid":221,"phase":"INSTALL_DEPENDENCIES","buildId":"8edd809d-40dd-4406-8e8f-7f9cc2f047d4","source":"stdout","level":30,"msg":"To address all issues (including breaking changes), run:","time":"2026-09-14T19:53:52.443Z","v":0,"logId":"01a0a17b-ae3b-7870-bcea-149e7572ac36"}
{"name":"worker","pid":221,"phase":"INSTALL_DEPENDENCIES","buildId":"8edd809d-40dd-4406-8e8f-7f9cc2f047d4","source":"stdout","level":30,"msg":"  npm audit fix --force","time":"2026-09-14T19:53:52.443Z","v":0,"logId":"01a0a17b-ae3b-7870-bcea-149ff00617f2"}
{"name":"worker","pid":221,"phase":"INSTALL_DEPENDENCIES","buildId":"8edd809d-40dd-4406-8e8f-7f9cc2f047d4","source":"stdout","level":30,"msg":"","time":"2026-09-14T19:53:52.443Z","v":0,"logId":"01a0a17b-ae3b-7870-bcea-14a0e1992ce5"}
{"name":"worker","pid":221,"phase":"INSTALL_DEPENDENCIES","buildId":"8edd809d-40dd-4406-8e8f-7f9cc2f047d4","source":"stdout","level":30,"msg":"Run `npm audit` for details.","time":"2026-09-14T19:53:52.443Z","v":0,"logId":"01a0a17b-ae3b-7870-bcea-14a1ebe00f39"}
{"name":"worker","pid":221,"phase":"INSTALL_DEPENDENCIES","buildId":"8edd809d-40dd-4406-8e8f-7f9cc2f047d4","level":30,"marker":"END_PHASE","result":"success","durationMs":14732,"msg":"End phase: INSTALL_DEPENDENCIES","time":"2026-09-14T19:53:52.498Z","v":0,"logId":"01a0a17b-ae72-7a85-9004-3600627e2e72"}
{"name":"worker","pid":221,"phase":"READ_APP_CONFIG","buildId":"8edd809d-40dd-4406-8e8f-7f9cc2f047d4","level":30,"marker":"START_PHASE","msg":"Start phase: READ_APP_CONFIG","time":"2026-09-14T19:53:52.499Z","v":0,"logId":"01a0a17b-ae73-74e2-bbd6-019ac04213fa"}
{"name":"worker","pid":221,"phase":"READ_APP_CONFIG","buildId":"8edd809d-40dd-4406-8e8f-7f9cc2f047d4","level":30,"msg":"Using app configuration:","time":"2026-09-14T19:53:52.883Z","v":0,"logId":"01a0a17b-aff4-7033-903d-1b84a728d3ab"}
{"name":"worker","pid":221,"phase":"READ_APP_CONFIG","buildId":"8edd809d-40dd-4406-8e8f-7f9cc2f047d4","level":30,"msg":"{\n  \"name\": \"PaperStack\",\n  \"slug\": \"paperstack\",\n  \"version\": \"1.0.0\",\n  \"orientation\": \"portrait\",\n  \"icon\": \"./assets/images/icon.png\",\n  \"scheme\": \"paperstack\",\n  \"userInterfaceStyle\": \"automatic\",\n  \"ios\": {\n    \"icon\": \"./assets/expo.icon\",\n    \"bundleIdentifier\": \"com.tdpdesignsandmore.paperstack\",\n    \"infoPlist\": {\n      \"NSCameraUsageDescription\": \"PaperStack uses the camera to scan documents and receipts.\",\n      \"NSPhotoLibraryAddUsageDescription\": \"PaperStack saves scans and exported PDFs to your photo library.\"\n    }\n  },\n  \"android\": {\n    \"package\": \"com.tdpdesignsandmore.paperstack\",\n    \"adaptiveIcon\": {\n      \"backgroundColor\": \"#E6F4FE\",\n      \"foregroundImage\": \"./assets/images/android-icon-foreground.png\",\n      \"backgroundImage\": \"./assets/images/android-icon-background.png\",\n      \"monochromeImage\": \"./assets/images/android-icon-monochrome.png\"\n    },\n    \"predictiveBackGestureEnabled\": false\n  },\n  \"plugins\": [\n    \"expo-router\",\n    [\n      \"expo-splash-screen\",\n      {\n        \"backgroundColor\": \"#208AEF\",\n        \"image\": \"./assets/images/splash-icon.png\",\n        \"imageWidth\": 76\n      }\n    ],\n    \"expo-sharing\"\n  ],\n  \"experiments\": {\n    \"typedRoutes\": true,\n    \"reactCompiler\": true\n  },\n  \"extra\": {\n    \"router\": {},\n    \"eas\": {\n      \"projectId\": \"8e673687-e7e4-42e8-b23e-8e3685c6518e\"\n    }\n  },\n  \"owner\": \"tdpdesignsandmores-team\",\n  \"sdkVersion\": \"57.0.0\",\n  \"platforms\": [\n    \"ios\",\n    \"android\",\n    \"web\"\n  ]\n}","time":"2026-09-14T19:53:52.884Z","v":0,"logId":"01a0a17b-aff4-7033-903d-1b858541f92e"}
{"name":"worker","pid":221,"phase":"READ_APP_CONFIG","buildId":"8edd809d-40dd-4406-8e8f-7f9cc2f047d4","level":30,"marker":"END_PHASE","result":"success","durationMs":385,"msg":"End phase: READ_APP_CONFIG","time":"2026-09-14T19:53:52.885Z","v":0,"logId":"01a0a17b-aff5-7be4-bbd3-bf9f7320ccde"}
{"name":"worker","pid":221,"phase":"RUN_EXPO_DOCTOR","buildId":"8edd809d-40dd-4406-8e8f-7f9cc2f047d4","level":30,"marker":"START_PHASE","msg":"Start phase: RUN_EXPO_DOCTOR","time":"2026-09-14T19:53:52.885Z","v":0,"logId":"01a0a17b-aff5-7be4-bbd3-bfa0237039b1"}
{"name":"worker","pid":221,"phase":"RUN_EXPO_DOCTOR","buildId":"8edd809d-40dd-4406-8e8f-7f9cc2f047d4","level":30,"msg":"Running \"expo doctor\"","time":"2026-09-14T19:53:52.886Z","v":0,"logId":"01a0a17b-aff6-7770-b017-ee12cd933cbb"}
{"name":"worker","pid":221,"phase":"RUN_EXPO_DOCTOR","buildId":"8edd809d-40dd-4406-8e8f-7f9cc2f047d4","source":"stdout","level":30,"msg":"Running 21 checks on your project...","time":"2026-09-14T19:53:54.561Z","v":0,"logId":"01a0a17b-b682-7774-a067-088609779bd8"}
{"name":"worker","pid":221,"phase":"RUN_EXPO_DOCTOR","buildId":"8edd809d-40dd-4406-8e8f-7f9cc2f047d4","source":"stdout","level":30,"msg":"21/21 checks passed. No issues detected!","time":"2026-09-14T19:53:57.022Z","v":0,"logId":"01a0a17b-c01e-73fe-8c1d-a0abfcc24870"}
{"name":"worker","pid":221,"phase":"RUN_EXPO_DOCTOR","buildId":"8edd809d-40dd-4406-8e8f-7f9cc2f047d4","level":30,"marker":"END_PHASE","result":"success","durationMs":4166,"msg":"End phase: RUN_EXPO_DOCTOR","time":"2026-09-14T19:53:57.052Z","v":0,"logId":"01a0a17b-c03c-7790-b116-a3d8ec34594c"}
{"name":"worker","pid":221,"phase":"PREBUILD","buildId":"8edd809d-40dd-4406-8e8f-7f9cc2f047d4","level":30,"marker":"START_PHASE","msg":"Start phase: PREBUILD","time":"2026-09-14T19:53:57.052Z","v":0,"logId":"01a0a17b-c03c-7790-b116-a3d9d866f378"}
{"name":"worker","pid":221,"phase":"PREBUILD","buildId":"8edd809d-40dd-4406-8e8f-7f9cc2f047d4","source":"stdout","level":30,"msg":"- Creating native directory (./android)","time":"2026-09-14T19:53:57.588Z","v":0,"logId":"01a0a17b-c254-7fc9-95d5-241746cc6f11"}
{"name":"worker","pid":221,"phase":"PREBUILD","buildId":"8edd809d-40dd-4406-8e8f-7f9cc2f047d4","source":"stdout","level":30,"msg":"✔ Created native directory","time":"2026-09-14T19:53:57.930Z","v":0,"logId":"01a0a17b-c3aa-732f-a299-78c75e8dcfb7"}
{"name":"worker","pid":221,"phase":"PREBUILD","buildId":"8edd809d-40dd-4406-8e8f-7f9cc2f047d4","source":"stdout","level":30,"msg":"- Updating package.json","time":"2026-09-14T19:53:57.931Z","v":0,"logId":"01a0a17b-c3ab-74c5-84a3-94ddac56ef8a"}
{"name":"worker","pid":221,"phase":"PREBUILD","buildId":"8edd809d-40dd-4406-8e8f-7f9cc2f047d4","source":"stdout","level":30,"msg":"✔ Updated package.json","time":"2026-09-14T19:53:57.945Z","v":0,"logId":"01a0a17b-c3b9-7593-bb78-7a3bbcaff0e8"}
{"name":"worker","pid":221,"phase":"PREBUILD","buildId":"8edd809d-40dd-4406-8e8f-7f9cc2f047d4","source":"stdout","level":30,"msg":"- Running prebuild","time":"2026-09-14T19:53:57.946Z","v":0,"logId":"01a0a17b-c3ba-7ba7-9150-b686ede0f8e0"}
{"name":"worker","pid":221,"phase":"PREBUILD","buildId":"8edd809d-40dd-4406-8e8f-7f9cc2f047d4","source":"stdout","level":30,"msg":"✔ Finished prebuild","time":"2026-09-14T19:53:59.532Z","v":0,"logId":"01a0a17b-c9ec-7e17-a550-1508d68033e0"}
{"name":"worker","pid":221,"phase":"PREBUILD","buildId":"8edd809d-40dd-4406-8e8f-7f9cc2f047d4","level":30,"msg":"Running \"npm install --include=dev\" in /home/expo/workingdir/build directory","time":"2026-09-14T19:53:59.581Z","v":0,"logId":"01a0a17b-ca1d-74d5-96dd-f5ec9107da74"}
{"name":"worker","pid":221,"phase":"PREBUILD","buildId":"8edd809d-40dd-4406-8e8f-7f9cc2f047d4","source":"stdout","level":30,"msg":"up to date, audited 842 packages in 1s","time":"2026-09-14T19:54:00.897Z","v":0,"logId":"01a0a17b-cf41-722d-a18f-4c54793fc3a1"}
{"name":"worker","pid":221,"phase":"PREBUILD","buildId":"8edd809d-40dd-4406-8e8f-7f9cc2f047d4","source":"stdout","level":30,"msg":"165 packages are looking for funding","time":"2026-09-14T19:54:00.898Z","v":0,"logId":"01a0a17b-cf42-7819-8b6f-a10fde0372c7"}
{"name":"worker","pid":221,"phase":"PREBUILD","buildId":"8edd809d-40dd-4406-8e8f-7f9cc2f047d4","source":"stdout","level":30,"msg":"  run `npm fund` for details","time":"2026-09-14T19:54:00.898Z","v":0,"logId":"01a0a17b-cf42-7819-8b6f-a1104afdd794"}
{"name":"worker","pid":221,"phase":"PREBUILD","buildId":"8edd809d-40dd-4406-8e8f-7f9cc2f047d4","source":"stdout","level":30,"msg":"15 moderate severity vulnerabilities","time":"2026-09-14T19:54:00.946Z","v":0,"logId":"01a0a17b-cf72-73b7-86d8-a52edb10154a"}
{"name":"worker","pid":221,"phase":"PREBUILD","buildId":"8edd809d-40dd-4406-8e8f-7f9cc2f047d4","source":"stdout","level":30,"msg":"","time":"2026-09-14T19:54:00.946Z","v":0,"logId":"01a0a17b-cf72-73b7-86d8-a52fbbe099ed"}
{"name":"worker","pid":221,"phase":"PREBUILD","buildId":"8edd809d-40dd-4406-8e8f-7f9cc2f047d4","source":"stdout","level":30,"msg":"To address issues that do not require attention, run:","time":"2026-09-14T19:54:00.946Z","v":0,"logId":"01a0a17b-cf72-73b7-86d8-a53096338d9f"}
{"name":"worker","pid":221,"phase":"PREBUILD","buildId":"8edd809d-40dd-4406-8e8f-7f9cc2f047d4","source":"stdout","level":30,"msg":"  npm audit fix","time":"2026-09-14T19:54:00.946Z","v":0,"logId":"01a0a17b-cf72-73b7-86d8-a531b61e76f0"}
{"name":"worker","pid":221,"phase":"PREBUILD","buildId":"8edd809d-40dd-4406-8e8f-7f9cc2f047d4","source":"stdout","level":30,"msg":"","time":"2026-09-14T19:54:00.946Z","v":0,"logId":"01a0a17b-cf72-73b7-86d8-a5324b149115"}
{"name":"worker","pid":221,"phase":"PREBUILD","buildId":"8edd809d-40dd-4406-8e8f-7f9cc2f047d4","source":"stdout","level":30,"msg":"To address all issues (including breaking changes), run:","time":"2026-09-14T19:54:00.946Z","v":0,"logId":"01a0a17b-cf72-73b7-86d8-a53317b7c4af"}
{"name":"worker","pid":221,"phase":"PREBUILD","buildId":"8edd809d-40dd-4406-8e8f-7f9cc2f047d4","source":"stdout","level":30,"msg":"  npm audit fix --force","time":"2026-09-14T19:54:00.946Z","v":0,"logId":"01a0a17b-cf72-73b7-86d8-a53459d968d4"}
{"name":"worker","pid":221,"phase":"PREBUILD","buildId":"8edd809d-40dd-4406-8e8f-7f9cc2f047d4","source":"stdout","level":30,"msg":"","time":"2026-09-14T19:54:00.946Z","v":0,"logId":"01a0a17b-cf72-73b7-86d8-a535739d8436"}
{"name":"worker","pid":221,"phase":"PREBUILD","buildId":"8edd809d-40dd-4406-8e8f-7f9cc2f047d4","source":"stdout","level":30,"msg":"Run `npm audit` for details.","time":"2026-09-14T19:54:00.946Z","v":0,"logId":"01a0a17b-cf72-73b7-86d8-a536c4040ea8"}
{"name":"worker","pid":221,"phase":"PREBUILD","buildId":"8edd809d-40dd-4406-8e8f-7f9cc2f047d4","level":30,"marker":"END_PHASE","result":"success","durationMs":3910,"msg":"End phase: PREBUILD","time":"2026-09-14T19:54:00.962Z","v":0,"logId":"01a0a17b-cf82-74bf-a83d-106d0b27e516"}
{"name":"worker","pid":221,"phase":"RESTORE_CACHE","buildId":"8edd809d-40dd-4406-8e8f-7f9cc2f047d4","level":30,"marker":"START_PHASE","msg":"Start phase: RESTORE_CACHE","time":"2026-09-14T19:54:00.963Z","v":0,"logId":"01a0a17b-cf83-7f72-a6fa-0b7a4c3088f2"}
{"name":"worker","pid":221,"phase":"RESTORE_CACHE","buildId":"8edd809d-40dd-4406-8e8f-7f9cc2f047d4","level":30,"msg":"Restoring cache key: android-ccache-d79bc1306a197d64e3168098c966bc64e2915feabea834c49f0c99cf081ad028","time":"2026-09-14T19:54:01.026Z","v":0,"logId":"01a0a17b-cfc3-7b86-91a1-d8330bee1d32"}
{"name":"worker","pid":221,"phase":"RESTORE_CACHE","buildId":"8edd809d-40dd-4406-8e8f-7f9cc2f047d4","level":30,"msg":"Matched cache key: android-ccache-9b6d6b104ce22bb0bd970d5ead80a4813d46f0591f25a89f8dffabffcc9548d6. Downloading...","time":"2026-09-14T19:54:01.223Z","v":0,"logId":"01a0a17b-d087-702d-bc24-17f6cc014ffd"}
{"name":"worker","pid":221,"phase":"RESTORE_CACHE","buildId":"8edd809d-40dd-4406-8e8f-7f9cc2f047d4","level":30,"msg":"Cache restored successfully (prefix match)","time":"2026-09-14T19:54:03.246Z","v":0,"logId":"01a0a17b-d86e-7624-b1c5-17fc12eaf05f"}
{"name":"worker","pid":221,"phase":"RESTORE_CACHE","buildId":"8edd809d-40dd-4406-8e8f-7f9cc2f047d4","level":30,"marker":"END_PHASE","result":"success","durationMs":2284,"msg":"End phase: RESTORE_CACHE","time":"2026-09-14T19:54:03.249Z","v":0,"logId":"01a0a17b-d871-74e9-a0f7-180de25f9d66"}
{"name":"worker","pid":221,"phase":"POST_INSTALL_HOOK","buildId":"8edd809d-40dd-4406-8e8f-7f9cc2f047d4","level":30,"marker":"START_PHASE","msg":"Start phase: POST_INSTALL_HOOK","time":"2026-09-14T19:54:03.249Z","v":0,"logId":"01a0a17b-d871-74e9-a0f7-180eb3a921c5"}
{"name":"worker","pid":221,"phase":"POST_INSTALL_HOOK","buildId":"8edd809d-40dd-4406-8e8f-7f9cc2f047d4","level":30,"marker":"END_PHASE","result":"success","durationMs":0,"msg":"End phase: POST_INSTALL_HOOK","time":"2026-09-14T19:54:03.250Z","v":0,"logId":"01a0a17b-d872-7a91-bfd8-d5d7877445b6"}
{"name":"worker","pid":221,"phase":"CALCULATE_EXPO_UPDATES_RUNTIME_VERSION","buildId":"8edd809d-40dd-4406-8e8f-7f9cc2f047d4","level":30,"marker":"START_PHASE","msg":"Start phase: CALCULATE_EXPO_UPDATES_RUNTIME_VERSION","time":"2026-09-14T19:54:03.250Z","v":0,"logId":"01a0a17b-d872-7a91-bfd8-d5d8bcca173f"}
{"name":"worker","pid":221,"phase":"CALCULATE_EXPO_UPDATES_RUNTIME_VERSION","buildId":"8edd809d-40dd-4406-8e8f-7f9cc2f047d4","level":30,"marker":"END_PHASE","result":"success","durationMs":0,"msg":"End phase: CALCULATE_EXPO_UPDATES_RUNTIME_VERSION","time":"2026-09-14T19:54:03.252Z","v":0,"logId":"01a0a17b-d874-77ca-8023-99627e05dd3c"}
{"name":"worker","pid":221,"phase":"PREPARE_CREDENTIALS","buildId":"8edd809d-40dd-4406-8e8f-7f9cc2f047d4","level":30,"marker":"START_PHASE","msg":"Start phase: PREPARE_CREDENTIALS","time":"2026-09-14T19:54:03.252Z","v":0,"logId":"01a0a17b-d874-77ca-8023-99632f342dcc"}
{"name":"worker","pid":221,"phase":"PREPARE_CREDENTIALS","buildId":"8edd809d-40dd-4406-8e8f-7f9cc2f047d4","level":30,"msg":"Writing secrets to the project's directory","time":"2026-09-14T19:54:03.252Z","v":0,"logId":"01a0a17b-d874-77ca-8023-99643e20999c"}
{"name":"worker","pid":221,"phase":"PREPARE_CREDENTIALS","buildId":"8edd809d-40dd-4406-8e8f-7f9cc2f047d4","level":30,"msg":"Injecting signing config into build.gradle","time":"2026-09-14T19:54:03.253Z","v":0,"logId":"01a0a17b-d875-7698-90b6-3754efa782d5"}
{"name":"worker","pid":221,"phase":"PREPARE_CREDENTIALS","buildId":"8edd809d-40dd-4406-8e8f-7f9cc2f047d4","level":30,"msg":"Signing config injected","time":"2026-09-14T19:54:03.256Z","v":0,"logId":"01a0a17b-d878-7bdb-b005-a3025c7f7c85"}
{"name":"worker","pid":221,"phase":"PREPARE_CREDENTIALS","buildId":"8edd809d-40dd-4406-8e8f-7f9cc2f047d4","level":30,"marker":"END_PHASE","result":"success","durationMs":4,"msg":"End phase: PREPARE_CREDENTIALS","time":"2026-09-14T19:54:03.257Z","v":0,"logId":"01a0a17b-d879-765b-90ab-bd1885370eb0"}
{"name":"worker","pid":221,"phase":"CONFIGURE_ANDROID_VERSION","buildId":"8edd809d-40dd-4406-8e8f-7f9cc2f047d4","level":30,"marker":"START_PHASE","msg":"Start phase: CONFIGURE_ANDROID_VERSION","time":"2026-09-14T19:54:03.257Z","v":0,"logId":"01a0a17b-d879-765b-90ab-bd195b577ca1"}
{"name":"worker","pid":221,"phase":"CONFIGURE_ANDROID_VERSION","buildId":"8edd809d-40dd-4406-8e8f-7f9cc2f047d4","level":30,"msg":"Injecting version config into build.gradle","time":"2026-09-14T19:54:03.257Z","v":0,"logId":"01a0a17b-d879-765b-90ab-bd1af5c269bf"}
{"name":"worker","pid":221,"phase":"CONFIGURE_ANDROID_VERSION","buildId":"8edd809d-40dd-4406-8e8f-7f9cc2f047d4","level":30,"msg":"Version code: 1","time":"2026-09-14T19:54:03.257Z","v":0,"logId":"01a0a17b-d879-765b-90ab-bd1b9cfff5ee"}
{"name":"worker","pid":221,"phase":"CONFIGURE_ANDROID_VERSION","buildId":"8edd809d-40dd-4406-8e8f-7f9cc2f047d4","level":30,"msg":"Version config injected","time":"2026-09-14T19:54:03.259Z","v":0,"logId":"01a0a17b-d87b-776d-8ba7-1349bca4b008"}
{"name":"worker","pid":221,"phase":"CONFIGURE_ANDROID_VERSION","buildId":"8edd809d-40dd-4406-8e8f-7f9cc2f047d4","level":30,"marker":"END_PHASE","result":"success","durationMs":2,"msg":"End phase: CONFIGURE_ANDROID_VERSION","time":"2026-09-14T19:54:03.260Z","v":0,"logId":"01a0a17b-d87c-7cf8-96a2-d2fda3c107a9"}
{"name":"worker","pid":221,"phase":"CONFIGURE_EXPO_UPDATES","buildId":"8edd809d-40dd-4406-8e8f-7f9cc2f047d4","level":30,"marker":"START_PHASE","msg":"Start phase: CONFIGURE_EXPO_UPDATES","time":"2026-09-14T19:54:03.260Z","v":0,"logId":"01a0a17b-d87c-7cf8-96a2-d2fe90562550"}
{"name":"worker","pid":221,"phase":"CONFIGURE_EXPO_UPDATES","buildId":"8edd809d-40dd-4406-8e8f-7f9cc2f047d4","level":30,"marker":"END_PHASE","result":"success","durationMs":0,"msg":"End phase: CONFIGURE_EXPO_UPDATES","time":"2026-09-14T19:54:03.261Z","v":0,"logId":"01a0a17b-d87d-7092-a713-73fed7f4a035"}
{"name":"worker","pid":221,"phase":"RUN_GRADLEW","buildId":"8edd809d-40dd-4406-8e8f-7f9cc2f047d4","level":30,"marker":"START_PHASE","msg":"Start phase: RUN_GRADLEW","time":"2026-09-14T19:54:03.261Z","v":0,"logId":"01a0a17b-d87d-7092-a713-73ff8bf778d7"}
{"name":"worker","pid":221,"phase":"RUN_GRADLEW","buildId":"8edd809d-40dd-4406-8e8f-7f9cc2f047d4","level":30,"msg":"Running 'gradlew :app:assembleDebug' in /home/expo/workingdir/build/android","time":"2026-09-14T19:54:03.261Z","v":0,"logId":"01a0a17b-d87d-7092-a713-74009a4471c5"}
{"name":"worker","pid":221,"phase":"RUN_GRADLEW","buildId":"8edd809d-40dd-4406-8e8f-7f9cc2f047d4","source":"stdout","level":30,"msg":"Welcome to Gradle 9.3.1!","time":"2026-09-14T19:54:04.241Z","v":0,"logId":"01a0a17b-dc51-70db-a048-b8dc2afacf2a"}
{"name":"worker","pid":221,"phase":"RUN_GRADLEW","buildId":"8edd809d-40dd-4406-8e8f-7f9cc2f047d4","source":"stdout","level":30,"msg":"Here are the highlights of this release:","time":"2026-09-14T19:54:04.241Z","v":0,"logId":"01a0a17b-dc52-7836-9b44-bd0b559b24e0"}
{"name":"worker","pid":221,"phase":"RUN_GRADLEW","buildId":"8edd809d-40dd-4406-8e8f-7f9cc2f047d4","source":"stdout","level":30,"msg":"- Test reporting improvements","time":"2026-09-14T19:54:04.242Z","v":0,"logId":"01a0a17b-dc52-7836-9b44-bd0c8c50976d"}
{"name":"worker","pid":221,"phase":"RUN_GRADLEW","buildId":"8edd809d-40dd-4406-8e8f-7f9cc2f047d4","source":"stdout","level":30,"msg":" - Error and warning improvements","time":"2026-09-14T19:54:04.242Z","v":0,"logId":"01a0a17b-dc52-7836-9b44-bd0d12bcb08d"}
{"name":"worker","pid":221,"phase":"RUN_GRADLEW","buildId":"8edd809d-40dd-4406-8e8f-7f9cc2f047d4","source":"stdout","level":30,"msg":" - Build authoring improvements","time":"2026-09-14T19:54:04.242Z","v":0,"logId":"01a0a17b-dc52-7836-9b44-bd0eae88b08a"}
{"name":"worker","pid":221,"phase":"RUN_GRADLEW","buildId":"8edd809d-40dd-4406-8e8f-7f9cc2f047d4","source":"stdout","level":30,"msg":"For more details see https://docs.gradle.org/9.3.1/release-notes.html","time":"2026-09-14T19:54:04.242Z","v":0,"logId":"01a0a17b-dc52-7836-9b44-bd0f129d48ad"}
{"name":"worker","pid":221,"phase":"RUN_GRADLEW","buildId":"8edd809d-40dd-4406-8e8f-7f9cc2f047d4","source":"stdout","level":30,"msg":"To honour the JVM settings for this build a single-use Daemon process will be forked. For more on this, please refer to https://docs.gradle.org/9.3.1/userguide/gradle_daemon.html#sec:disabling_the_daemon in the Gradle documentation.","time":"2026-09-14T19:54:04.339Z","v":0,"logId":"01a0a17b-dcb3-716b-955e-e4b6d0c6203d"}
{"name":"worker","pid":221,"phase":"RUN_GRADLEW","buildId":"8edd809d-40dd-4406-8e8f-7f9cc2f047d4","source":"stdout","level":30,"msg":"Daemon will be stopped at the end of the build","time":"2026-09-14T19:54:05.639Z","v":0,"logId":"01a0a17b-e1c7-71b2-9ad6-07fa9be2e16c"}
{"name":"worker","pid":221,"phase":"RUN_GRADLEW","buildId":"8edd809d-40dd-4406-8e8f-7f9cc2f047d4","source":"stdout","level":30,"msg":"> Task :gradle-plugin:shared:checkKotlinGradlePluginConfigurationErrors SKIPPED","time":"2026-09-14T19:54:58.143Z","v":0,"logId":"01a0a17c-aedf-7433-89f8-876f9239aced"}
{"name":"worker","pid":221,"phase":"RUN_GRADLEW","buildId":"8edd809d-40dd-4406-8e8f-7f9cc2f047d4","source":"stdout","level":30,"msg":"> Task :expo-gradle-plugin:expo-autolinking-settings-plugin:checkKotlinGradlePluginConfigurationErrors SKIPPED","time":"2026-09-14T19:54:58.146Z","v":0,"logId":"01a0a17c-aee2-76ea-8430-8756ccfc288f"}
{"name":"worker","pid":221,"phase":"RUN_GRADLEW","buildId":"8edd809d-40dd-4406-8e8f-7f9cc2f047d4","source":"stdout","level":30,"msg":"> Task :gradle-plugin:settings-plugin:checkKotlinGradlePluginConfigurationErrors SKIPPED","time":"2026-09-14T19:54:58.149Z","v":0,"logId":"01a0a17c-aee5-7353-8ef5-a2f4e8491631"}
{"name":"worker","pid":221,"phase":"RUN_GRADLEW","buildId":"8edd809d-40dd-4406-8e8f-7f9cc2f047d4","source":"stdout","level":30,"msg":"> Task :expo-gradle-plugin:expo-autolinking-plugin-shared:checkKotlinGradlePluginConfigurationErrors SKIPPED","time":"2026-09-14T19:54:58.149Z","v":0,"logId":"01a0a17c-aee5-7353-8ef5-a2f503c47336"}
{"name":"worker","pid":221,"phase":"RUN_GRADLEW","buildId":"8edd809d-40dd-4406-8e8f-7f9cc2f047d4","source":"stdout","level":30,"msg":"> Task :gradle-plugin:settings-plugin:pluginDescriptors","time":"2026-09-14T19:54:58.243Z","v":0,"logId":"01a0a17c-af43-731c-b9f6-267021a21d5e"}
{"name":"worker","pid":221,"phase":"RUN_GRADLEW","buildId":"8edd809d-40dd-4406-8e8f-7f9cc2f047d4","source":"stdout","level":30,"msg":"> Task :expo-gradle-plugin:expo-autolinking-settings-plugin:pluginDescriptors","time":"2026-09-14T19:54:58.243Z","v":0,"logId":"01a0a17c-af43-731c-b9f6-267198c77b26"}
{"name":"worker","pid":221,"phase":"RUN_GRADLEW","buildId":"8edd809d-40dd-4406-8e8f-7f9cc2f047d4","source":"stdout","level":30,"msg":"> Task :gradle-plugin:settings-plugin:processResources","time":"2026-09-14T19:54:58.243Z","v":0,"logId":"01a0a17c-af43-731c-b9f6-267260b3d3d8"}
{"name":"worker","pid":221,"phase":"RUN_GRADLEW","buildId":"8edd809d-40dd-4406-8e8f-7f9cc2f047d4","source":"stdout","level":30,"msg":"> Task :expo-gradle-plugin:expo-autolinking-settings-plugin:processResources","time":"2026-09-14T19:54:58.243Z","v":0,"logId":"01a0a17c-af43-731c-b9f6-26739b3e29c3"}
{"name":"worker","pid":221,"phase":"RUN_GRADLEW","buildId":"8edd809d-40dd-4406-8e8f-7f9cc2f047d4","source":"stdout","level":30,"msg":"> Task :gradle-plugin:shared:processResources NO-SOURCE","time":"2026-09-14T19:55:02.842Z","v":0,"logId":"01a0a17c-c13a-7468-806b-9e24d88f60ee"}
{"name":"worker","pid":221,"phase":"RUN_GRADLEW","buildId":"8edd809d-40dd-4406-8e8f-7f9cc2f047d4","source":"stdout","level":30,"msg":"> Task :expo-gradle-plugin:expo-autolinking-plugin-shared:processResources NO-SOURCE","time":"2026-09-14T19:55:03.139Z","v":0,"logId":"01a0a17c-c263-7389-b9bd-7674b9fda0c0"}
{"name":"worker","pid":221,"phase":"RUN_GRADLEW","buildId":"8edd809d-40dd-4406-8e8f-7f9cc2f047d4","source":"stdout","level":30,"msg":"> Task :gradle-plugin:shared:compileKotlin","time":"2026-09-14T19:55:09.141Z","v":0,"logId":"01a0a17c-d9d5-760f-88e8-62b4a1bb3fd5"}
{"name":"worker","pid":221,"phase":"RUN_GRADLEW","buildId":"8edd809d-40dd-4406-8e8f-7f9cc2f047d4","source":"stdout","level":30,"msg":"> Task :gradle-plugin:shared:compileJava NO-SOURCE","time":"2026-09-14T19:55:09.143Z","v":0,"logId":"01a0a17c-d9d7-75ff-b25a-c027b15b58f3"}
{"name":"worker","pid":221,"phase":"RUN_GRADLEW","buildId":"8edd809d-40dd-4406-8e8f-7f9cc2f047d4","source":"stdout","level":30,"msg":"> Task :gradle-plugin:shared:classes UP-TO-DATE","time":"2026-09-14T19:55:09.145Z","v":0,"logId":"01a0a17c-d9d9-7f7e-9001-d94e92c5b5dc"}
{"name":"worker","pid":221,"phase":"RUN_GRADLEW","buildId":"8edd809d-40dd-4406-8e8f-7f9cc2f047d4","source":"stdout","level":30,"msg":"> Task :gradle-plugin:shared:jar","time":"2026-09-14T19:55:09.149Z","v":0,"logId":"01a0a17c-d9dd-79bc-bb36-aa103ae151c3"}
{"name":"worker","pid":221,"phase":"RUN_GRADLEW","buildId":"8edd809d-40dd-4406-8e8f-7f9cc2f047d4","source":"stdout","level":30,"msg":"> Task :expo-gradle-plugin:expo-autolinking-plugin-shared:compileKotlin","time":"2026-09-14T19:55:09.739Z","v":0,"logId":"01a0a17c-dc2b-7200-83ae-1a1a0aac20d9"}
{"name":"worker","pid":221,"phase":"RUN_GRADLEW","buildId":"8edd809d-40dd-4406-8e8f-7f9cc2f047d4","source":"stdout","level":30,"msg":"> Task :expo-gradle-plugin:expo-autolinking-plugin-shared:compileJava NO-SOURCE","time":"2026-09-14T19:55:09.740Z","v":0,"logId":"01a0a17c-dc2c-7713-9164-0b72e04950b7"}
{"name":"worker","pid":221,"phase":"RUN_GRADLEW","buildId":"8edd809d-40dd-4406-8e8f-7f9cc2f047d4","source":"stdout","level":30,"msg":"> Task :expo-gradle-plugin:expo-autolinking-plugin-shared:classes UP-TO-DATE","time":"2026-09-14T19:55:09.740Z","v":0,"logId":"01a0a17c-dc2c-7713-9164-0b73e18a1c91"}
{"name":"worker","pid":221,"phase":"RUN_GRADLEW","buildId":"8edd809d-40dd-4406-8e8f-7f9cc2f047d4","source":"stdout","level":30,"msg":"> Task :expo-gradle-plugin:expo-autolinking-plugin-shared:jar","time":"2026-09-14T19:55:09.839Z","v":0,"logId":"01a0a17c-dc8f-7ab7-873c-65f9d77ddce4"}
{"name":"worker","pid":221,"phase":"RUN_GRADLEW","buildId":"8edd809d-40dd-4406-8e8f-7f9cc2f047d4","source":"stdout","level":30,"msg":"> Task :gradle-plugin:settings-plugin:compileKotlin","time":"2026-09-14T19:55:18.239Z","v":0,"logId":"01a0a17c-fd5f-71db-ab56-697f435e98e1"}
{"name":"worker","pid":221,"phase":"RUN_GRADLEW","buildId":"8edd809d-40dd-4406-8e8f-7f9cc2f047d4","source":"stdout","level":30,"msg":"> Task :gradle-plugin:settings-plugin:compileJava NO-SOURCE","time":"2026-09-14T19:55:18.241Z","v":0,"logId":"01a0a17c-fd63-7560-af68-350224947c61"}
{"name":"worker","pid":221,"phase":"RUN_GRADLEW","buildId":"8edd809d-40dd-4406-8e8f-7f9cc2f047d4","source":"stdout","level":30,"msg":"> Task :gradle-plugin:settings-plugin:classes","time":"2026-09-14T19:55:18.243Z","v":0,"logId":"01a0a17c-fd63-7560-af68-350330d2b903"}
{"name":"worker","pid":221,"phase":"RUN_GRADLEW","buildId":"8edd809d-40dd-4406-8e8f-7f9cc2f047d4","source":"stdout","level":30,"msg":"> Task :gradle-plugin:settings-plugin:jar","time":"2026-09-14T19:55:18.243Z","v":0,"logId":"01a0a17c-fd63-7560-af68-3504d07abfae"}
{"name":"worker","pid":221,"phase":"RUN_GRADLEW","buildId":"8edd809d-40dd-4406-8e8f-7f9cc2f047d4","source":"stdout","level":30,"msg":"> Task :expo-gradle-plugin:expo-autolinking-settings-plugin:compileKotlin","time":"2026-09-14T19:55:19.539Z","v":0,"logId":"01a0a17d-0275-704e-859a-0e88db94639e"}
{"name":"worker","pid":221,"phase":"RUN_GRADLEW","buildId":"8edd809d-40dd-4406-8e8f-7f9cc2f047d4","source":"stdout","level":30,"msg":"> Task :expo-gradle-plugin:expo-autolinking-settings-plugin:compileJava NO-SOURCE","time":"2026-09-14T19:55:19.542Z","v":0,"logId":"01a0a17d-0276-794d-b256-fe2807cba728"}
{"name":"worker","pid":221,"phase":"RUN_GRADLEW","buildId":"8edd809d-40dd-4406-8e8f-7f9cc2f047d4","source":"stdout","level":30,"msg":"> Task :expo-gradle-plugin:expo-autolinking-settings-plugin:classes","time":"2026-09-14T19:55:19.542Z","v":0,"logId":"01a0a17d-0277-7438-8f17-e74e35c97067"}
{"name":"worker","pid":221,"phase":"RUN_GRADLEW","buildId":"8edd809d-40dd-4406-8e8f-7f9cc2f047d4","source":"stdout","level":30,"msg":"> Task :expo-gradle-plugin:expo-autolinking-settings-plugin:jar","time":"2026-09-14T19:55:19.543Z","v":0,"logId":"01a0a17d-0277-7438-8f17-e74fd799b155"}
{"name":"worker","pid":221,"phase":"RUN_GRADLEW","buildId":"8edd809d-40dd-4406-8e8f-7f9cc2f047d4","source":"stdout","level":30,"msg":"> Task :expo-gradle-plugin:expo-max-sdk-override-plugin:checkKotlinGradlePluginConfigurationErrors SKIPPED","time":"2026-09-14T19:55:24.439Z","v":0,"logId":"01a0a17d-1597-7d56-913c-907189878f74"}
{"name":"worker","pid":221,"phase":"RUN_GRADLEW","buildId":"8edd809d-40dd-4406-8e8f-7f9cc2f047d4","source":"stdout","level":30,"msg":"> Task :expo-dev-launcher-gradle-plugin:checkKotlinGradlePluginConfigurationErrors SKIPPED","time":"2026-09-14T19:55:24.440Z","v":0,"logId":"01a0a17d-1598-747a-96e6-78e22933fa1f"}
{"name":"worker","pid":221,"phase":"RUN_GRADLEW","buildId":"8edd809d-40dd-4406-8e8f-7f9cc2f047d4","source":"stdout","level":30,"msg":"> Task :expo-gradle-plugin:expo-autolinking-plugin:checkKotlinGradlePluginConfigurationErrors SKIPPED","time":"2026-09-14T19:55:24.440Z","v":0,"logId":"01a0a17d-1598-747a-96e6-78e308599f0d"}
{"name":"worker","pid":221,"phase":"RUN_GRADLEW","buildId":"8edd809d-40dd-4406-8e8f-7f9cc2f047d4","source":"stdout","level":30,"msg":"> Task :gradle-plugin:react-native-gradle-plugin:checkKotlinGradlePluginConfigurationErrors SKIPPED","time":"2026-09-14T19:55:24.440Z","v":0,"logId":"01a0a17d-1599-77da-887e-bbbb9bcfbf09"}
{"name":"worker","pid":221,"phase":"RUN_GRADLEW","buildId":"8edd809d-40dd-4406-8e8f-7f9cc2f047d4","source":"stdout","level":30,"msg":"> Task :expo-dev-launcher-gradle-plugin:pluginDescriptors","time":"2026-09-14T19:55:24.441Z","v":0,"logId":"01a0a17d-1599-77da-887e-bbbca49fd705"}
{"name":"worker","pid":221,"phase":"RUN_GRADLEW","buildId":"8edd809d-40dd-4406-8e8f-7f9cc2f047d4","source":"stdout","level":30,"msg":"> Task :expo-dev-launcher-gradle-plugin:processResources","time":"2026-09-14T19:55:24.441Z","v":0,"logId":"01a0a17d-1599-77da-887e-bbbdbeeee11e"}
{"name":"worker","pid":221,"phase":"RUN_GRADLEW","buildId":"8edd809d-40dd-4406-8e8f-7f9cc2f047d4","source":"stdout","level":30,"msg":"> Task :expo-module-gradle-plugin:checkKotlinGradlePluginConfigurationErrors SKIPPED","time":"2026-09-14T19:55:24.441Z","v":0,"logId":"01a0a17d-1599-77da-887e-bbbe967dea3f"}
{"name":"worker","pid":221,"phase":"RUN_GRADLEW","buildId":"8edd809d-40dd-4406-8e8f-7f9cc2f047d4","source":"stdout","level":30,"msg":"> Task :expo-module-gradle-plugin:pluginDescriptors","time":"2026-09-14T19:55:24.441Z","v":0,"logId":"01a0a17d-1599-77da-887e-bbbf14b2a920"}
{"name":"worker","pid":221,"phase":"RUN_GRADLEW","buildId":"8edd809d-40dd-4406-8e8f-7f9cc2f047d4","source":"stdout","level":30,"msg":"> Task :expo-module-gradle-plugin:processResources","time":"2026-09-14T19:55:24.441Z","v":0,"logId":"01a0a17d-1599-77da-887e-bbc02adc2d2a"}
{"name":"worker","pid":221,"phase":"RUN_GRADLEW","buildId":"8edd809d-40dd-4406-8e8f-7f9cc2f047d4","source":"stdout","level":30,"msg":"> Task :expo-gradle-plugin:expo-max-sdk-override-plugin:pluginDescriptors","time":"2026-09-14T19:55:24.442Z","v":0,"logId":"01a0a17d-159a-7c4e-8ef7-dea4cd94133c"}
{"name":"worker","pid":221,"phase":"RUN_GRADLEW","buildId":"8edd809d-40dd-4406-8e8f-7f9cc2f047d4","source":"stdout","level":30,"msg":"> Task :expo-gradle-plugin:expo-max-sdk-override-plugin:processResources","time":"2026-09-14T19:55:24.442Z","v":0,"logId":"01a0a17d-159a-7c4e-8ef7-dea5335a5c48"}
{"name":"worker","pid":221,"phase":"RUN_GRADLEW","buildId":"8edd809d-40dd-4406-8e8f-7f9cc2f047d4","source":"stdout","level":30,"msg":"> Task :expo-gradle-plugin:expo-autolinking-plugin:pluginDescriptors","time":"2026-09-14T19:55:24.545Z","v":0,"logId":"01a0a17d-1601-7e38-ad1a-a1cee0c1e8e3"}
{"name":"worker","pid":221,"phase":"RUN_GRADLEW","buildId":"8edd809d-40dd-4406-8e8f-7f9cc2f047d4","source":"stdout","level":30,"msg":"> Task :expo-gradle-plugin:expo-autolinking-plugin:processResources","time":"2026-09-14T19:55:24.546Z","v":0,"logId":"01a0a17d-1605-7d46-aaf8-7d5584cff8b1"}
{"name":"worker","pid":221,"phase":"RUN_GRADLEW","buildId":"8edd809d-40dd-4406-8e8f-7f9cc2f047d4","source":"stdout","level":30,"msg":"> Task :expo-gradle-plugin:expo-max-sdk-override-plugin:compileKotlin","time":"2026-09-14T19:55:28.141Z","v":0,"logId":"01a0a17d-240d-79f7-aa3c-6e3e1d9fb750"}
{"name":"worker","pid":221,"phase":"RUN_GRADLEW","buildId":"8edd809d-40dd-4406-8e8f-7f9cc2f047d4","source":"stdout","level":30,"msg":"> Task :expo-gradle-plugin:expo-max-sdk-override-plugin:compileJava NO-SOURCE","time":"2026-09-14T19:55:28.142Z","v":0,"logId":"01a0a17d-240e-7990-b47f-a719ed1a3484"}
{"name":"worker","pid":221,"phase":"RUN_GRADLEW","buildId":"8edd809d-40dd-4406-8e8f-7f9cc2f047d4","source":"stdout","level":30,"msg":"> Task :expo-gradle-plugin:expo-max-sdk-override-plugin:classes","time":"2026-09-14T19:55:28.142Z","v":0,"logId":"01a0a17d-240e-7990-b47f-a71afacc7d9c"}
{"name":"worker","pid":221,"phase":"RUN_GRADLEW","buildId":"8edd809d-40dd-4406-8e8f-7f9cc2f047d4","source":"stdout","level":30,"msg":"> Task :expo-gradle-plugin:expo-max-sdk-override-plugin:jar","time":"2026-09-14T19:55:28.142Z","v":0,"logId":"01a0a17d-2411-7e45-b9e2-daf11822eab7"}
{"name":"worker","pid":221,"phase":"RUN_GRADLEW","buildId":"8edd809d-40dd-4406-8e8f-7f9cc2f047d4","source":"stdout","level":30,"msg":"> Task :expo-gradle-plugin:expo-autolinking-plugin:compileKotlin","time":"2026-09-14T19:55:28.340Z","v":0,"logId":"01a0a17d-24d4-702a-883a-a5d940846621"}
{"name":"worker","pid":221,"phase":"RUN_GRADLEW","buildId":"8edd809d-40dd-4406-8e8f-7f9cc2f047d4","source":"stdout","level":30,"msg":"> Task :expo-gradle-plugin:expo-autolinking-plugin:compileJava NO-SOURCE","time":"2026-09-14T19:55:28.341Z","v":0,"logId":"01a0a17d-24d7-7b7c-b0cb-655a01a54406"}
{"name":"worker","pid":221,"phase":"RUN_GRADLEW","buildId":"8edd809d-40dd-4406-8e8f-7f9cc2f047d4","source":"stdout","level":30,"msg":"> Task :expo-gradle-plugin:expo-autolinking-plugin:classes","time":"2026-09-14T19:55:28.440Z","v":0,"logId":"01a0a17d-2538-79d2-8eee-4fd935ba9773"}
{"name":"worker","pid":221,"phase":"RUN_GRADLEW","buildId":"8edd809d-40dd-4406-8e8f-7f9cc2f047d4","source":"stdout","level":30,"msg":"> Task :expo-gradle-plugin:expo-autolinking-plugin:jar","time":"2026-09-14T19:55:28.440Z","v":0,"logId":"01a0a17d-253b-7da9-aaef-d58117df7210"}
{"name":"worker","pid":221,"phase":"RUN_GRADLEW","buildId":"8edd809d-40dd-4406-8e8f-7f9cc2f047d4","source":"stdout","level":30,"msg":"> Task :gradle-plugin:react-native-gradle-plugin:pluginDescriptors","time":"2026-09-14T19:55:28.739Z","v":0,"logId":"01a0a17d-2663-754e-995d-724ad8e9a57c"}
{"name":"worker","pid":221,"phase":"RUN_GRADLEW","buildId":"8edd809d-40dd-4406-8e8f-7f9cc2f047d4","source":"stdout","level":30,"msg":"> Task :gradle-plugin:react-native-gradle-plugin:processResources","time":"2026-09-14T19:55:28.740Z","v":0,"logId":"01a0a17d-2664-7917-b3b1-aa4f90c4f026"}
{"name":"worker","pid":221,"phase":"RUN_GRADLEW","buildId":"8edd809d-40dd-4406-8e8f-7f9cc2f047d4","source":"stdout","level":30,"msg":"> Task :gradle-plugin:react-native-gradle-plugin:compileKotlin","time":"2026-09-14T19:55:33.339Z","v":0,"logId":"01a0a17d-385b-70c0-ab4d-4c4578def5e5"}
{"name":"worker","pid":221,"phase":"RUN_GRADLEW","buildId":"8edd809d-40dd-4406-8e8f-7f9cc2f047d4","source":"stdout","level":30,"msg":"> Task :gradle-plugin:react-native-gradle-plugin:compileJava NO-SOURCE","time":"2026-09-14T19:55:33.340Z","v":0,"logId":"01a0a17d-385e-7db5-b641-8eeefe3ac985"}
{"name":"worker","pid":221,"phase":"RUN_GRADLEW","buildId":"8edd809d-40dd-4406-8e8f-7f9cc2f047d4","source":"stdout","level":30,"msg":"> Task :gradle-plugin:react-native-gradle-plugin:classes","time":"2026-09-14T19:55:33.342Z","v":0,"logId":"01a0a17d-385e-7db5-b641-8eef2590fbf4"}
{"name":"worker","pid":221,"phase":"RUN_GRADLEW","buildId":"8edd809d-40dd-4406-8e8f-7f9cc2f047d4","source":"stdout","level":30,"msg":"> Task :gradle-plugin:react-native-gradle-plugin:jar","time":"2026-09-14T19:55:33.342Z","v":0,"logId":"01a0a17d-385e-7db5-b641-8ef04fb19b81"}
{"name":"worker","pid":221,"phase":"RUN_GRADLEW","buildId":"8edd809d-40dd-4406-8e8f-7f9cc2f047d4","source":"stdout","level":30,"msg":"> Task :expo-dev-launcher-gradle-plugin:compileKotlin","time":"2026-09-14T19:55:34.339Z","v":0,"logId":"01a0a17d-3c43-76dc-866b-d40cec91e69c"}
{"name":"worker","pid":221,"phase":"RUN_GRADLEW","buildId":"8edd809d-40dd-4406-8e8f-7f9cc2f047d4","source":"stdout","level":30,"msg":"> Task :expo-dev-launcher-gradle-plugin:compileJava NO-SOURCE","time":"2026-09-14T19:55:34.340Z","v":0,"logId":"01a0a17d-3c44-7ef6-8e53-84e9991a8955"}
{"name":"worker","pid":221,"phase":"RUN_GRADLEW","buildId":"8edd809d-40dd-4406-8e8f-7f9cc2f047d4","source":"stdout","level":30,"msg":"> Task :expo-dev-launcher-gradle-plugin:classes","time":"2026-09-14T19:55:34.341Z","v":0,"logId":"01a0a17d-3c45-7b7f-b86c-41abeb878fe4"}
{"name":"worker","pid":221,"phase":"RUN_GRADLEW","buildId":"8edd809d-40dd-4406-8e8f-7f9cc2f047d4","source":"stdout","level":30,"msg":"> Task :expo-dev-launcher-gradle-plugin:jar","time":"2026-09-14T19:55:34.341Z","v":0,"logId":"01a0a17d-3c45-7b7f-b86c-41ac1398313a"}
{"name":"worker","pid":221,"phase":"RUN_GRADLEW","buildId":"8edd809d-40dd-4406-8e8f-7f9cc2f047d4","source":"stdout","level":30,"msg":"> Task :expo-module-gradle-plugin:compileKotlin","time":"2026-09-14T19:55:35.240Z","v":0,"logId":"01a0a17d-3fc8-7ced-bda1-b1f11be8af31"}
{"name":"worker","pid":221,"phase":"RUN_GRADLEW","buildId":"8edd809d-40dd-4406-8e8f-7f9cc2f047d4","source":"stdout","level":30,"msg":"w: file:///home/expo/workingdir/build/node_modules/expo-modules-core/expo-module-gradle-plugin/src/main/kotlin/expo/modules/plugin/android/AndroidLibraryExtension.kt:9:24 'var targetSdk: Int?' is deprecated. Will be removed from library DSL in v9.0. Use testOptions.targetSdk or/and lint.targetSdk instead.","time":"2026-09-14T19:55:35.245Z","v":0,"logId":"01a0a17d-3fcd-7a04-8c8f-fefb429d9df0"}
{"name":"worker","pid":221,"phase":"RUN_GRADLEW","buildId":"8edd809d-40dd-4406-8e8f-7f9cc2f047d4","source":"stdout","level":30,"msg":"> Task :expo-module-gradle-plugin:compileJava NO-SOURCE","time":"2026-09-14T19:55:35.245Z","v":0,"logId":"01a0a17d-3fcd-7a04-8c8f-fefc6525633b"}
{"name":"worker","pid":221,"phase":"RUN_GRADLEW","buildId":"8edd809d-40dd-4406-8e8f-7f9cc2f047d4","source":"stdout","level":30,"msg":"> Task :expo-module-gradle-plugin:classes","time":"2026-09-14T19:55:35.245Z","v":0,"logId":"01a0a17d-3fcd-7a04-8c8f-fefd213978c5"}
{"name":"worker","pid":221,"phase":"RUN_GRADLEW","buildId":"8edd809d-40dd-4406-8e8f-7f9cc2f047d4","source":"stdout","level":30,"msg":"> Task :expo-module-gradle-plugin:jar","time":"2026-09-14T19:55:35.245Z","v":0,"logId":"01a0a17d-3fcd-7a04-8c8f-fefeaf2c3dff"}
{"name":"worker","pid":221,"phase":"RUN_GRADLEW","buildId":"8edd809d-40dd-4406-8e8f-7f9cc2f047d4","source":"stdout","level":30,"msg":"> Configure project :","time":"2026-09-14T19:55:42.339Z","v":0,"logId":"01a0a17d-5b84-7d66-a9e2-4c41b049196d"}
{"name":"worker","pid":221,"phase":"RUN_GRADLEW","buildId":"8edd809d-40dd-4406-8e8f-7f9cc2f047d4","source":"stdout","level":30,"msg":"\u001b[32m[ExpoRootProject]\u001b[0m Using the following versions:","time":"2026-09-14T19:55:42.341Z","v":0,"logId":"01a0a17d-5b86-75b7-8c0f-330ee831281e"}
{"name":"worker","pid":221,"phase":"RUN_GRADLEW","buildId":"8edd809d-40dd-4406-8e8f-7f9cc2f047d4","source":"stdout","level":30,"msg":"  - buildTools:  \u001b[32m36.0.0\u001b[0m","time":"2026-09-14T19:55:42.342Z","v":0,"logId":"01a0a17d-5b87-7f55-b02c-f5565400dd74"}
{"name":"worker","pid":221,"phase":"RUN_GRADLEW","buildId":"8edd809d-40dd-4406-8e8f-7f9cc2f047d4","source":"stdout","level":30,"msg":"  - minSdk:      \u001b[32m24\u001b[0m","time":"2026-09-14T19:55:42.343Z","v":0,"logId":"01a0a17d-5b87-7f55-b02c-f557465362ae"}
{"name":"worker","pid":221,"phase":"RUN_GRADLEW","buildId":"8edd809d-40dd-4406-8e8f-7f9cc2f047d4","source":"stdout","level":30,"msg":"  - compileSdk:  \u001b[32m36\u001b[0m","time":"2026-09-14T19:55:42.343Z","v":0,"logId":"01a0a17d-5b87-7f55-b02c-f558b7b0ef1e"}
{"name":"worker","pid":221,"phase":"RUN_GRADLEW","buildId":"8edd809d-40dd-4406-8e8f-7f9cc2f047d4","source":"stdout","level":30,"msg":"  - targetSdk:   \u001b[32m36\u001b[0m","time":"2026-09-14T19:55:42.343Z","v":0,"logId":"01a0a17d-5b87-7f55-b02c-f55986930f6d"}
{"name":"worker","pid":221,"phase":"RUN_GRADLEW","buildId":"8edd809d-40dd-4406-8e8f-7f9cc2f047d4","source":"stdout","level":30,"msg":"  - ndk:         \u001b[32m27.1.12297006\u001b[0m","time":"2026-09-14T19:55:42.343Z","v":0,"logId":"01a0a17d-5b87-7f55-b02c-f55a11c5224b"}
{"name":"worker","pid":221,"phase":"RUN_GRADLEW","buildId":"8edd809d-40dd-4406-8e8f-7f9cc2f047d4","source":"stdout","level":30,"msg":"  - kotlin:      \u001b[32m2.1.20\u001b[0m","time":"2026-09-14T19:55:42.343Z","v":0,"logId":"01a0a17d-5b87-7f55-b02c-f55ba477d679"}
{"name":"worker","pid":221,"phase":"RUN_GRADLEW","buildId":"8edd809d-40dd-4406-8e8f-7f9cc2f047d4","source":"stdout","level":30,"msg":"  - ksp:         \u001b[32m2.1.20-2.0.1\u001b[0m","time":"2026-09-14T19:55:42.343Z","v":0,"logId":"01a0a17d-5b87-7f55-b02c-f55c632b6d3c"}
{"name":"worker","pid":221,"phase":"RUN_GRADLEW","buildId":"8edd809d-40dd-4406-8e8f-7f9cc2f047d4","source":"stdout","level":30,"msg":"> Configure project :app","time":"2026-09-14T19:55:46.139Z","v":0,"logId":"01a0a17d-6a5c-7300-abb0-930d44635796"}
{"name":"worker","pid":221,"phase":"RUN_GRADLEW","buildId":"8edd809d-40dd-4406-8e8f-7f9cc2f047d4","source":"stdout","level":30,"msg":"ℹ️  \u001b[33mApplying gradle plugin\u001b[0m '\u001b[32mexpo-max-sdk-override-plugin\u001b[0m'","time":"2026-09-14T19:55:46.145Z","v":0,"logId":"01a0a17d-6a61-75d4-a494-e0be793abb6f"}
{"name":"worker","pid":221,"phase":"RUN_GRADLEW","buildId":"8edd809d-40dd-4406-8e8f-7f9cc2f047d4","source":"stdout","level":30,"msg":"  [expo-max-sdk-override-plugin] This plugin will find all permissions declared with `android:maxSdkVersion`. If there exists a declaration with the `android:maxSdkVersion` annotation and another one without, the plugin will remove the annotation from the final merged manifest. In order to see a log with the changes run a clean build of the app.","time":"2026-09-14T19:55:46.146Z","v":0,"logId":"01a0a17d-6a62-7202-ac94-3c0c40507857"}
{"name":"worker","pid":221,"phase":"RUN_GRADLEW","buildId":"8edd809d-40dd-4406-8e8f-7f9cc2f047d4","source":"stdout","level":30,"msg":" ℹ️  \u001b[33mApplying gradle plugin\u001b[0m '\u001b[32mexpo-dev-launcher-gradle-plugin\u001b[0m'","time":"2026-09-14T19:55:46.146Z","v":0,"logId":"01a0a17d-6a62-7202-ac94-3c0ddf4d5dcd"}
{"name":"worker","pid":221,"phase":"RUN_GRADLEW","buildId":"8edd809d-40dd-4406-8e8f-7f9cc2f047d4","source":"stdout","level":30,"msg":"> Configure project :expo","time":"2026-09-14T19:55:48.140Z","v":0,"logId":"01a0a17d-722e-7c41-b762-6c492590495b"}
{"name":"worker","pid":221,"phase":"RUN_GRADLEW","buildId":"8edd809d-40dd-4406-8e8f-7f9cc2f047d4","source":"stdout","level":30,"msg":"Using expo modules","time":"2026-09-14T19:55:48.143Z","v":0,"logId":"01a0a17d-722f-7458-b6d6-199f4f01d68b"}
{"name":"worker","pid":221,"phase":"RUN_GRADLEW","buildId":"8edd809d-40dd-4406-8e8f-7f9cc2f047d4","source":"stdout","level":30,"msg":"  - \u001b[32mexpo-log-box\u001b[0m (57.0.4)","time":"2026-09-14T19:55:48.143Z","v":0,"logId":"01a0a17d-722f-7458-b6d6-19a000eea0d1"}
{"name":"worker","pid":221,"phase":"RUN_GRADLEW","buildId":"8edd809d-40dd-4406-8e8f-7f9cc2f047d4","source":"stdout","level":30,"msg":"  - \u001b[32mexpo-constants\u001b[0m (57.0.18)","time":"2026-09-14T19:55:48.144Z","v":0,"logId":"01a0a17d-7230-7147-9b5d-29bfb2829a9e"}
{"name":"worker","pid":221,"phase":"RUN_GRADLEW","buildId":"8edd809d-40dd-4406-8e8f-7f9cc2f047d4","source":"stdout","level":30,"msg":"  - \u001b[32mexpo-dev-client\u001b[0m (57.0.19)","time":"2026-09-14T19:55:48.144Z","v":0,"logId":"01a0a17d-7230-7147-9b5d-29c0dd411458"}
{"name":"worker","pid":221,"phase":"RUN_GRADLEW","buildId":"8edd809d-40dd-4406-8e8f-7f9cc2f047d4","source":"stdout","level":30,"msg":"- \u001b[32mexpo-dev-launcher\u001b[0m (57.0.20)","time":"2026-09-14T19:55:48.439Z","v":0,"logId":"01a0a17d-7358-7e15-a2c6-99d27bd60780"}
{"name":"worker","pid":221,"phase":"RUN_GRADLEW","buildId":"8edd809d-40dd-4406-8e8f-7f9cc2f047d4","source":"stdout","level":30,"msg":"- \u001b[32mexpo-dev-menu\u001b[0m (57.0.18)","time":"2026-09-14T19:55:48.841Z","v":0,"logId":"01a0a17d-74e9-7395-b5db-8fe95d903b6f"}
{"name":"worker","pid":221,"phase":"RUN_GRADLEW","buildId":"8edd809d-40dd-4406-8e8f-7f9cc2f047d4","source":"stdout","level":30,"msg":"- \u001b[32mexpo-dev-menu-interface\u001b[0m (57.0.0)","time":"2026-09-14T19:55:48.940Z","v":0,"logId":"01a0a17d-754c-75c1-ac27-2fb623651aea"}
{"name":"worker","pid":221,"phase":"RUN_GRADLEW","buildId":"8edd809d-40dd-4406-8e8f-7f9cc2f047d4","source":"stdout","level":30,"msg":"- \u001b[32mexpo-json-utils\u001b[0m (57.0.2)","time":"2026-09-14T19:55:49.039Z","v":0,"logId":"01a0a17d-75af-7f4f-b310-99c2c2b7d45f"}
{"name":"worker","pid":221,"phase":"RUN_GRADLEW","buildId":"8edd809d-40dd-4406-8e8f-7f9cc2f047d4","source":"stdout","level":30,"msg":"- \u001b[32mexpo-manifests\u001b[0m (57.0.2)","time":"2026-09-14T19:55:49.139Z","v":0,"logId":"01a0a17d-7613-78ee-993b-bfce742156ac"}
{"name":"worker","pid":221,"phase":"RUN_GRADLEW","buildId":"8edd809d-40dd-4406-8e8f-7f9cc2f047d4","source":"stdout","level":30,"msg":"> Configure project :expo-modules-core","time":"2026-09-14T19:55:57.740Z","v":0,"logId":"01a0a17d-97ac-7cdf-b472-bca51ea1d527"}
{"name":"worker","pid":221,"phase":"RUN_GRADLEW","buildId":"8edd809d-40dd-4406-8e8f-7f9cc2f047d4","source":"stdout","level":30,"msg":"Linking react-native-worklets native libs into expo-modules-core build tasks","time":"2026-09-14T19:55:57.742Z","v":0,"logId":"01a0a17d-97af-7fd9-91c8-e33da351892d"}
{"name":"worker","pid":221,"phase":"RUN_GRADLEW","buildId":"8edd809d-40dd-4406-8e8f-7f9cc2f047d4","source":"stdout","level":30,"msg":"task ':react-native-worklets:mergeDebugNativeLibs'","time":"2026-09-14T19:55:57.743Z","v":0,"logId":"01a0a17d-97af-7fd9-91c8-e33e643799f4"}
{"name":"worker","pid":221,"phase":"RUN_GRADLEW","buildId":"8edd809d-40dd-4406-8e8f-7f9cc2f047d4","source":"stdout","level":30,"msg":"task ':react-native-worklets:mergeReleaseNativeLibs'","time":"2026-09-14T19:55:57.743Z","v":0,"logId":"01a0a17d-97af-7fd9-91c8-e33f8b305991"}
{"name":"worker","pid":221,"phase":"RUN_GRADLEW","buildId":"8edd809d-40dd-4406-8e8f-7f9cc2f047d4","source":"stdout","level":30,"msg":"> Configure project :expo","time":"2026-09-14T19:55:57.743Z","v":0,"logId":"01a0a17d-97af-7fd9-91c8-e3403c68254e"}
{"name":"worker","pid":221,"phase":"RUN_GRADLEW","buildId":"8edd809d-40dd-4406-8e8f-7f9cc2f047d4","source":"stdout","level":30,"msg":"  - \u001b[32mexpo-modules-core\u001b[0m (57.0.18)","time":"2026-09-14T19:55:57.743Z","v":0,"logId":"01a0a17d-97af-7fd9-91c8-e341c656315d"}
{"name":"worker","pid":221,"phase":"RUN_GRADLEW","buildId":"8edd809d-40dd-4406-8e8f-7f9cc2f047d4","source":"stdout","level":30,"msg":"- \u001b[32mexpo-updates-interface\u001b[0m (57.0.2)","time":"2026-09-14T19:55:57.839Z","v":0,"logId":"01a0a17d-9810-7602-a4a9-aacb58ad1e60"}
{"name":"worker","pid":221,"phase":"RUN_GRADLEW","buildId":"8edd809d-40dd-4406-8e8f-7f9cc2f047d4","source":"stdout","level":30,"msg":"- \u001b[33m[📦]\u001b[0m \u001b[32mexpo-dom-webview\u001b[0m (57.0.1)","time":"2026-09-14T19:55:57.840Z","v":0,"logId":"01a0a17d-9810-7602-a4a9-aacc6afb5b34"}
{"name":"worker","pid":221,"phase":"RUN_GRADLEW","buildId":"8edd809d-40dd-4406-8e8f-7f9cc2f047d4","source":"stdout","level":30,"msg":"  - \u001b[33m[📦]\u001b[0m \u001b[32mexpo-ui\u001b[0m (57.0.18)","time":"2026-09-14T19:55:57.840Z","v":0,"logId":"01a0a17d-9811-7903-8336-49f65d2bbbca"}
{"name":"worker","pid":221,"phase":"RUN_GRADLEW","buildId":"8edd809d-40dd-4406-8e8f-7f9cc2f047d4","source":"stdout","level":30,"msg":"  - \u001b[33m[📦]\u001b[0m \u001b[32mexpo-asset\u001b[0m (57.0.17)","time":"2026-09-14T19:55:57.841Z","v":0,"logId":"01a0a17d-9811-7903-8336-49f7d727bd40"}
{"name":"worker","pid":221,"phase":"RUN_GRADLEW","buildId":"8edd809d-40dd-4406-8e8f-7f9cc2f047d4","source":"stdout","level":30,"msg":"  - \u001b[33m[📦]\u001b[0m \u001b[32mexpo-device\u001b[0m (57.0.2)","time":"2026-09-14T19:55:57.841Z","v":0,"logId":"01a0a17d-9811-7903-8336-49f8c26dc3a7"}
{"name":"worker","pid":221,"phase":"RUN_GRADLEW","buildId":"8edd809d-40dd-4406-8e8f-7f9cc2f047d4","source":"stdout","level":30,"msg":"  - \u001b[33m[📦]\u001b[0m \u001b[32mexpo-file-system\u001b[0m (57.0.7)","time":"2026-09-14T19:55:57.841Z","v":0,"logId":"01a0a17d-9811-7903-8336-49f912cac171"}
{"name":"worker","pid":221,"phase":"RUN_GRADLEW","buildId":"8edd809d-40dd-4406-8e8f-7f9cc2f047d4","source":"stdout","level":30,"msg":"  - \u001b[33m[📦]\u001b[0m \u001b[32mexpo-font\u001b[0m (57.0.4)","time":"2026-09-14T19:55:57.841Z","v":0,"logId":"01a0a17d-9811-7903-8336-49fa8e7fa124"}
{"name":"worker","pid":221,"phase":"RUN_GRADLEW","buildId":"8edd809d-40dd-4406-8e8f-7f9cc2f047d4","source":"stdout","level":30,"msg":"  - \u001b[33m[📦]\u001b[0m \u001b[32mexpo-image\u001b[0m (57.0.5)","time":"2026-09-14T19:55:57.841Z","v":0,"logId":"01a0a17d-9811-7903-8336-49fb329ee504"}
{"name":"worker","pid":221,"phase":"RUN_GRADLEW","buildId":"8edd809d-40dd-4406-8e8f-7f9cc2f047d4","source":"stdout","level":30,"msg":"  - \u001b[33m[📦]\u001b[0m \u001b[32mexpo-keep-awake\u001b[0m (57.0.2)","time":"2026-09-14T19:55:57.841Z","v":0,"logId":"01a0a17d-9811-7903-8336-49fca4da054d"}
{"name":"worker","pid":221,"phase":"RUN_GRADLEW","buildId":"8edd809d-40dd-4406-8e8f-7f9cc2f047d4","source":"stdout","level":30,"msg":"  - \u001b[33m[📦]\u001b[0m \u001b[32mexpo-linking\u001b[0m (57.0.10)","time":"2026-09-14T19:55:57.842Z","v":0,"logId":"01a0a17d-9812-7eb9-9492-7cafc2a8b437"}
{"name":"worker","pid":221,"phase":"RUN_GRADLEW","buildId":"8edd809d-40dd-4406-8e8f-7f9cc2f047d4","source":"stdout","level":30,"msg":"  - \u001b[33m[📦]\u001b[0m \u001b[32mexpo-router\u001b[0m (57.0.21)","time":"2026-09-14T19:55:57.842Z","v":0,"logId":"01a0a17d-9812-7eb9-9492-7cb020fb61ea"}
{"name":"worker","pid":221,"phase":"RUN_GRADLEW","buildId":"8edd809d-40dd-4406-8e8f-7f9cc2f047d4","source":"stdout","level":30,"msg":"  - \u001b[33m[📦]\u001b[0m \u001b[32mexpo-sharing\u001b[0m (57.0.19)","time":"2026-09-14T19:55:57.842Z","v":0,"logId":"01a0a17d-9812-7eb9-9492-7cb173a60a7e"}
{"name":"worker","pid":221,"phase":"RUN_GRADLEW","buildId":"8edd809d-40dd-4406-8e8f-7f9cc2f047d4","source":"stdout","level":30,"msg":"  - \u001b[33m[📦]\u001b[0m \u001b[32mexpo-splash-screen\u001b[0m (57.0.9)","time":"2026-09-14T19:55:57.842Z","v":0,"logId":"01a0a17d-9812-7eb9-9492-7cb24c044b90"}
{"name":"worker","pid":221,"phase":"RUN_GRADLEW","buildId":"8edd809d-40dd-4406-8e8f-7f9cc2f047d4","source":"stdout","level":30,"msg":"  - \u001b[33m[📦]\u001b[0m \u001b[32mexpo-status-bar\u001b[0m (57.0.1)","time":"2026-09-14T19:55:57.842Z","v":0,"logId":"01a0a17d-9812-7eb9-9492-7cb39b55a3c2"}
{"name":"worker","pid":221,"phase":"RUN_GRADLEW","buildId":"8edd809d-40dd-4406-8e8f-7f9cc2f047d4","source":"stdout","level":30,"msg":"  - \u001b[33m[📦]\u001b[0m \u001b[32mexpo-system-ui\u001b[0m (57.0.4)","time":"2026-09-14T19:55:57.842Z","v":0,"logId":"01a0a17d-9812-7eb9-9492-7cb44cb30c8d"}
{"name":"worker","pid":221,"phase":"RUN_GRADLEW","buildId":"8edd809d-40dd-4406-8e8f-7f9cc2f047d4","source":"stdout","level":30,"msg":"  - \u001b[33m[📦]\u001b[0m \u001b[32mexpo-web-browser\u001b[0m (57.0.3)","time":"2026-09-14T19:55:57.842Z","v":0,"logId":"01a0a17d-9812-7eb9-9492-7cb59a123c7f"}
{"name":"worker","pid":221,"phase":"RUN_GRADLEW","buildId":"8edd809d-40dd-4406-8e8f-7f9cc2f047d4","source":"stdout","level":30,"msg":"> Task :expo-dev-client:preBuild UP-TO-DATE","time":"2026-09-14T19:56:25.239Z","v":0,"logId":"01a0a17e-0317-7ef6-9445-5c7f51d696c7"}
{"name":"worker","pid":221,"phase":"RUN_GRADLEW","buildId":"8edd809d-40dd-4406-8e8f-7f9cc2f047d4","source":"stdout","level":30,"msg":"> Task :expo-dev-launcher:preBuild UP-TO-DATE","time":"2026-09-14T19:56:25.242Z","v":0,"logId":"01a0a17e-031a-7d60-a129-78cd20d61c28"}
{"name":"worker","pid":221,"phase":"RUN_GRADLEW","buildId":"8edd809d-40dd-4406-8e8f-7f9cc2f047d4","source":"stdout","level":30,"msg":"> Task :expo-dev-menu:preBuild UP-TO-DATE","time":"2026-09-14T19:56:25.242Z","v":0,"logId":"01a0a17e-031a-7d60-a129-78ce24722b66"}
{"name":"worker","pid":221,"phase":"RUN_GRADLEW","buildId":"8edd809d-40dd-4406-8e8f-7f9cc2f047d4","source":"stdout","level":30,"msg":"> Task :expo-dev-menu-interface:preBuild UP-TO-DATE","time":"2026-09-14T19:56:25.242Z","v":0,"logId":"01a0a17e-031a-7d60-a129-78cfd3a39ee8"}
{"name":"worker","pid":221,"phase":"RUN_GRADLEW","buildId":"8edd809d-40dd-4406-8e8f-7f9cc2f047d4","source":"stdout","level":30,"msg":"> Task :expo-json-utils:preBuild UP-TO-DATE","time":"2026-09-14T19:56:25.242Z","v":0,"logId":"01a0a17e-031a-7d60-a129-78d02b2923a0"}
{"name":"worker","pid":221,"phase":"RUN_GRADLEW","buildId":"8edd809d-40dd-4406-8e8f-7f9cc2f047d4","source":"stdout","level":30,"msg":"> Task :expo-log-box:preBuild UP-TO-DATE","time":"2026-09-14T19:56:25.242Z","v":0,"logId":"01a0a17e-031a-7d60-a129-78d1e791298e"}
{"name":"worker","pid":221,"phase":"RUN_GRADLEW","buildId":"8edd809d-40dd-4406-8e8f-7f9cc2f047d4","source":"stdout","level":30,"msg":"> Task :expo:generatePackagesList","time":"2026-09-14T19:56:25.242Z","v":0,"logId":"01a0a17e-031a-7d60-a129-78d2a1688168"}
{"name":"worker","pid":221,"phase":"RUN_GRADLEW","buildId":"8edd809d-40dd-4406-8e8f-7f9cc2f047d4","source":"stdout","level":30,"msg":"> Task :expo:preBuild","time":"2026-09-14T19:56:25.242Z","v":0,"logId":"01a0a17e-031a-7d60-a129-78d3c782607a"}
{"name":"worker","pid":221,"phase":"RUN_GRADLEW","buildId":"8edd809d-40dd-4406-8e8f-7f9cc2f047d4","source":"stdout","level":30,"msg":"> Task :expo-manifests:preBuild UP-TO-DATE","time":"2026-09-14T19:56:25.242Z","v":0,"logId":"01a0a17e-031a-7d60-a129-78d4a7c2df18"}
{"name":"worker","pid":221,"phase":"RUN_GRADLEW","buildId":"8edd809d-40dd-4406-8e8f-7f9cc2f047d4","source":"stdout","level":30,"msg":"> Task :expo-modules-core:preBuild UP-TO-DATE","time":"2026-09-14T19:56:25.242Z","v":0,"logId":"01a0a17e-031a-7d60-a129-78d5295e8c28"}
{"name":"worker","pid":221,"phase":"RUN_GRADLEW","buildId":"8edd809d-40dd-4406-8e8f-7f9cc2f047d4","source":"stdout","level":30,"msg":"> Task :expo-updates-interface:preBuild UP-TO-DATE","time":"2026-09-14T19:56:25.242Z","v":0,"logId":"01a0a17e-031a-7d60-a129-78d687751b89"}
{"name":"worker","pid":221,"phase":"RUN_GRADLEW","buildId":"8edd809d-40dd-4406-8e8f-7f9cc2f047d4","source":"stdout","level":30,"msg":"> Task :react-native-masked-view_masked-view:preBuild UP-TO-DATE","time":"2026-09-14T19:56:25.242Z","v":0,"logId":"01a0a17e-031a-7d60-a129-78d71d868c68"}
{"name":"worker","pid":221,"phase":"RUN_GRADLEW","buildId":"8edd809d-40dd-4406-8e8f-7f9cc2f047d4","source":"stdout","level":30,"msg":"> Task :react-native-reanimated:assertMinimalReactNativeVersionTask","time":"2026-09-14T19:56:25.339Z","v":0,"logId":"01a0a17e-037b-77e0-b094-5d7a6cd8d107"}
{"name":"worker","pid":221,"phase":"RUN_GRADLEW","buildId":"8edd809d-40dd-4406-8e8f-7f9cc2f047d4","source":"stdout","level":30,"msg":"> Task :react-native-reanimated:assertWorkletsVersionTask","time":"2026-09-14T19:56:25.539Z","v":0,"logId":"01a0a17e-0445-7bda-8558-a62dd116c155"}
{"name":"worker","pid":221,"phase":"RUN_GRADLEW","buildId":"8edd809d-40dd-4406-8e8f-7f9cc2f047d4","source":"stdout","level":30,"msg":"> Task :expo-constants:createExpoConfig","time":"2026-09-14T19:56:25.640Z","v":0,"logId":"01a0a17e-04a8-7075-a5f0-b7e87e3dfe93"}
{"name":"worker","pid":221,"phase":"RUN_GRADLEW","buildId":"8edd809d-40dd-4406-8e8f-7f9cc2f047d4","source":"stdout","level":30,"msg":"> Task :expo-constants:preBuild","time":"2026-09-14T19:56:25.641Z","v":0,"logId":"01a0a17e-04ac-71ae-ad9a-9f0f626086e8"}
{"name":"worker","pid":221,"phase":"RUN_GRADLEW","buildId":"8edd809d-40dd-4406-8e8f-7f9cc2f047d4","source":"stdout","level":30,"msg":"> Task :react-native-gesture-handler:generateCodegenSchemaFromJavaScript","time":"2026-09-14T19:56:25.644Z","v":0,"logId":"01a0a17e-04ac-71ae-ad9a-9f104c2dc0e6"}
{"name":"worker","pid":221,"phase":"RUN_GRADLEW","buildId":"8edd809d-40dd-4406-8e8f-7f9cc2f047d4","source":"stderr","level":30,"msg":"The NODE_ENV environment variable is required but was not specified. Ensure the project is bundled with Expo CLI or NODE_ENV is set. Using only .env.local and .env","time":"2026-09-14T19:56:25.644Z","v":0,"logId":"01a0a17e-04ac-71ae-ad9a-9f119bf471e0"}
{"name":"worker","pid":221,"phase":"RUN_GRADLEW","buildId":"8edd809d-40dd-4406-8e8f-7f9cc2f047d4","source":"stdout","level":30,"msg":"> Task :react-native-reanimated:generateCodegenSchemaFromJavaScript","time":"2026-09-14T19:56:25.741Z","v":0,"logId":"01a0a17e-050d-7c97-826e-a9b198ea1eed"}
{"name":"worker","pid":221,"phase":"RUN_GRADLEW","buildId":"8edd809d-40dd-4406-8e8f-7f9cc2f047d4","source":"stdout","level":30,"msg":"> Task :react-native-safe-area-context:generateCodegenSchemaFromJavaScript","time":"2026-09-14T19:56:25.939Z","v":0,"logId":"01a0a17e-05d3-734c-9c01-1a66c38522de"}
{"name":"worker","pid":221,"phase":"RUN_GRADLEW","buildId":"8edd809d-40dd-4406-8e8f-7f9cc2f047d4","source":"stdout","level":30,"msg":"> Task :react-native-gesture-handler:generateCodegenArtifactsFromSchema","time":"2026-09-14T19:56:25.939Z","v":0,"logId":"01a0a17e-05d5-7258-aa7d-000498917030"}
{"name":"worker","pid":221,"phase":"RUN_GRADLEW","buildId":"8edd809d-40dd-4406-8e8f-7f9cc2f047d4","source":"stdout","level":30,"msg":"> Task :react-native-gesture-handler:preBuild","time":"2026-09-14T19:56:25.941Z","v":0,"logId":"01a0a17e-05d5-7258-aa7d-000551d1a310"}
{"name":"worker","pid":221,"phase":"RUN_GRADLEW","buildId":"8edd809d-40dd-4406-8e8f-7f9cc2f047d4","source":"stdout","level":30,"msg":"> Task :react-native-reanimated:generateCodegenArtifactsFromSchema","time":"2026-09-14T19:56:26.040Z","v":0,"logId":"01a0a17e-063b-7209-9dcc-70eba9626c7a"}
{"name":"worker","pid":221,"phase":"RUN_GRADLEW","buildId":"8edd809d-40dd-4406-8e8f-7f9cc2f047d4","source":"stdout","level":30,"msg":"> Task :react-native-safe-area-context:generateCodegenArtifactsFromSchema","time":"2026-09-14T19:56:26.239Z","v":0,"logId":"01a0a17e-06ff-7db5-b01e-2cd68065057c"}
{"name":"worker","pid":221,"phase":"RUN_GRADLEW","buildId":"8edd809d-40dd-4406-8e8f-7f9cc2f047d4","source":"stdout","level":30,"msg":"> Task :react-native-safe-area-context:preBuild","time":"2026-09-14T19:56:26.242Z","v":0,"logId":"01a0a17e-0703-7b70-81c7-ab4063732880"}
{"name":"worker","pid":221,"phase":"RUN_GRADLEW","buildId":"8edd809d-40dd-4406-8e8f-7f9cc2f047d4","source":"stdout","level":30,"msg":"> Task :react-native-worklets:assertMinimalReactNativeVersionTask","time":"2026-09-14T19:56:26.243Z","v":0,"logId":"01a0a17e-0703-7b70-81c7-ab4160be06ee"}
{"name":"worker","pid":221,"phase":"RUN_GRADLEW","buildId":"8edd809d-40dd-4406-8e8f-7f9cc2f047d4","source":"stdout","level":30,"msg":"> Task :react-native-reanimated:prepareReanimatedHeadersForPrefabs","time":"2026-09-14T19:56:26.342Z","v":0,"logId":"01a0a17e-0766-72b7-a70b-dd5d5db7f0fc"}
{"name":"worker","pid":221,"phase":"RUN_GRADLEW","buildId":"8edd809d-40dd-4406-8e8f-7f9cc2f047d4","source":"stdout","level":30,"msg":"> Task :react-native-reanimated:preBuild","time":"2026-09-14T19:56:26.342Z","v":0,"logId":"01a0a17e-0767-726d-97c0-747f309cc865"}
{"name":"worker","pid":221,"phase":"RUN_GRADLEW","buildId":"8edd809d-40dd-4406-8e8f-7f9cc2f047d4","source":"stdout","level":30,"msg":"> Task :expo:preDebugBuild","time":"2026-09-14T19:56:26.343Z","v":0,"logId":"01a0a17e-0767-726d-97c0-74807b69c8e0"}
{"name":"worker","pid":221,"phase":"RUN_GRADLEW","buildId":"8edd809d-40dd-4406-8e8f-7f9cc2f047d4","source":"stdout","level":30,"msg":"> Task :react-native-screens:generateCodegenSchemaFromJavaScript","time":"2026-09-14T19:56:26.343Z","v":0,"logId":"01a0a17e-0767-726d-97c0-74817f628c10"}
{"name":"worker","pid":221,"phase":"RUN_GRADLEW","buildId":"8edd809d-40dd-4406-8e8f-7f9cc2f047d4","source":"stdout","level":30,"msg":"> Task :expo:writeDebugAarMetadata","time":"2026-09-14T19:56:26.444Z","v":0,"logId":"01a0a17e-07cc-718b-8b55-565189ba1099"}
{"name":"worker","pid":221,"phase":"RUN_GRADLEW","buildId":"8edd809d-40dd-4406-8e8f-7f9cc2f047d4","source":"stdout","level":30,"msg":"> Task :expo-constants:preDebugBuild","time":"2026-09-14T19:56:26.447Z","v":0,"logId":"01a0a17e-07cf-7331-810d-209eea79b2ce"}
{"name":"worker","pid":221,"phase":"RUN_GRADLEW","buildId":"8edd809d-40dd-4406-8e8f-7f9cc2f047d4","source":"stdout","level":30,"msg":"> Task :expo-constants:writeDebugAarMetadata","time":"2026-09-14T19:56:26.447Z","v":0,"logId":"01a0a17e-07cf-7331-810d-209f0f131761"}
{"name":"worker","pid":221,"phase":"RUN_GRADLEW","buildId":"8edd809d-40dd-4406-8e8f-7f9cc2f047d4","source":"stdout","level":30,"msg":"> Task :expo-dev-client:preDebugBuild UP-TO-DATE","time":"2026-09-14T19:56:26.447Z","v":0,"logId":"01a0a17e-07cf-7331-810d-20a018874f4f"}
{"name":"worker","pid":221,"phase":"RUN_GRADLEW","buildId":"8edd809d-40dd-4406-8e8f-7f9cc2f047d4","source":"stdout","level":30,"msg":"> Task :expo-dev-client:writeDebugAarMetadata","time":"2026-09-14T19:56:26.448Z","v":0,"logId":"01a0a17e-07d0-7f9d-ba28-9c4e92eb8775"}
{"name":"worker","pid":221,"phase":"RUN_GRADLEW","buildId":"8edd809d-40dd-4406-8e8f-7f9cc2f047d4","source":"stdout","level":30,"msg":"> Task :expo-dev-launcher:preDebugBuild UP-TO-DATE","time":"2026-09-14T19:56:26.448Z","v":0,"logId":"01a0a17e-07d0-7f9d-ba28-9c4ff6f64d5f"}
{"name":"worker","pid":221,"phase":"RUN_GRADLEW","buildId":"8edd809d-40dd-4406-8e8f-7f9cc2f047d4","source":"stdout","level":30,"msg":"> Task :expo-dev-launcher:writeDebugAarMetadata","time":"2026-09-14T19:56:26.448Z","v":0,"logId":"01a0a17e-07d0-7f9d-ba28-9c508e034bb7"}
{"name":"worker","pid":221,"phase":"RUN_GRADLEW","buildId":"8edd809d-40dd-4406-8e8f-7f9cc2f047d4","source":"stdout","level":30,"msg":"> Task :expo-dev-menu:preDebugBuild UP-TO-DATE","time":"2026-09-14T19:56:26.448Z","v":0,"logId":"01a0a17e-07d0-7f9d-ba28-9c51ad588dfa"}
{"name":"worker","pid":221,"phase":"RUN_GRADLEW","buildId":"8edd809d-40dd-4406-8e8f-7f9cc2f047d4","source":"stdout","level":30,"msg":"> Task :expo-dev-menu:writeDebugAarMetadata","time":"2026-09-14T19:56:26.448Z","v":0,"logId":"01a0a17e-07d0-7f9d-ba28-9c52b17d4184"}
{"name":"worker","pid":221,"phase":"RUN_GRADLEW","buildId":"8edd809d-40dd-4406-8e8f-7f9cc2f047d4","source":"stdout","level":30,"msg":"> Task :expo-dev-menu-interface:preDebugBuild UP-TO-DATE","time":"2026-09-14T19:56:26.448Z","v":0,"logId":"01a0a17e-07d0-7f9d-ba28-9c532aeb5cf1"}
{"name":"worker","pid":221,"phase":"RUN_GRADLEW","buildId":"8edd809d-40dd-4406-8e8f-7f9cc2f047d4","source":"stdout","level":30,"msg":"> Task :expo-dev-menu-interface:writeDebugAarMetadata","time":"2026-09-14T19:56:26.451Z","v":0,"logId":"01a0a17e-07d3-7011-a503-d36fd53a3f3d"}
{"name":"worker","pid":221,"phase":"RUN_GRADLEW","buildId":"8edd809d-40dd-4406-8e8f-7f9cc2f047d4","source":"stdout","level":30,"msg":"> Task :expo-json-utils:preDebugBuild UP-TO-DATE","time":"2026-09-14T19:56:26.451Z","v":0,"logId":"01a0a17e-07d3-7011-a503-d370f0466203"}
{"name":"worker","pid":221,"phase":"RUN_GRADLEW","buildId":"8edd809d-40dd-4406-8e8f-7f9cc2f047d4","source":"stdout","level":30,"msg":"> Task :expo-json-utils:writeDebugAarMetadata","time":"2026-09-14T19:56:26.451Z","v":0,"logId":"01a0a17e-07d3-7011-a503-d371dd191c16"}
{"name":"worker","pid":221,"phase":"RUN_GRADLEW","buildId":"8edd809d-40dd-4406-8e8f-7f9cc2f047d4","source":"stdout","level":30,"msg":"> Task :expo-log-box:preDebugBuild UP-TO-DATE","time":"2026-09-14T19:56:26.451Z","v":0,"logId":"01a0a17e-07d3-7011-a503-d372343235cc"}
{"name":"worker","pid":221,"phase":"RUN_GRADLEW","buildId":"8edd809d-40dd-4406-8e8f-7f9cc2f047d4","source":"stdout","level":30,"msg":"> Task :expo-log-box:writeDebugAarMetadata","time":"2026-09-14T19:56:26.451Z","v":0,"logId":"01a0a17e-07d3-7011-a503-d373dd03270b"}
{"name":"worker","pid":221,"phase":"RUN_GRADLEW","buildId":"8edd809d-40dd-4406-8e8f-7f9cc2f047d4","source":"stdout","level":30,"msg":"> Task :expo-manifests:preDebugBuild UP-TO-DATE","time":"2026-09-14T19:56:26.452Z","v":0,"logId":"01a0a17e-07d4-754d-ae97-3217924bdf78"}
{"name":"worker","pid":221,"phase":"RUN_GRADLEW","buildId":"8edd809d-40dd-4406-8e8f-7f9cc2f047d4","source":"stdout","level":30,"msg":"> Task :expo-manifests:writeDebugAarMetadata","time":"2026-09-14T19:56:26.452Z","v":0,"logId":"01a0a17e-07d4-754d-ae97-321818d8795d"}
{"name":"worker","pid":221,"phase":"RUN_GRADLEW","buildId":"8edd809d-40dd-4406-8e8f-7f9cc2f047d4","source":"stdout","level":30,"msg":"> Task :expo-modules-core:preDebugBuild UP-TO-DATE","time":"2026-09-14T19:56:26.540Z","v":0,"logId":"01a0a17e-082c-7df0-b6ca-d6931e01171d"}
{"name":"worker","pid":221,"phase":"RUN_GRADLEW","buildId":"8edd809d-40dd-4406-8e8f-7f9cc2f047d4","source":"stdout","level":30,"msg":"> Task :expo-modules-core:writeDebugAarMetadata","time":"2026-09-14T19:56:26.541Z","v":0,"logId":"01a0a17e-082d-7c31-983a-6bb07a5a05eb"}
{"name":"worker","pid":221,"phase":"RUN_GRADLEW","buildId":"8edd809d-40dd-4406-8e8f-7f9cc2f047d4","source":"stdout","level":30,"msg":"> Task :expo-updates-interface:preDebugBuild UP-TO-DATE","time":"2026-09-14T19:56:26.541Z","v":0,"logId":"01a0a17e-082d-7c31-983a-6bb1f1e3f2d7"}
{"name":"worker","pid":221,"phase":"RUN_GRADLEW","buildId":"8edd809d-40dd-4406-8e8f-7f9cc2f047d4","source":"stdout","level":30,"msg":"> Task :expo-updates-interface:writeDebugAarMetadata","time":"2026-09-14T19:56:26.541Z","v":0,"logId":"01a0a17e-082d-7c31-983a-6bb26fdbac4e"}
{"name":"worker","pid":221,"phase":"RUN_GRADLEW","buildId":"8edd809d-40dd-4406-8e8f-7f9cc2f047d4","source":"stdout","level":30,"msg":"> Task :react-native-gesture-handler:preDebugBuild","time":"2026-09-14T19:56:26.541Z","v":0,"logId":"01a0a17e-082d-7c31-983a-6bb36c469bbf"}
{"name":"worker","pid":221,"phase":"RUN_GRADLEW","buildId":"8edd809d-40dd-4406-8e8f-7f9cc2f047d4","source":"stdout","level":30,"msg":"> Task :react-native-gesture-handler:writeDebugAarMetadata","time":"2026-09-14T19:56:26.541Z","v":0,"logId":"01a0a17e-082d-7c31-983a-6bb4b565a190"}
{"name":"worker","pid":221,"phase":"RUN_GRADLEW","buildId":"8edd809d-40dd-4406-8e8f-7f9cc2f047d4","source":"stdout","level":30,"msg":"> Task :react-native-masked-view_masked-view:preDebugBuild UP-TO-DATE","time":"2026-09-14T19:56:26.541Z","v":0,"logId":"01a0a17e-082d-7c31-983a-6bb5a04336c4"}
{"name":"worker","pid":221,"phase":"RUN_GRADLEW","buildId":"8edd809d-40dd-4406-8e8f-7f9cc2f047d4","source":"stdout","level":30,"msg":"> Task :react-native-masked-view_masked-view:writeDebugAarMetadata","time":"2026-09-14T19:56:26.541Z","v":0,"logId":"01a0a17e-082d-7c31-983a-6bb6cbc1502e"}
{"name":"worker","pid":221,"phase":"RUN_GRADLEW","buildId":"8edd809d-40dd-4406-8e8f-7f9cc2f047d4","source":"stdout","level":30,"msg":"> Task :react-native-reanimated:preDebugBuild","time":"2026-09-14T19:56:26.541Z","v":0,"logId":"01a0a17e-082d-7c31-983a-6bb7c9326460"}
{"name":"worker","pid":221,"phase":"RUN_GRADLEW","buildId":"8edd809d-40dd-4406-8e8f-7f9cc2f047d4","source":"stdout","level":30,"msg":"> Task :react-native-reanimated:writeDebugAarMetadata","time":"2026-09-14T19:56:26.541Z","v":0,"logId":"01a0a17e-082d-7c31-983a-6bb8f2ec3c0a"}
{"name":"worker","pid":221,"phase":"RUN_GRADLEW","buildId":"8edd809d-40dd-4406-8e8f-7f9cc2f047d4","source":"stdout","level":30,"msg":"> Task :react-native-safe-area-context:preDebugBuild","time":"2026-09-14T19:56:26.541Z","v":0,"logId":"01a0a17e-082d-7c31-983a-6bb9f3ff2493"}
{"name":"worker","pid":221,"phase":"RUN_GRADLEW","buildId":"8edd809d-40dd-4406-8e8f-7f9cc2f047d4","source":"stdout","level":30,"msg":"> Task :react-native-safe-area-context:writeDebugAarMetadata","time":"2026-09-14T19:56:26.541Z","v":0,"logId":"01a0a17e-082d-7c31-983a-6bba9053782b"}
{"name":"worker","pid":221,"phase":"RUN_GRADLEW","buildId":"8edd809d-40dd-4406-8e8f-7f9cc2f047d4","source":"stdout","level":30,"msg":"> Task :expo:generateDebugResValues","time":"2026-09-14T19:56:26.544Z","v":0,"logId":"01a0a17e-0830-7cf8-ba14-fccab99cc9fa"}
{"name":"worker","pid":221,"phase":"RUN_GRADLEW","buildId":"8edd809d-40dd-4406-8e8f-7f9cc2f047d4","source":"stdout","level":30,"msg":"> Task :expo:generateDebugResources","time":"2026-09-14T19:56:26.544Z","v":0,"logId":"01a0a17e-0830-7cf8-ba14-fccba1d9aab6"}
{"name":"worker","pid":221,"phase":"RUN_GRADLEW","buildId":"8edd809d-40dd-4406-8e8f-7f9cc2f047d4","source":"stdout","level":30,"msg":"> Task :react-native-screens:generateCodegenArtifactsFromSchema","time":"2026-09-14T19:56:26.639Z","v":0,"logId":"01a0a17e-088f-724f-9094-f1992f95347c"}
{"name":"worker","pid":221,"phase":"RUN_GRADLEW","buildId":"8edd809d-40dd-4406-8e8f-7f9cc2f047d4","source":"stdout","level":30,"msg":"> Task :react-native-screens:preBuild","time":"2026-09-14T19:56:26.643Z","v":0,"logId":"01a0a17e-0893-7a6f-8a4b-3d935507f7b8"}
{"name":"worker","pid":221,"phase":"RUN_GRADLEW","buildId":"8edd809d-40dd-4406-8e8f-7f9cc2f047d4","source":"stdout","level":30,"msg":"> Task :react-native-screens:preDebugBuild","time":"2026-09-14T19:56:26.645Z","v":0,"logId":"01a0a17e-0895-7808-bfe7-e99786d15767"}
{"name":"worker","pid":221,"phase":"RUN_GRADLEW","buildId":"8edd809d-40dd-4406-8e8f-7f9cc2f047d4","source":"stdout","level":30,"msg":"> Task :react-native-screens:writeDebugAarMetadata","time":"2026-09-14T19:56:26.645Z","v":0,"logId":"01a0a17e-0895-7808-bfe7-e99871f2ad9b"}
{"name":"worker","pid":221,"phase":"RUN_GRADLEW","buildId":"8edd809d-40dd-4406-8e8f-7f9cc2f047d4","source":"stdout","level":30,"msg":"> Task :expo-constants:generateDebugResValues","time":"2026-09-14T19:56:26.645Z","v":0,"logId":"01a0a17e-0895-7808-bfe7-e99970bfbd2a"}
{"name":"worker","pid":221,"phase":"RUN_GRADLEW","buildId":"8edd809d-40dd-4406-8e8f-7f9cc2f047d4","source":"stdout","level":30,"msg":"> Task :react-native-worklets:generateCodegenSchemaFromJavaScript","time":"2026-09-14T19:56:26.645Z","v":0,"logId":"01a0a17e-0895-7808-bfe7-e99aea6def78"}
{"name":"worker","pid":221,"phase":"RUN_GRADLEW","buildId":"8edd809d-40dd-4406-8e8f-7f9cc2f047d4","source":"stdout","level":30,"msg":"> Task :expo-constants:generateDebugResources","time":"2026-09-14T19:56:26.645Z","v":0,"logId":"01a0a17e-0895-7808-bfe7-e99ba850910a"}
{"name":"worker","pid":221,"phase":"RUN_GRADLEW","buildId":"8edd809d-40dd-4406-8e8f-7f9cc2f047d4","source":"stdout","level":30,"msg":"> Task :expo-constants:packageDebugResources","time":"2026-09-14T19:56:26.739Z","v":0,"logId":"01a0a17e-08f3-7f3a-9a5b-0709c6eb9f73"}
{"name":"worker","pid":221,"phase":"RUN_GRADLEW","buildId":"8edd809d-40dd-4406-8e8f-7f9cc2f047d4","source":"stdout","level":30,"msg":"> Task :expo:packageDebugResources","time":"2026-09-14T19:56:26.739Z","v":0,"logId":"01a0a17e-08f3-7f3a-9a5b-070a771783d1"}
{"name":"worker","pid":221,"phase":"RUN_GRADLEW","buildId":"8edd809d-40dd-4406-8e8f-7f9cc2f047d4","source":"stdout","level":30,"msg":"> Task :expo-dev-launcher:generateDebugResValues","time":"2026-09-14T19:56:26.739Z","v":0,"logId":"01a0a17e-08f4-75dd-af2f-5b158d363038"}
{"name":"worker","pid":221,"phase":"RUN_GRADLEW","buildId":"8edd809d-40dd-4406-8e8f-7f9cc2f047d4","source":"stdout","level":30,"msg":"> Task :expo-dev-client:generateDebugResValues","time":"2026-09-14T19:56:26.740Z","v":0,"logId":"01a0a17e-08f4-75dd-af2f-5b161731bd39"}
{"name":"worker","pid":221,"phase":"RUN_GRADLEW","buildId":"8edd809d-40dd-4406-8e8f-7f9cc2f047d4","source":"stdout","level":30,"msg":"> Task :expo-dev-client:generateDebugResources","time":"2026-09-14T19:56:26.740Z","v":0,"logId":"01a0a17e-08f4-75dd-af2f-5b177d85bb31"}
{"name":"worker","pid":221,"phase":"RUN_GRADLEW","buildId":"8edd809d-40dd-4406-8e8f-7f9cc2f047d4","source":"stdout","level":30,"msg":"> Task :expo-dev-launcher:generateDebugResources","time":"2026-09-14T19:56:26.740Z","v":0,"logId":"01a0a17e-08f4-75dd-af2f-5b18774b38fc"}
{"name":"worker","pid":221,"phase":"RUN_GRADLEW","buildId":"8edd809d-40dd-4406-8e8f-7f9cc2f047d4","source":"stdout","level":30,"msg":"> Task :expo-dev-client:packageDebugResources","time":"2026-09-14T19:56:26.740Z","v":0,"logId":"01a0a17e-08f4-75dd-af2f-5b19d46c4cc3"}
{"name":"worker","pid":221,"phase":"RUN_GRADLEW","buildId":"8edd809d-40dd-4406-8e8f-7f9cc2f047d4","source":"stdout","level":30,"msg":"> Task :expo-dev-menu:generateDebugResValues","time":"2026-09-14T19:56:26.740Z","v":0,"logId":"01a0a17e-08f4-75dd-af2f-5b1a0866b44d"}
{"name":"worker","pid":221,"phase":"RUN_GRADLEW","buildId":"8edd809d-40dd-4406-8e8f-7f9cc2f047d4","source":"stdout","level":30,"msg":"> Task :expo-dev-menu:generateDebugResources","time":"2026-09-14T19:56:26.841Z","v":0,"logId":"01a0a17e-0959-733c-a9ee-080bae7f5650"}
{"name":"worker","pid":221,"phase":"RUN_GRADLEW","buildId":"8edd809d-40dd-4406-8e8f-7f9cc2f047d4","source":"stdout","level":30,"msg":"> Task :expo-dev-menu:packageDebugResources","time":"2026-09-14T19:56:26.841Z","v":0,"logId":"01a0a17e-095a-720c-95df-7622c937f9f4"}
{"name":"worker","pid":221,"phase":"RUN_GRADLEW","buildId":"8edd809d-40dd-4406-8e8f-7f9cc2f047d4","source":"stdout","level":30,"msg":"> Task :expo-dev-menu-interface:generateDebugResValues","time":"2026-09-14T19:56:26.842Z","v":0,"logId":"01a0a17e-095a-720c-95df-7623049f8ab1"}
{"name":"worker","pid":221,"phase":"RUN_GRADLEW","buildId":"8edd809d-40dd-4406-8e8f-7f9cc2f047d4","source":"stdout","level":30,"msg":"> Task :expo-dev-launcher:packageDebugResources","time":"2026-09-14T19:56:26.842Z","v":0,"logId":"01a0a17e-095b-7660-abba-67d80433b2ba"}
{"name":"worker","pid":221,"phase":"RUN_GRADLEW","buildId":"8edd809d-40dd-4406-8e8f-7f9cc2f047d4","source":"stdout","level":30,"msg":"> Task :expo-dev-menu-interface:generateDebugResources","time":"2026-09-14T19:56:26.843Z","v":0,"logId":"01a0a17e-095b-7660-abba-67d928b47608"}
{"name":"worker","pid":221,"phase":"RUN_GRADLEW","buildId":"8edd809d-40dd-4406-8e8f-7f9cc2f047d4","source":"stdout","level":30,"msg":"> Task :expo-json-utils:generateDebugResValues","time":"2026-09-14T19:56:26.843Z","v":0,"logId":"01a0a17e-095b-7660-abba-67da114afd0e"}
{"name":"worker","pid":221,"phase":"RUN_GRADLEW","buildId":"8edd809d-40dd-4406-8e8f-7f9cc2f047d4","source":"stdout","level":30,"msg":"> Task :expo-json-utils:generateDebugResources","time":"2026-09-14T19:56:26.843Z","v":0,"logId":"01a0a17e-095b-7660-abba-67db94d0f3a8"}
{"name":"worker","pid":221,"phase":"RUN_GRADLEW","buildId":"8edd809d-40dd-4406-8e8f-7f9cc2f047d4","source":"stdout","level":30,"msg":"> Task :expo-json-utils:packageDebugResources","time":"2026-09-14T19:56:26.945Z","v":0,"logId":"01a0a17e-09c2-7017-8ad4-e1d9f25ef9e9"}
{"name":"worker","pid":221,"phase":"RUN_GRADLEW","buildId":"8edd809d-40dd-4406-8e8f-7f9cc2f047d4","source":"stdout","level":30,"msg":"> Task :expo-dev-menu-interface:packageDebugResources","time":"2026-09-14T19:56:26.946Z","v":0,"logId":"01a0a17e-09c2-7017-8ad4-e1da0ae456b4"}
{"name":"worker","pid":221,"phase":"RUN_GRADLEW","buildId":"8edd809d-40dd-4406-8e8f-7f9cc2f047d4","source":"stdout","level":30,"msg":"> Task :expo-log-box:generateDebugResValues","time":"2026-09-14T19:56:26.946Z","v":0,"logId":"01a0a17e-09c2-7017-8ad4-e1dbc726aa40"}
{"name":"worker","pid":221,"phase":"RUN_GRADLEW","buildId":"8edd809d-40dd-4406-8e8f-7f9cc2f047d4","source":"stdout","level":30,"msg":"> Task :expo-manifests:generateDebugResValues","time":"2026-09-14T19:56:26.946Z","v":0,"logId":"01a0a17e-09c2-7017-8ad4-e1dc344cb561"}
{"name":"worker","pid":221,"phase":"RUN_GRADLEW","buildId":"8edd809d-40dd-4406-8e8f-7f9cc2f047d4","source":"stdout","level":30,"msg":"> Task :expo-log-box:generateDebugResources","time":"2026-09-14T19:56:26.946Z","v":0,"logId":"01a0a17e-09c2-7017-8ad4-e1dd1e8ed0cf"}
{"name":"worker","pid":221,"phase":"RUN_GRADLEW","buildId":"8edd809d-40dd-4406-8e8f-7f9cc2f047d4","source":"stdout","level":30,"msg":"> Task :expo-manifests:generateDebugResources","time":"2026-09-14T19:56:26.946Z","v":0,"logId":"01a0a17e-09c2-7017-8ad4-e1de97b3f3c5"}
{"name":"worker","pid":221,"phase":"RUN_GRADLEW","buildId":"8edd809d-40dd-4406-8e8f-7f9cc2f047d4","source":"stdout","level":30,"msg":"> Task :expo-log-box:packageDebugResources","time":"2026-09-14T19:56:26.946Z","v":0,"logId":"01a0a17e-09c2-7017-8ad4-e1df529be536"}
{"name":"worker","pid":221,"phase":"RUN_GRADLEW","buildId":"8edd809d-40dd-4406-8e8f-7f9cc2f047d4","source":"stdout","level":30,"msg":"> Task :react-native-worklets:generateCodegenArtifactsFromSchema","time":"2026-09-14T19:56:26.946Z","v":0,"logId":"01a0a17e-09c2-7017-8ad4-e1e0916ae805"}
{"name":"worker","pid":221,"phase":"RUN_GRADLEW","buildId":"8edd809d-40dd-4406-8e8f-7f9cc2f047d4","source":"stdout","level":30,"msg":"> Task :expo-modules-core:generateDebugResValues","time":"2026-09-14T19:56:26.946Z","v":0,"logId":"01a0a17e-09c2-7017-8ad4-e1e1efee6bda"}
{"name":"worker","pid":221,"phase":"RUN_GRADLEW","buildId":"8edd809d-40dd-4406-8e8f-7f9cc2f047d4","source":"stdout","level":30,"msg":"> Task :expo-modules-core:generateDebugResources","time":"2026-09-14T19:56:26.946Z","v":0,"logId":"01a0a17e-09c2-7017-8ad4-e1e222d087f4"}
{"name":"worker","pid":221,"phase":"RUN_GRADLEW","buildId":"8edd809d-40dd-4406-8e8f-7f9cc2f047d4","source":"stdout","level":30,"msg":"> Task :expo-manifests:packageDebugResources","time":"2026-09-14T19:56:26.946Z","v":0,"logId":"01a0a17e-09c2-7017-8ad4-e1e3a9e33cb9"}
{"name":"worker","pid":221,"phase":"RUN_GRADLEW","buildId":"8edd809d-40dd-4406-8e8f-7f9cc2f047d4","source":"stdout","level":30,"msg":"> Task :expo-updates-interface:generateDebugResValues","time":"2026-09-14T19:56:26.947Z","v":0,"logId":"01a0a17e-09c3-7f65-a66c-15735740118a"}
{"name":"worker","pid":221,"phase":"RUN_GRADLEW","buildId":"8edd809d-40dd-4406-8e8f-7f9cc2f047d4","source":"stdout","level":30,"msg":"> Task :expo-updates-interface:generateDebugResources","time":"2026-09-14T19:56:26.947Z","v":0,"logId":"01a0a17e-09c3-7f65-a66c-1574a0f40e71"}
{"name":"worker","pid":221,"phase":"RUN_GRADLEW","buildId":"8edd809d-40dd-4406-8e8f-7f9cc2f047d4","source":"stdout","level":30,"msg":"> Task :expo-updates-interface:packageDebugResources","time":"2026-09-14T19:56:26.947Z","v":0,"logId":"01a0a17e-09c3-7f65-a66c-15750fc5d152"}
{"name":"worker","pid":221,"phase":"RUN_GRADLEW","buildId":"8edd809d-40dd-4406-8e8f-7f9cc2f047d4","source":"stdout","level":30,"msg":"> Task :react-native-gesture-handler:generateDebugResValues","time":"2026-09-14T19:56:27.040Z","v":0,"logId":"01a0a17e-0a21-75e6-8456-4497155c561c"}
{"name":"worker","pid":221,"phase":"RUN_GRADLEW","buildId":"8edd809d-40dd-4406-8e8f-7f9cc2f047d4","source":"stdout","level":30,"msg":"> Task :expo-modules-core:packageDebugResources","time":"2026-09-14T19:56:27.041Z","v":0,"logId":"01a0a17e-0a21-75e6-8456-4498bc3a3fac"}
{"name":"worker","pid":221,"phase":"RUN_GRADLEW","buildId":"8edd809d-40dd-4406-8e8f-7f9cc2f047d4","source":"stdout","level":30,"msg":"> Task :react-native-masked-view_masked-view:generateDebugResValues","time":"2026-09-14T19:56:27.042Z","v":0,"logId":"01a0a17e-0a22-722f-9556-43248494ba80"}
{"name":"worker","pid":221,"phase":"RUN_GRADLEW","buildId":"8edd809d-40dd-4406-8e8f-7f9cc2f047d4","source":"stdout","level":30,"msg":"> Task :react-native-gesture-handler:generateDebugResources","time":"2026-09-14T19:56:27.042Z","v":0,"logId":"01a0a17e-0a22-722f-9556-4325b5f85885"}
{"name":"worker","pid":221,"phase":"RUN_GRADLEW","buildId":"8edd809d-40dd-4406-8e8f-7f9cc2f047d4","source":"stdout","level":30,"msg":"> Task :react-native-worklets:prepareWorkletsHeadersForPrefabs","time":"2026-09-14T19:56:27.042Z","v":0,"logId":"01a0a17e-0a22-722f-9556-43263b36ba2b"}
{"name":"worker","pid":221,"phase":"RUN_GRADLEW","buildId":"8edd809d-40dd-4406-8e8f-7f9cc2f047d4","source":"stdout","level":30,"msg":"> Task :react-native-worklets:preBuild","time":"2026-09-14T19:56:27.042Z","v":0,"logId":"01a0a17e-0a22-722f-9556-432709fa62a2"}
{"name":"worker","pid":221,"phase":"RUN_GRADLEW","buildId":"8edd809d-40dd-4406-8e8f-7f9cc2f047d4","source":"stdout","level":30,"msg":"> Task :react-native-worklets:preDebugBuild","time":"2026-09-14T19:56:27.042Z","v":0,"logId":"01a0a17e-0a22-722f-9556-4328d56b04f5"}
{"name":"worker","pid":221,"phase":"RUN_GRADLEW","buildId":"8edd809d-40dd-4406-8e8f-7f9cc2f047d4","source":"stdout","level":30,"msg":"> Task :react-native-masked-view_masked-view:generateDebugResources","time":"2026-09-14T19:56:27.042Z","v":0,"logId":"01a0a17e-0a22-722f-9556-43298dd4be7e"}
{"name":"worker","pid":221,"phase":"RUN_GRADLEW","buildId":"8edd809d-40dd-4406-8e8f-7f9cc2f047d4","source":"stdout","level":30,"msg":"> Task :react-native-gesture-handler:packageDebugResources","time":"2026-09-14T19:56:27.042Z","v":0,"logId":"01a0a17e-0a23-790c-a234-b94b8ae3d72d"}
{"name":"worker","pid":221,"phase":"RUN_GRADLEW","buildId":"8edd809d-40dd-4406-8e8f-7f9cc2f047d4","source":"stdout","level":30,"msg":"> Task :react-native-reanimated:generateDebugResValues","time":"2026-09-14T19:56:27.043Z","v":0,"logId":"01a0a17e-0a23-790c-a234-b94ca1ce617b"}
{"name":"worker","pid":221,"phase":"RUN_GRADLEW","buildId":"8edd809d-40dd-4406-8e8f-7f9cc2f047d4","source":"stdout","level":30,"msg":"> Task :react-native-masked-view_masked-view:packageDebugResources","time":"2026-09-14T19:56:27.043Z","v":0,"logId":"01a0a17e-0a23-790c-a234-b94d4de8b473"}
{"name":"worker","pid":221,"phase":"RUN_GRADLEW","buildId":"8edd809d-40dd-4406-8e8f-7f9cc2f047d4","source":"stdout","level":30,"msg":"> Task :react-native-safe-area-context:generateDebugResValues","time":"2026-09-14T19:56:27.043Z","v":0,"logId":"01a0a17e-0a23-790c-a234-b94e8c6f70a1"}
{"name":"worker","pid":221,"phase":"RUN_GRADLEW","buildId":"8edd809d-40dd-4406-8e8f-7f9cc2f047d4","source":"stdout","level":30,"msg":"> Task :react-native-reanimated:generateDebugResources","time":"2026-09-14T19:56:27.043Z","v":0,"logId":"01a0a17e-0a23-790c-a234-b94fdb04a1f6"}
{"name":"worker","pid":221,"phase":"RUN_GRADLEW","buildId":"8edd809d-40dd-4406-8e8f-7f9cc2f047d4","source":"stdout","level":30,"msg":"> Task :react-native-safe-area-context:generateDebugResources","time":"2026-09-14T19:56:27.043Z","v":0,"logId":"01a0a17e-0a23-790c-a234-b950401c56f2"}
{"name":"worker","pid":221,"phase":"RUN_GRADLEW","buildId":"8edd809d-40dd-4406-8e8f-7f9cc2f047d4","source":"stdout","level":30,"msg":"> Task :react-native-reanimated:packageDebugResources","time":"2026-09-14T19:56:27.043Z","v":0,"logId":"01a0a17e-0a23-790c-a234-b951c72f9220"}
{"name":"worker","pid":221,"phase":"RUN_GRADLEW","buildId":"8edd809d-40dd-4406-8e8f-7f9cc2f047d4","source":"stdout","level":30,"msg":"> Task :react-native-screens:generateDebugResValues","time":"2026-09-14T19:56:27.044Z","v":0,"logId":"01a0a17e-0a24-764f-9379-3d1f423d70e7"}
{"name":"worker","pid":221,"phase":"RUN_GRADLEW","buildId":"8edd809d-40dd-4406-8e8f-7f9cc2f047d4","source":"stdout","level":30,"msg":"> Task :react-native-safe-area-context:packageDebugResources","time":"2026-09-14T19:56:27.044Z","v":0,"logId":"01a0a17e-0a24-764f-9379-3d205915ca3b"}
{"name":"worker","pid":221,"phase":"RUN_GRADLEW","buildId":"8edd809d-40dd-4406-8e8f-7f9cc2f047d4","source":"stdout","level":30,"msg":"> Task :react-native-worklets:generateDebugResValues","time":"2026-09-14T19:56:27.044Z","v":0,"logId":"01a0a17e-0a24-764f-9379-3d21964a9aab"}
{"name":"worker","pid":221,"phase":"RUN_GRADLEW","buildId":"8edd809d-40dd-4406-8e8f-7f9cc2f047d4","source":"stdout","level":30,"msg":"> Task :react-native-worklets:generateDebugResources","time":"2026-09-14T19:56:27.044Z","v":0,"logId":"01a0a17e-0a25-73f6-9cb7-f525a2d8fe63"}
{"name":"worker","pid":221,"phase":"RUN_GRADLEW","buildId":"8edd809d-40dd-4406-8e8f-7f9cc2f047d4","source":"stdout","level":30,"msg":"> Task :react-native-screens:generateDebugResources","time":"2026-09-14T19:56:27.045Z","v":0,"logId":"01a0a17e-0a25-73f6-9cb7-f5264ee8203d"}
{"name":"worker","pid":221,"phase":"RUN_GRADLEW","buildId":"8edd809d-40dd-4406-8e8f-7f9cc2f047d4","source":"stdout","level":30,"msg":"> Task :react-native-worklets:packageDebugResources","time":"2026-09-14T19:56:27.046Z","v":0,"logId":"01a0a17e-0a26-732c-8aaa-790ba1bf80bf"}
{"name":"worker","pid":221,"phase":"RUN_GRADLEW","buildId":"8edd809d-40dd-4406-8e8f-7f9cc2f047d4","source":"stdout","level":30,"msg":"> Task :expo:extractDeepLinksDebug","time":"2026-09-14T19:56:27.046Z","v":0,"logId":"01a0a17e-0a26-732c-8aaa-790c2a630fff"}
{"name":"worker","pid":221,"phase":"RUN_GRADLEW","buildId":"8edd809d-40dd-4406-8e8f-7f9cc2f047d4","source":"stdout","level":30,"msg":"> Task :react-native-screens:packageDebugResources","time":"2026-09-14T19:56:27.139Z","v":0,"logId":"01a0a17e-0a83-7401-8cc6-2be193833950"}
{"name":"worker","pid":221,"phase":"RUN_GRADLEW","buildId":"8edd809d-40dd-4406-8e8f-7f9cc2f047d4","source":"stdout","level":30,"msg":"> Task :expo-constants:extractDeepLinksDebug","time":"2026-09-14T19:56:27.140Z","v":0,"logId":"01a0a17e-0a84-7a3f-9025-191e7f10ffea"}
{"name":"worker","pid":221,"phase":"RUN_GRADLEW","buildId":"8edd809d-40dd-4406-8e8f-7f9cc2f047d4","source":"stdout","level":30,"msg":"> Task :react-native-worklets:writeDebugAarMetadata","time":"2026-09-14T19:56:27.140Z","v":0,"logId":"01a0a17e-0a84-7a3f-9025-191fbe523b5f"}
{"name":"worker","pid":221,"phase":"RUN_GRADLEW","buildId":"8edd809d-40dd-4406-8e8f-7f9cc2f047d4","source":"stdout","level":30,"msg":"> Task :expo-dev-client:extractDeepLinksDebug","time":"2026-09-14T19:56:27.140Z","v":0,"logId":"01a0a17e-0a84-7a3f-9025-192081056cd9"}
{"name":"worker","pid":221,"phase":"RUN_GRADLEW","buildId":"8edd809d-40dd-4406-8e8f-7f9cc2f047d4","source":"stdout","level":30,"msg":"> Task :expo-dev-client:processDebugManifest","time":"2026-09-14T19:56:27.140Z","v":0,"logId":"01a0a17e-0a84-7a3f-9025-19217392ba21"}
{"name":"worker","pid":221,"phase":"RUN_GRADLEW","buildId":"8edd809d-40dd-4406-8e8f-7f9cc2f047d4","source":"stdout","level":30,"msg":"> Task :expo-dev-launcher:extractDeepLinksDebug","time":"2026-09-14T19:56:27.238Z","v":0,"logId":"01a0a17e-0ae7-726d-a2d3-372cd25aa514"}
{"name":"worker","pid":221,"phase":"RUN_GRADLEW","buildId":"8edd809d-40dd-4406-8e8f-7f9cc2f047d4","source":"stdout","level":30,"msg":"> Task :expo-constants:processDebugManifest","time":"2026-09-14T19:56:27.239Z","v":0,"logId":"01a0a17e-0ae7-726d-a2d3-372d4c860925"}
{"name":"worker","pid":221,"phase":"RUN_GRADLEW","buildId":"8edd809d-40dd-4406-8e8f-7f9cc2f047d4","source":"stdout","level":30,"msg":"> Task :expo-dev-menu:extractDeepLinksDebug","time":"2026-09-14T19:56:27.239Z","v":0,"logId":"01a0a17e-0ae7-726d-a2d3-372e82b655fd"}
{"name":"worker","pid":221,"phase":"RUN_GRADLEW","buildId":"8edd809d-40dd-4406-8e8f-7f9cc2f047d4","source":"stdout","level":30,"msg":"> Task :expo-dev-launcher:processDebugManifest","time":"2026-09-14T19:56:27.239Z","v":0,"logId":"01a0a17e-0ae7-726d-a2d3-372ff1489be2"}
{"name":"worker","pid":221,"phase":"RUN_GRADLEW","buildId":"8edd809d-40dd-4406-8e8f-7f9cc2f047d4","source":"stdout","level":30,"msg":"> Task :expo-dev-menu-interface:extractDeepLinksDebug","time":"2026-09-14T19:56:27.239Z","v":0,"logId":"01a0a17e-0ae7-726d-a2d3-3730fb1adbc8"}
{"name":"worker","pid":221,"phase":"RUN_GRADLEW","buildId":"8edd809d-40dd-4406-8e8f-7f9cc2f047d4","source":"stdout","level":30,"msg":"> Task :expo:processDebugManifest","time":"2026-09-14T19:56:27.342Z","v":0,"logId":"01a0a17e-0b4e-7692-9292-aabff096f035"}
{"name":"worker","pid":221,"phase":"RUN_GRADLEW","buildId":"8edd809d-40dd-4406-8e8f-7f9cc2f047d4","source":"stdout","level":30,"msg":"> Task :expo-json-utils:extractDeepLinksDebug","time":"2026-09-14T19:56:27.342Z","v":0,"logId":"01a0a17e-0b4e-7692-9292-aac0d932aa5f"}
{"name":"worker","pid":221,"phase":"RUN_GRADLEW","buildId":"8edd809d-40dd-4406-8e8f-7f9cc2f047d4","source":"stdout","level":30,"msg":"> Task :expo-dev-menu:processDebugManifest","time":"2026-09-14T19:56:27.342Z","v":0,"logId":"01a0a17e-0b4e-7692-9292-aac187c60d59"}
{"name":"worker","pid":221,"phase":"RUN_GRADLEW","buildId":"8edd809d-40dd-4406-8e8f-7f9cc2f047d4","source":"stdout","level":30,"msg":"> Task :expo-json-utils:processDebugManifest","time":"2026-09-14T19:56:27.343Z","v":0,"logId":"01a0a17e-0b4f-791a-b666-b25a1c07f168"}
{"name":"worker","pid":221,"phase":"RUN_GRADLEW","buildId":"8edd809d-40dd-4406-8e8f-7f9cc2f047d4","source":"stdout","level":30,"msg":"> Task :expo-log-box:extractDeepLinksDebug","time":"2026-09-14T19:56:27.343Z","v":0,"logId":"01a0a17e-0b4f-791a-b666-b25b95b9c444"}
{"name":"worker","pid":221,"phase":"RUN_GRADLEW","buildId":"8edd809d-40dd-4406-8e8f-7f9cc2f047d4","source":"stdout","level":30,"msg":"> Task :expo-manifests:extractDeepLinksDebug","time":"2026-09-14T19:56:27.343Z","v":0,"logId":"01a0a17e-0b4f-791a-b666-b25c63623733"}
{"name":"worker","pid":221,"phase":"RUN_GRADLEW","buildId":"8edd809d-40dd-4406-8e8f-7f9cc2f047d4","source":"stdout","level":30,"msg":"> Task :expo-dev-menu-interface:processDebugManifest","time":"2026-09-14T19:56:27.442Z","v":0,"logId":"01a0a17e-0bb2-75e0-a3fa-79fe0fa2dbc5"}
{"name":"worker","pid":221,"phase":"RUN_GRADLEW","buildId":"8edd809d-40dd-4406-8e8f-7f9cc2f047d4","source":"stdout","level":30,"msg":"> Task :expo-modules-core:extractDeepLinksDebug","time":"2026-09-14T19:56:27.442Z","v":0,"logId":"01a0a17e-0bb2-75e0-a3fa-79ff17fc3998"}
{"name":"worker","pid":221,"phase":"RUN_GRADLEW","buildId":"8edd809d-40dd-4406-8e8f-7f9cc2f047d4","source":"stdout","level":30,"msg":"> Task :expo-log-box:processDebugManifest","time":"2026-09-14T19:56:27.442Z","v":0,"logId":"01a0a17e-0bb2-75e0-a3fa-7a00529ab84e"}
{"name":"worker","pid":221,"phase":"RUN_GRADLEW","buildId":"8edd809d-40dd-4406-8e8f-7f9cc2f047d4","source":"stdout","level":30,"msg":"> Task :expo-updates-interface:extractDeepLinksDebug","time":"2026-09-14T19:56:27.442Z","v":0,"logId":"01a0a17e-0bb2-75e0-a3fa-7a010b02aff0"}
{"name":"worker","pid":221,"phase":"RUN_GRADLEW","buildId":"8edd809d-40dd-4406-8e8f-7f9cc2f047d4","source":"stdout","level":30,"msg":"> Task :expo-manifests:processDebugManifest","time":"2026-09-14T19:56:27.442Z","v":0,"logId":"01a0a17e-0bb2-75e0-a3fa-7a0282d91234"}
{"name":"worker","pid":221,"phase":"RUN_GRADLEW","buildId":"8edd809d-40dd-4406-8e8f-7f9cc2f047d4","source":"stdout","level":30,"msg":"> Task :react-native-gesture-handler:extractDeepLinksDebug","time":"2026-09-14T19:56:27.442Z","v":0,"logId":"01a0a17e-0bb2-75e0-a3fa-7a0331e088d2"}
{"name":"worker","pid":221,"phase":"RUN_GRADLEW","buildId":"8edd809d-40dd-4406-8e8f-7f9cc2f047d4","source":"stdout","level":30,"msg":"> Task :expo-updates-interface:processDebugManifest","time":"2026-09-14T19:56:27.644Z","v":0,"logId":"01a0a17e-0c7c-7fb8-aded-dd1fcd2ec431"}
{"name":"worker","pid":221,"phase":"RUN_GRADLEW","buildId":"8edd809d-40dd-4406-8e8f-7f9cc2f047d4","source":"stdout","level":30,"msg":"> Task :expo-modules-core:processDebugManifest","time":"2026-09-14T19:56:27.644Z","v":0,"logId":"01a0a17e-0c7d-788a-a987-e88731dae9bf"}
{"name":"worker","pid":221,"phase":"RUN_GRADLEW","buildId":"8edd809d-40dd-4406-8e8f-7f9cc2f047d4","source":"stdout","level":30,"msg":"/home/expo/workingdir/build/node_modules/expo-modules-core/android/src/main/AndroidManifest.xml:8:9-11:45 Warning:","time":"2026-09-14T19:56:27.645Z","v":0,"logId":"01a0a17e-0c7d-788a-a987-e88808d402a8"}
{"name":"worker","pid":221,"phase":"RUN_GRADLEW","buildId":"8edd809d-40dd-4406-8e8f-7f9cc2f047d4","source":"stdout","level":30,"msg":"\tmeta-data#com.facebook.soloader.enabled@android:value was tagged at AndroidManifest.xml:8 to replace other declarations but no other declaration present","time":"2026-09-14T19:56:27.645Z","v":0,"logId":"01a0a17e-0c80-7a72-a54c-50013fa20817"}
{"name":"worker","pid":221,"phase":"RUN_GRADLEW","buildId":"8edd809d-40dd-4406-8e8f-7f9cc2f047d4","source":"stdout","level":30,"msg":"> Task :react-native-masked-view_masked-view:extractDeepLinksDebug","time":"2026-09-14T19:56:27.648Z","v":0,"logId":"01a0a17e-0c80-7a72-a54c-50024769454c"}
{"name":"worker","pid":221,"phase":"RUN_GRADLEW","buildId":"8edd809d-40dd-4406-8e8f-7f9cc2f047d4","source":"stdout","level":30,"msg":"> Task :react-native-gesture-handler:processDebugManifest","time":"2026-09-14T19:56:27.648Z","v":0,"logId":"01a0a17e-0c80-7a72-a54c-50032da7e82d"}
{"name":"worker","pid":221,"phase":"RUN_GRADLEW","buildId":"8edd809d-40dd-4406-8e8f-7f9cc2f047d4","source":"stdout","level":30,"msg":"> Task :react-native-reanimated:extractDeepLinksDebug","time":"2026-09-14T19:56:27.648Z","v":0,"logId":"01a0a17e-0c80-7a72-a54c-500470202072"}
{"name":"worker","pid":221,"phase":"RUN_GRADLEW","buildId":"8edd809d-40dd-4406-8e8f-7f9cc2f047d4","source":"stdout","level":30,"msg":"> Task :react-native-reanimated:processDebugManifest","time":"2026-09-14T19:56:27.942Z","v":0,"logId":"01a0a17e-0da6-7a4e-b77c-eadb24db3f98"}
{"name":"worker","pid":221,"phase":"RUN_GRADLEW","buildId":"8edd809d-40dd-4406-8e8f-7f9cc2f047d4","source":"stdout","level":30,"msg":"> Task :react-native-masked-view_masked-view:processDebugManifest","time":"2026-09-14T19:56:27.943Z","v":0,"logId":"01a0a17e-0da7-7033-85d0-2f0022028750"}
{"name":"worker","pid":221,"phase":"RUN_GRADLEW","buildId":"8edd809d-40dd-4406-8e8f-7f9cc2f047d4","source":"stdout","level":30,"msg":"> Task :react-native-safe-area-context:extractDeepLinksDebug","time":"2026-09-14T19:56:27.943Z","v":0,"logId":"01a0a17e-0da7-7033-85d0-2f013d2b097d"}
{"name":"worker","pid":221,"phase":"RUN_GRADLEW","buildId":"8edd809d-40dd-4406-8e8f-7f9cc2f047d4","source":"stdout","level":30,"msg":"> Task :react-native-screens:extractDeepLinksDebug","time":"2026-09-14T19:56:27.943Z","v":0,"logId":"01a0a17e-0da7-7033-85d0-2f02fa296772"}
{"name":"worker","pid":221,"phase":"RUN_GRADLEW","buildId":"8edd809d-40dd-4406-8e8f-7f9cc2f047d4","source":"stdout","level":30,"msg":"> Task :react-native-safe-area-context:processDebugManifest","time":"2026-09-14T19:56:27.943Z","v":0,"logId":"01a0a17e-0da7-7033-85d0-2f0340c34ba4"}
{"name":"worker","pid":221,"phase":"RUN_GRADLEW","buildId":"8edd809d-40dd-4406-8e8f-7f9cc2f047d4","source":"stdout","level":30,"msg":"package=\"com.th3rdwave.safeareacontext\" found in source AndroidManifest.xml: /home/expo/workingdir/build/node_modules/react-native-safe-area-context/android/src/main/AndroidManifest.xml.","time":"2026-09-14T19:56:27.943Z","v":0,"logId":"01a0a17e-0da7-7033-85d0-2f04f344b26e"}
{"name":"worker","pid":221,"phase":"RUN_GRADLEW","buildId":"8edd809d-40dd-4406-8e8f-7f9cc2f047d4","source":"stdout","level":30,"msg":"Setting the namespace via the package attribute in the source AndroidManifest.xml is no longer supported, and the value is ignored.","time":"2026-09-14T19:56:27.943Z","v":0,"logId":"01a0a17e-0da8-70d3-8036-bf838cead5b8"}
{"name":"worker","pid":221,"phase":"RUN_GRADLEW","buildId":"8edd809d-40dd-4406-8e8f-7f9cc2f047d4","source":"stdout","level":30,"msg":"Recommendation: remove package=\"com.th3rdwave.safeareacontext\" from the source AndroidManifest.xml: /home/expo/workingdir/build/node_modules/react-native-safe-area-context/android/src/main/AndroidManifest.xml.","time":"2026-09-14T19:56:27.944Z","v":0,"logId":"01a0a17e-0da8-70d3-8036-bf844fb7d7a1"}
{"name":"worker","pid":221,"phase":"RUN_GRADLEW","buildId":"8edd809d-40dd-4406-8e8f-7f9cc2f047d4","source":"stdout","level":30,"msg":"> Task :react-native-worklets:extractDeepLinksDebug","time":"2026-09-14T19:56:28.039Z","v":0,"logId":"01a0a17e-0e07-76bd-acc8-1baab8b9dcc9"}
{"name":"worker","pid":221,"phase":"RUN_GRADLEW","buildId":"8edd809d-40dd-4406-8e8f-7f9cc2f047d4","source":"stdout","level":30,"msg":"> Task :react-native-screens:processDebugManifest","time":"2026-09-14T19:56:28.039Z","v":0,"logId":"01a0a17e-0e07-76bd-acc8-1babc218eb87"}
{"name":"worker","pid":221,"phase":"RUN_GRADLEW","buildId":"8edd809d-40dd-4406-8e8f-7f9cc2f047d4","source":"stdout","level":30,"msg":"> Task :react-native-worklets:processDebugManifest","time":"2026-09-14T19:56:28.039Z","v":0,"logId":"01a0a17e-0e07-76bd-acc8-1bac99654dad"}
{"name":"worker","pid":221,"phase":"RUN_GRADLEW","buildId":"8edd809d-40dd-4406-8e8f-7f9cc2f047d4","source":"stdout","level":30,"msg":"> Task :expo:compileDebugLibraryResources","time":"2026-09-14T19:56:28.141Z","v":0,"logId":"01a0a17e-0e6d-7363-b7af-b8d5748adbbd"}
{"name":"worker","pid":221,"phase":"RUN_GRADLEW","buildId":"8edd809d-40dd-4406-8e8f-7f9cc2f047d4","source":"stdout","level":30,"msg":"> Task :expo-constants:compileDebugLibraryResources","time":"2026-09-14T19:56:28.142Z","v":0,"logId":"01a0a17e-0e6e-7842-95d0-b9c2374be40a"}
{"name":"worker","pid":221,"phase":"RUN_GRADLEW","buildId":"8edd809d-40dd-4406-8e8f-7f9cc2f047d4","source":"stdout","level":30,"msg":"> Task :expo-constants:parseDebugLocalResources","time":"2026-09-14T19:56:28.538Z","v":0,"logId":"01a0a17e-0ffb-77be-a44a-46d530591602"}
{"name":"worker","pid":221,"phase":"RUN_GRADLEW","buildId":"8edd809d-40dd-4406-8e8f-7f9cc2f047d4","source":"stdout","level":30,"msg":"> Task :expo:parseDebugLocalResources","time":"2026-09-14T19:56:28.539Z","v":0,"logId":"01a0a17e-0ffb-77be-a44a-46d63dfdb8eb"}
{"name":"worker","pid":221,"phase":"RUN_GRADLEW","buildId":"8edd809d-40dd-4406-8e8f-7f9cc2f047d4","source":"stdout","level":30,"msg":"> Task :expo-constants:generateDebugRFile","time":"2026-09-14T19:56:28.638Z","v":0,"logId":"01a0a17e-105f-705c-9640-37b7f95cc78d"}
{"name":"worker","pid":221,"phase":"RUN_GRADLEW","buildId":"8edd809d-40dd-4406-8e8f-7f9cc2f047d4","source":"stdout","level":30,"msg":"> Task :expo:generateDebugRFile","time":"2026-09-14T19:56:28.639Z","v":0,"logId":"01a0a17e-105f-705c-9640-37b86db7bcfe"}
{"name":"worker","pid":221,"phase":"RUN_GRADLEW","buildId":"8edd809d-40dd-4406-8e8f-7f9cc2f047d4","source":"stdout","level":30,"msg":"> Task :expo-dev-client:compileDebugLibraryResources","time":"2026-09-14T19:56:28.639Z","v":0,"logId":"01a0a17e-105f-705c-9640-37b917d48ba6"}
{"name":"worker","pid":221,"phase":"RUN_GRADLEW","buildId":"8edd809d-40dd-4406-8e8f-7f9cc2f047d4","source":"stdout","level":30,"msg":"> Task :expo-dev-client:parseDebugLocalResources","time":"2026-09-14T19:56:28.639Z","v":0,"logId":"01a0a17e-105f-705c-9640-37ba569c2a80"}
{"name":"worker","pid":221,"phase":"RUN_GRADLEW","buildId":"8edd809d-40dd-4406-8e8f-7f9cc2f047d4","source":"stdout","level":30,"msg":"> Task :expo-dev-launcher:compileDebugLibraryResources","time":"2026-09-14T19:56:28.740Z","v":0,"logId":"01a0a17e-10c4-752f-9b74-3ccdf318ccc5"}
{"name":"worker","pid":221,"phase":"RUN_GRADLEW","buildId":"8edd809d-40dd-4406-8e8f-7f9cc2f047d4","source":"stdout","level":30,"msg":"> Task :expo-dev-client:generateDebugRFile","time":"2026-09-14T19:56:28.740Z","v":0,"logId":"01a0a17e-10c4-752f-9b74-3ccef7f15ee5"}
{"name":"worker","pid":221,"phase":"RUN_GRADLEW","buildId":"8edd809d-40dd-4406-8e8f-7f9cc2f047d4","source":"stdout","level":30,"msg":"> Task :expo-dev-launcher:parseDebugLocalResources","time":"2026-09-14T19:56:28.740Z","v":0,"logId":"01a0a17e-10c4-752f-9b74-3ccf0b0257c0"}
{"name":"worker","pid":221,"phase":"RUN_GRADLEW","buildId":"8edd809d-40dd-4406-8e8f-7f9cc2f047d4","source":"stdout","level":30,"msg":"> Task :expo-dev-menu:compileDebugLibraryResources","time":"2026-09-14T19:56:28.740Z","v":0,"logId":"01a0a17e-10c4-752f-9b74-3cd02b6489e2"}
{"name":"worker","pid":221,"phase":"RUN_GRADLEW","buildId":"8edd809d-40dd-4406-8e8f-7f9cc2f047d4","source":"stdout","level":30,"msg":"> Task :expo-dev-launcher:generateDebugRFile","time":"2026-09-14T19:56:28.740Z","v":0,"logId":"01a0a17e-10c4-752f-9b74-3cd169954434"}
{"name":"worker","pid":221,"phase":"RUN_GRADLEW","buildId":"8edd809d-40dd-4406-8e8f-7f9cc2f047d4","source":"stdout","level":30,"msg":"> Task :expo-dev-menu-interface:compileDebugLibraryResources","time":"2026-09-14T19:56:28.741Z","v":0,"logId":"01a0a17e-10c5-7369-ae10-4609c86d0e15"}
{"name":"worker","pid":221,"phase":"RUN_GRADLEW","buildId":"8edd809d-40dd-4406-8e8f-7f9cc2f047d4","source":"stdout","level":30,"msg":"> Task :expo-dev-menu:parseDebugLocalResources","time":"2026-09-14T19:56:28.741Z","v":0,"logId":"01a0a17e-10c5-7369-ae10-460a3bf49ea6"}
{"name":"worker","pid":221,"phase":"RUN_GRADLEW","buildId":"8edd809d-40dd-4406-8e8f-7f9cc2f047d4","source":"stdout","level":30,"msg":"> Task :expo-dev-menu-interface:parseDebugLocalResources","time":"2026-09-14T19:56:28.741Z","v":0,"logId":"01a0a17e-10c5-7369-ae10-460b037dd66a"}
{"name":"worker","pid":221,"phase":"RUN_GRADLEW","buildId":"8edd809d-40dd-4406-8e8f-7f9cc2f047d4","source":"stdout","level":30,"msg":"> Task :expo-dev-menu:generateDebugRFile","time":"2026-09-14T19:56:28.840Z","v":0,"logId":"01a0a17e-1129-7620-8009-838a1c8cd0e1"}
{"name":"worker","pid":221,"phase":"RUN_GRADLEW","buildId":"8edd809d-40dd-4406-8e8f-7f9cc2f047d4","source":"stdout","level":30,"msg":"> Task :expo-dev-menu-interface:generateDebugRFile","time":"2026-09-14T19:56:28.841Z","v":0,"logId":"01a0a17e-1129-7620-8009-838bb281d9b5"}
{"name":"worker","pid":221,"phase":"RUN_GRADLEW","buildId":"8edd809d-40dd-4406-8e8f-7f9cc2f047d4","source":"stdout","level":30,"msg":"> Task :expo-json-utils:compileDebugLibraryResources","time":"2026-09-14T19:56:28.841Z","v":0,"logId":"01a0a17e-1129-7620-8009-838ceacaa7c8"}
{"name":"worker","pid":221,"phase":"RUN_GRADLEW","buildId":"8edd809d-40dd-4406-8e8f-7f9cc2f047d4","source":"stdout","level":30,"msg":"> Task :expo-log-box:compileDebugLibraryResources","time":"2026-09-14T19:56:28.841Z","v":0,"logId":"01a0a17e-112a-7eba-b875-1f3c0486b093"}
{"name":"worker","pid":221,"phase":"RUN_GRADLEW","buildId":"8edd809d-40dd-4406-8e8f-7f9cc2f047d4","source":"stdout","level":30,"msg":"> Task :expo-log-box:parseDebugLocalResources","time":"2026-09-14T19:56:28.842Z","v":0,"logId":"01a0a17e-112a-7eba-b875-1f3dc1d359d2"}
{"name":"worker","pid":221,"phase":"RUN_GRADLEW","buildId":"8edd809d-40dd-4406-8e8f-7f9cc2f047d4","source":"stdout","level":30,"msg":"> Task :expo-json-utils:parseDebugLocalResources","time":"2026-09-14T19:56:28.842Z","v":0,"logId":"01a0a17e-112a-7eba-b875-1f3e634870af"}
{"name":"worker","pid":221,"phase":"RUN_GRADLEW","buildId":"8edd809d-40dd-4406-8e8f-7f9cc2f047d4","source":"stdout","level":30,"msg":"> Task :expo-log-box:generateDebugRFile","time":"2026-09-14T19:56:28.843Z","v":0,"logId":"01a0a17e-112b-7ab2-a034-33fb740edd36"}
{"name":"worker","pid":221,"phase":"RUN_GRADLEW","buildId":"8edd809d-40dd-4406-8e8f-7f9cc2f047d4","source":"stdout","level":30,"msg":"> Task :expo-json-utils:generateDebugRFile","time":"2026-09-14T19:56:28.843Z","v":0,"logId":"01a0a17e-112e-7cf2-9edc-8982eb22c6ed"}
{"name":"worker","pid":221,"phase":"RUN_GRADLEW","buildId":"8edd809d-40dd-4406-8e8f-7f9cc2f047d4","source":"stdout","level":30,"msg":"> Task :expo-manifests:compileDebugLibraryResources","time":"2026-09-14T19:56:28.846Z","v":0,"logId":"01a0a17e-112e-7cf2-9edc-8983af9020e7"}
{"name":"worker","pid":221,"phase":"RUN_GRADLEW","buildId":"8edd809d-40dd-4406-8e8f-7f9cc2f047d4","source":"stdout","level":30,"msg":"> Task :expo-modules-core:compileDebugLibraryResources","time":"2026-09-14T19:56:28.846Z","v":0,"logId":"01a0a17e-112e-7cf2-9edc-8984da5054cf"}
{"name":"worker","pid":221,"phase":"RUN_GRADLEW","buildId":"8edd809d-40dd-4406-8e8f-7f9cc2f047d4","source":"stdout","level":30,"msg":"> Task :expo-manifests:parseDebugLocalResources","time":"2026-09-14T19:56:28.846Z","v":0,"logId":"01a0a17e-112e-7cf2-9edc-89858247c871"}
{"name":"worker","pid":221,"phase":"RUN_GRADLEW","buildId":"8edd809d-40dd-4406-8e8f-7f9cc2f047d4","source":"stdout","level":30,"msg":"> Task :expo-modules-core:parseDebugLocalResources","time":"2026-09-14T19:56:28.846Z","v":0,"logId":"01a0a17e-112e-7cf2-9edc-89868bfb928f"}
{"name":"worker","pid":221,"phase":"RUN_GRADLEW","buildId":"8edd809d-40dd-4406-8e8f-7f9cc2f047d4","source":"stdout","level":30,"msg":"> Task :expo-manifests:generateDebugRFile","time":"2026-09-14T19:56:28.846Z","v":0,"logId":"01a0a17e-112f-7c7d-9c21-b746aa36522f"}
{"name":"worker","pid":221,"phase":"RUN_GRADLEW","buildId":"8edd809d-40dd-4406-8e8f-7f9cc2f047d4","source":"stdout","level":30,"msg":"> Task :expo-modules-core:generateDebugRFile","time":"2026-09-14T19:56:28.847Z","v":0,"logId":"01a0a17e-112f-7c7d-9c21-b7478ca07893"}
{"name":"worker","pid":221,"phase":"RUN_GRADLEW","buildId":"8edd809d-40dd-4406-8e8f-7f9cc2f047d4","source":"stdout","level":30,"msg":"> Task :react-native-gesture-handler:compileDebugLibraryResources","time":"2026-09-14T19:56:28.847Z","v":0,"logId":"01a0a17e-112f-7c7d-9c21-b7489aff9533"}
{"name":"worker","pid":221,"phase":"RUN_GRADLEW","buildId":"8edd809d-40dd-4406-8e8f-7f9cc2f047d4","source":"stdout","level":30,"msg":"> Task :expo-updates-interface:compileDebugLibraryResources","time":"2026-09-14T19:56:28.847Z","v":0,"logId":"01a0a17e-112f-7c7d-9c21-b749b7e49999"}
{"name":"worker","pid":221,"phase":"RUN_GRADLEW","buildId":"8edd809d-40dd-4406-8e8f-7f9cc2f047d4","source":"stdout","level":30,"msg":"> Task :expo-updates-interface:parseDebugLocalResources","time":"2026-09-14T19:56:28.847Z","v":0,"logId":"01a0a17e-112f-7c7d-9c21-b74a433f7165"}
{"name":"worker","pid":221,"phase":"RUN_GRADLEW","buildId":"8edd809d-40dd-4406-8e8f-7f9cc2f047d4","source":"stdout","level":30,"msg":"> Task :react-native-gesture-handler:parseDebugLocalResources","time":"2026-09-14T19:56:28.847Z","v":0,"logId":"01a0a17e-112f-7c7d-9c21-b74b5c594b09"}
{"name":"worker","pid":221,"phase":"RUN_GRADLEW","buildId":"8edd809d-40dd-4406-8e8f-7f9cc2f047d4","source":"stdout","level":30,"msg":"> Task :react-native-gesture-handler:generateDebugRFile","time":"2026-09-14T19:56:28.847Z","v":0,"logId":"01a0a17e-112f-7c7d-9c21-b74c96ecbbac"}
{"name":"worker","pid":221,"phase":"RUN_GRADLEW","buildId":"8edd809d-40dd-4406-8e8f-7f9cc2f047d4","source":"stdout","level":30,"msg":"> Task :expo-updates-interface:generateDebugRFile","time":"2026-09-14T19:56:28.848Z","v":0,"logId":"01a0a17e-1130-790b-89ae-5c6c38389cf3"}
{"name":"worker","pid":221,"phase":"RUN_GRADLEW","buildId":"8edd809d-40dd-4406-8e8f-7f9cc2f047d4","source":"stdout","level":30,"msg":"> Task :react-native-masked-view_masked-view:compileDebugLibraryResources","time":"2026-09-14T19:56:28.939Z","v":0,"logId":"01a0a17e-118c-744c-9ec0-4945fa12e714"}
{"name":"worker","pid":221,"phase":"RUN_GRADLEW","buildId":"8edd809d-40dd-4406-8e8f-7f9cc2f047d4","source":"stdout","level":30,"msg":"> Task :react-native-reanimated:compileDebugLibraryResources","time":"2026-09-14T19:56:28.941Z","v":0,"logId":"01a0a17e-118e-7aba-91e6-72a6f1252df6"}
{"name":"worker","pid":221,"phase":"RUN_GRADLEW","buildId":"8edd809d-40dd-4406-8e8f-7f9cc2f047d4","source":"stdout","level":30,"msg":"> Task :react-native-masked-view_masked-view:parseDebugLocalResources","time":"2026-09-14T19:56:28.942Z","v":0,"logId":"01a0a17e-118f-7993-8145-b89d21b10d5f"}
{"name":"worker","pid":221,"phase":"RUN_GRADLEW","buildId":"8edd809d-40dd-4406-8e8f-7f9cc2f047d4","source":"stdout","level":30,"msg":"> Task :react-native-reanimated:parseDebugLocalResources","time":"2026-09-14T19:56:28.943Z","v":0,"logId":"01a0a17e-118f-7993-8145-b89ed4bd3a3f"}
{"name":"worker","pid":221,"phase":"RUN_GRADLEW","buildId":"8edd809d-40dd-4406-8e8f-7f9cc2f047d4","source":"stdout","level":30,"msg":"> Task :react-native-masked-view_masked-view:generateDebugRFile","time":"2026-09-14T19:56:28.943Z","v":0,"logId":"01a0a17e-118f-7993-8145-b89f08c701ea"}
{"name":"worker","pid":221,"phase":"RUN_GRADLEW","buildId":"8edd809d-40dd-4406-8e8f-7f9cc2f047d4","source":"stdout","level":30,"msg":"> Task :react-native-safe-area-context:compileDebugLibraryResources","time":"2026-09-14T19:56:28.943Z","v":0,"logId":"01a0a17e-118f-7993-8145-b8a022866cce"}
{"name":"worker","pid":221,"phase":"RUN_GRADLEW","buildId":"8edd809d-40dd-4406-8e8f-7f9cc2f047d4","source":"stdout","level":30,"msg":"> Task :react-native-reanimated:generateDebugRFile","time":"2026-09-14T19:56:28.943Z","v":0,"logId":"01a0a17e-118f-7993-8145-b8a18ac6dca0"}
{"name":"worker","pid":221,"phase":"RUN_GRADLEW","buildId":"8edd809d-40dd-4406-8e8f-7f9cc2f047d4","source":"stdout","level":30,"msg":"> Task :react-native-safe-area-context:parseDebugLocalResources","time":"2026-09-14T19:56:28.943Z","v":0,"logId":"01a0a17e-118f-7993-8145-b8a282d98237"}
{"name":"worker","pid":221,"phase":"RUN_GRADLEW","buildId":"8edd809d-40dd-4406-8e8f-7f9cc2f047d4","source":"stdout","level":30,"msg":"> Task :react-native-safe-area-context:generateDebugRFile","time":"2026-09-14T19:56:28.943Z","v":0,"logId":"01a0a17e-118f-7993-8145-b8a32e5d1d73"}
{"name":"worker","pid":221,"phase":"RUN_GRADLEW","buildId":"8edd809d-40dd-4406-8e8f-7f9cc2f047d4","source":"stdout","level":30,"msg":"> Task :react-native-screens:compileDebugLibraryResources","time":"2026-09-14T19:56:28.943Z","v":0,"logId":"01a0a17e-118f-7993-8145-b8a4341cb802"}
{"name":"worker","pid":221,"phase":"RUN_GRADLEW","buildId":"8edd809d-40dd-4406-8e8f-7f9cc2f047d4","source":"stdout","level":30,"msg":"> Task :react-native-screens:parseDebugLocalResources","time":"2026-09-14T19:56:28.943Z","v":0,"logId":"01a0a17e-118f-7993-8145-b8a5c0c0d43c"}
{"name":"worker","pid":221,"phase":"RUN_GRADLEW","buildId":"8edd809d-40dd-4406-8e8f-7f9cc2f047d4","source":"stdout","level":30,"msg":"> Task :react-native-worklets:compileDebugLibraryResources","time":"2026-09-14T19:56:28.944Z","v":0,"logId":"01a0a17e-1190-7415-bfd4-378523f7e1e5"}
{"name":"worker","pid":221,"phase":"RUN_GRADLEW","buildId":"8edd809d-40dd-4406-8e8f-7f9cc2f047d4","source":"stdout","level":30,"msg":"> Task :react-native-worklets:parseDebugLocalResources","time":"2026-09-14T19:56:28.944Z","v":0,"logId":"01a0a17e-1190-7415-bfd4-378653c608fb"}
{"name":"worker","pid":221,"phase":"RUN_GRADLEW","buildId":"8edd809d-40dd-4406-8e8f-7f9cc2f047d4","source":"stdout","level":30,"msg":"> Task :react-native-screens:generateDebugRFile","time":"2026-09-14T19:56:28.944Z","v":0,"logId":"01a0a17e-1190-7415-bfd4-3787078daec3"}
{"name":"worker","pid":221,"phase":"RUN_GRADLEW","buildId":"8edd809d-40dd-4406-8e8f-7f9cc2f047d4","source":"stdout","level":30,"msg":"> Task :expo:checkKotlinGradlePluginConfigurationErrors SKIPPED","time":"2026-09-14T19:56:28.944Z","v":0,"logId":"01a0a17e-1190-7415-bfd4-3788d8be9093"}
{"name":"worker","pid":221,"phase":"RUN_GRADLEW","buildId":"8edd809d-40dd-4406-8e8f-7f9cc2f047d4","source":"stdout","level":30,"msg":"> Task :react-native-worklets:generateDebugRFile","time":"2026-09-14T19:56:28.944Z","v":0,"logId":"01a0a17e-1190-7415-bfd4-3789782d1a45"}
{"name":"worker","pid":221,"phase":"RUN_GRADLEW","buildId":"8edd809d-40dd-4406-8e8f-7f9cc2f047d4","source":"stdout","level":30,"msg":"> Task :expo-constants:checkKotlinGradlePluginConfigurationErrors SKIPPED","time":"2026-09-14T19:56:28.944Z","v":0,"logId":"01a0a17e-1190-7415-bfd4-378ac924e635"}
{"name":"worker","pid":221,"phase":"RUN_GRADLEW","buildId":"8edd809d-40dd-4406-8e8f-7f9cc2f047d4","source":"stdout","level":30,"msg":"> Task :expo:generateDebugBuildConfig","time":"2026-09-14T19:56:29.038Z","v":0,"logId":"01a0a17e-11ee-7eea-8bca-b9b17d8314b9"}
{"name":"worker","pid":221,"phase":"RUN_GRADLEW","buildId":"8edd809d-40dd-4406-8e8f-7f9cc2f047d4","source":"stdout","level":30,"msg":"> Task :expo-constants:generateDebugBuildConfig","time":"2026-09-14T19:56:29.039Z","v":0,"logId":"01a0a17e-11ef-7b28-a1a3-17f98998f5ba"}
{"name":"worker","pid":221,"phase":"RUN_GRADLEW","buildId":"8edd809d-40dd-4406-8e8f-7f9cc2f047d4","source":"stdout","level":30,"msg":"> Task :expo-modules-core:checkKotlinGradlePluginConfigurationErrors SKIPPED","time":"2026-09-14T19:56:29.039Z","v":0,"logId":"01a0a17e-11ef-7b28-a1a3-17fa30bc15d0"}
{"name":"worker","pid":221,"phase":"RUN_GRADLEW","buildId":"8edd809d-40dd-4406-8e8f-7f9cc2f047d4","source":"stdout","level":30,"msg":"> Task :react-native-worklets:checkKotlinGradlePluginConfigurationErrors SKIPPED","time":"2026-09-14T19:56:29.039Z","v":0,"logId":"01a0a17e-11ef-7b28-a1a3-17fb9d40e63c"}
{"name":"worker","pid":221,"phase":"RUN_GRADLEW","buildId":"8edd809d-40dd-4406-8e8f-7f9cc2f047d4","source":"stdout","level":30,"msg":"> Task :react-native-worklets:generateDebugBuildConfig","time":"2026-09-14T19:56:29.039Z","v":0,"logId":"01a0a17e-11ef-7b28-a1a3-17fcc2436cde"}
{"name":"worker","pid":221,"phase":"RUN_GRADLEW","buildId":"8edd809d-40dd-4406-8e8f-7f9cc2f047d4","source":"stdout","level":30,"msg":"> Task :expo-modules-core:generateDebugBuildConfig","time":"2026-09-14T19:56:29.040Z","v":0,"logId":"01a0a17e-11f0-76cc-a918-c75bd7c9c723"}
{"name":"worker","pid":221,"phase":"RUN_GRADLEW","buildId":"8edd809d-40dd-4406-8e8f-7f9cc2f047d4","source":"stdout","level":30,"msg":"> Task :expo-modules-core:javaPreCompileDebug","time":"2026-09-14T19:56:29.040Z","v":0,"logId":"01a0a17e-11f0-76cc-a918-c75cc4ca96cb"}
{"name":"worker","pid":221,"phase":"RUN_GRADLEW","buildId":"8edd809d-40dd-4406-8e8f-7f9cc2f047d4","source":"stdout","level":30,"msg":"> Task :expo-constants:javaPreCompileDebug","time":"2026-09-14T19:56:30.140Z","v":0,"logId":"01a0a17e-163c-7f0b-957b-ba3eb93252e7"}
{"name":"worker","pid":221,"phase":"RUN_GRADLEW","buildId":"8edd809d-40dd-4406-8e8f-7f9cc2f047d4","source":"stdout","level":30,"msg":"> Task :expo-dev-client:checkKotlinGradlePluginConfigurationErrors SKIPPED","time":"2026-09-14T19:56:30.143Z","v":0,"logId":"01a0a17e-163f-7752-8183-45526bed56e9"}
{"name":"worker","pid":221,"phase":"RUN_GRADLEW","buildId":"8edd809d-40dd-4406-8e8f-7f9cc2f047d4","source":"stdout","level":30,"msg":"> Task :expo-dev-client:dataBindingMergeDependencyArtifactsDebug","time":"2026-09-14T19:56:30.544Z","v":0,"logId":"01a0a17e-17d0-7db0-afe5-18fdb466a5d3"}
{"name":"worker","pid":221,"phase":"RUN_GRADLEW","buildId":"8edd809d-40dd-4406-8e8f-7f9cc2f047d4","source":"stdout","level":30,"msg":"> Task :expo-dev-client:dataBindingGenBaseClassesDebug","time":"2026-09-14T19:56:30.639Z","v":0,"logId":"01a0a17e-182f-79d4-9dd5-bcfb4b849959"}
{"name":"worker","pid":221,"phase":"RUN_GRADLEW","buildId":"8edd809d-40dd-4406-8e8f-7f9cc2f047d4","source":"stdout","level":30,"msg":"> Task :expo-dev-client:generateDebugBuildConfig","time":"2026-09-14T19:56:30.642Z","v":0,"logId":"01a0a17e-1832-70c7-b320-e61978e83e60"}
{"name":"worker","pid":221,"phase":"RUN_GRADLEW","buildId":"8edd809d-40dd-4406-8e8f-7f9cc2f047d4","source":"stdout","level":30,"msg":"> Task :expo-dev-client:javaPreCompileDebug","time":"2026-09-14T19:56:30.642Z","v":0,"logId":"01a0a17e-1832-70c7-b320-e61a539d9df7"}
{"name":"worker","pid":221,"phase":"RUN_GRADLEW","buildId":"8edd809d-40dd-4406-8e8f-7f9cc2f047d4","source":"stdout","level":30,"msg":"> Task :expo-dev-launcher:checkKotlinGradlePluginConfigurationErrors SKIPPED","time":"2026-09-14T19:56:30.642Z","v":0,"logId":"01a0a17e-1832-70c7-b320-e61b0db2be3f"}
{"name":"worker","pid":221,"phase":"RUN_GRADLEW","buildId":"8edd809d-40dd-4406-8e8f-7f9cc2f047d4","source":"stdout","level":30,"msg":"> Task :expo-dev-menu:checkKotlinGradlePluginConfigurationErrors SKIPPED","time":"2026-09-14T19:56:35.638Z","v":0,"logId":"01a0a17e-2bb7-7f97-89c7-63787a699649"}
{"name":"worker","pid":221,"phase":"RUN_GRADLEW","buildId":"8edd809d-40dd-4406-8e8f-7f9cc2f047d4","source":"stdout","level":30,"msg":"> Task :expo-dev-menu:generateDebugBuildConfig","time":"2026-09-14T19:56:35.639Z","v":0,"logId":"01a0a17e-2bb7-7f97-89c7-6379d6b271fe"}
{"name":"worker","pid":221,"phase":"RUN_GRADLEW","buildId":"8edd809d-40dd-4406-8e8f-7f9cc2f047d4","source":"stdout","level":30,"msg":"> Task :expo-dev-menu-interface:checkKotlinGradlePluginConfigurationErrors","time":"2026-09-14T19:56:35.639Z","v":0,"logId":"01a0a17e-2bb7-7f97-89c7-637af68c8689"}
{"name":"worker","pid":221,"phase":"RUN_GRADLEW","buildId":"8edd809d-40dd-4406-8e8f-7f9cc2f047d4","source":"stdout","level":30,"msg":"SKIPPED","time":"2026-09-14T19:56:35.640Z","v":0,"logId":"01a0a17e-2bb8-7868-b5ba-afc60d907541"}
{"name":"worker","pid":221,"phase":"RUN_GRADLEW","buildId":"8edd809d-40dd-4406-8e8f-7f9cc2f047d4","source":"stdout","level":30,"msg":"> Task :expo-dev-menu-interface:generateDebugBuildConfig","time":"2026-09-14T19:56:35.640Z","v":0,"logId":"01a0a17e-2bb8-7868-b5ba-afc7b5df16c6"}
{"name":"worker","pid":221,"phase":"RUN_GRADLEW","buildId":"8edd809d-40dd-4406-8e8f-7f9cc2f047d4","source":"stdout","level":30,"msg":"> Task :expo-dev-menu-interface:javaPreCompileDebug","time":"2026-09-14T19:56:35.741Z","v":0,"logId":"01a0a17e-2c1e-7dc7-8670-a6df505a106f"}
{"name":"worker","pid":221,"phase":"RUN_GRADLEW","buildId":"8edd809d-40dd-4406-8e8f-7f9cc2f047d4","source":"stdout","level":30,"msg":"> Task :react-native-worklets:javaPreCompileDebug","time":"2026-09-14T19:56:35.742Z","v":0,"logId":"01a0a17e-2c1e-7dc7-8670-a6e0534548dd"}
{"name":"worker","pid":221,"phase":"RUN_GRADLEW","buildId":"8edd809d-40dd-4406-8e8f-7f9cc2f047d4","source":"stdout","level":30,"msg":"> Task :expo-json-utils:checkKotlinGradlePluginConfigurationErrors SKIPPED","time":"2026-09-14T19:56:35.742Z","v":0,"logId":"01a0a17e-2c1e-7dc7-8670-a6e1b2d5ccb4"}
{"name":"worker","pid":221,"phase":"RUN_GRADLEW","buildId":"8edd809d-40dd-4406-8e8f-7f9cc2f047d4","source":"stdout","level":30,"msg":"> Task :expo-json-utils:generateDebugBuildConfig","time":"2026-09-14T19:56:35.742Z","v":0,"logId":"01a0a17e-2c1e-7dc7-8670-a6e2645a70d6"}
{"name":"worker","pid":221,"phase":"RUN_GRADLEW","buildId":"8edd809d-40dd-4406-8e8f-7f9cc2f047d4","source":"stdout","level":30,"msg":"> Task :expo-json-utils:javaPreCompileDebug","time":"2026-09-14T19:56:35.742Z","v":0,"logId":"01a0a17e-2c1e-7dc7-8670-a6e3efc42566"}
{"name":"worker","pid":221,"phase":"RUN_GRADLEW","buildId":"8edd809d-40dd-4406-8e8f-7f9cc2f047d4","source":"stdout","level":30,"msg":"> Task :expo-manifests:checkKotlinGradlePluginConfigurationErrors SKIPPED","time":"2026-09-14T19:56:35.742Z","v":0,"logId":"01a0a17e-2c1e-7dc7-8670-a6e4403fd02c"}
{"name":"worker","pid":221,"phase":"RUN_GRADLEW","buildId":"8edd809d-40dd-4406-8e8f-7f9cc2f047d4","source":"stdout","level":30,"msg":"> Task :expo-manifests:generateDebugBuildConfig","time":"2026-09-14T19:56:35.742Z","v":0,"logId":"01a0a17e-2c1e-7dc7-8670-a6e51dc63f10"}
{"name":"worker","pid":221,"phase":"RUN_GRADLEW","buildId":"8edd809d-40dd-4406-8e8f-7f9cc2f047d4","source":"stdout","level":30,"msg":"> Task :expo-manifests:javaPreCompileDebug","time":"2026-09-14T19:56:35.839Z","v":0,"logId":"01a0a17e-2c7f-72c5-8e50-e93eae966ad7"}
{"name":"worker","pid":221,"phase":"RUN_GRADLEW","buildId":"8edd809d-40dd-4406-8e8f-7f9cc2f047d4","source":"stdout","level":30,"msg":"> Task :expo-dev-menu:javaPreCompileDebug","time":"2026-09-14T19:56:35.939Z","v":0,"logId":"01a0a17e-2ce3-7110-8c59-75fa8d090acc"}
{"name":"worker","pid":221,"phase":"RUN_GRADLEW","buildId":"8edd809d-40dd-4406-8e8f-7f9cc2f047d4","source":"stdout","level":30,"msg":"> Task :expo-updates-interface:checkKotlinGradlePluginConfigurationErrors SKIPPED","time":"2026-09-14T19:56:35.940Z","v":0,"logId":"01a0a17e-2ce4-7492-8934-4e92d0f34c85"}
{"name":"worker","pid":221,"phase":"RUN_GRADLEW","buildId":"8edd809d-40dd-4406-8e8f-7f9cc2f047d4","source":"stdout","level":30,"msg":"> Task :expo-updates-interface:generateDebugBuildConfig","time":"2026-09-14T19:56:36.038Z","v":0,"logId":"01a0a17e-2d48-7529-896e-bd2bff5cc09b"}
{"name":"worker","pid":221,"phase":"RUN_GRADLEW","buildId":"8edd809d-40dd-4406-8e8f-7f9cc2f047d4","source":"stdout","level":30,"msg":"> Task :expo-updates-interface:javaPreCompileDebug","time":"2026-09-14T19:56:36.040Z","v":0,"logId":"01a0a17e-2d48-7529-896e-bd2c876de2d0"}
{"name":"worker","pid":221,"phase":"RUN_GRADLEW","buildId":"8edd809d-40dd-4406-8e8f-7f9cc2f047d4","source":"stdout","level":30,"msg":"> Task :expo-log-box:checkKotlinGradlePluginConfigurationErrors SKIPPED","time":"2026-09-14T19:56:36.040Z","v":0,"logId":"01a0a17e-2d48-7529-896e-bd2d1addecb3"}
{"name":"worker","pid":221,"phase":"RUN_GRADLEW","buildId":"8edd809d-40dd-4406-8e8f-7f9cc2f047d4","source":"stdout","level":30,"msg":"> Task :expo-log-box:generateDebugBuildConfig","time":"2026-09-14T19:56:36.040Z","v":0,"logId":"01a0a17e-2d48-7529-896e-bd2e5a519388"}
{"name":"worker","pid":221,"phase":"RUN_GRADLEW","buildId":"8edd809d-40dd-4406-8e8f-7f9cc2f047d4","source":"stdout","level":30,"msg":"> Task :expo-log-box:javaPreCompileDebug","time":"2026-09-14T19:56:36.040Z","v":0,"logId":"01a0a17e-2d48-7529-896e-bd2fa60dc246"}
{"name":"worker","pid":221,"phase":"RUN_GRADLEW","buildId":"8edd809d-40dd-4406-8e8f-7f9cc2f047d4","source":"stdout","level":30,"msg":"> Task :expo:javaPreCompileDebug","time":"2026-09-14T19:56:36.040Z","v":0,"logId":"01a0a17e-2d48-7529-896e-bd303d6406b7"}
{"name":"worker","pid":221,"phase":"RUN_GRADLEW","buildId":"8edd809d-40dd-4406-8e8f-7f9cc2f047d4","source":"stdout","level":30,"msg":"> Task :react-native-gesture-handler:checkKotlinGradlePluginConfigurationErrors SKIPPED","time":"2026-09-14T19:56:36.041Z","v":0,"logId":"01a0a17e-2d49-7c67-bd30-77b36f93e849"}
{"name":"worker","pid":221,"phase":"RUN_GRADLEW","buildId":"8edd809d-40dd-4406-8e8f-7f9cc2f047d4","source":"stdout","level":30,"msg":"> Task :react-native-gesture-handler:generateDebugBuildConfig","time":"2026-09-14T19:56:36.041Z","v":0,"logId":"01a0a17e-2d49-7c67-bd30-77b4c1bb3737"}
{"name":"worker","pid":221,"phase":"RUN_GRADLEW","buildId":"8edd809d-40dd-4406-8e8f-7f9cc2f047d4","source":"stdout","level":30,"msg":"> Task :react-native-reanimated:checkKotlinGradlePluginConfigurationErrors SKIPPED","time":"2026-09-14T19:56:36.041Z","v":0,"logId":"01a0a17e-2d49-7c67-bd30-77b535b6529a"}
{"name":"worker","pid":221,"phase":"RUN_GRADLEW","buildId":"8edd809d-40dd-4406-8e8f-7f9cc2f047d4","source":"stdout","level":30,"msg":"> Task :react-native-reanimated:generateDebugBuildConfig","time":"2026-09-14T19:56:36.041Z","v":0,"logId":"01a0a17e-2d49-7c67-bd30-77b6d3bd3b68"}
{"name":"worker","pid":221,"phase":"RUN_GRADLEW","buildId":"8edd809d-40dd-4406-8e8f-7f9cc2f047d4","source":"stdout","level":30,"msg":"> Task :react-native-reanimated:javaPreCompileDebug","time":"2026-09-14T19:56:36.141Z","v":0,"logId":"01a0a17e-2dad-7304-bbb6-1fcaf1d5c1a0"}
{"name":"worker","pid":221,"phase":"RUN_GRADLEW","buildId":"8edd809d-40dd-4406-8e8f-7f9cc2f047d4","source":"stdout","level":30,"msg":"> Task :react-native-gesture-handler:javaPreCompileDebug","time":"2026-09-14T19:56:36.640Z","v":0,"logId":"01a0a17e-2fa1-7965-a843-b20275e1ce29"}
{"name":"worker","pid":221,"phase":"RUN_GRADLEW","buildId":"8edd809d-40dd-4406-8e8f-7f9cc2f047d4","source":"stdout","level":30,"msg":"> Task :react-native-masked-view_masked-view:generateDebugBuildConfig","time":"2026-09-14T19:56:36.641Z","v":0,"logId":"01a0a17e-2fa1-7965-a843-b203aafd85bb"}
{"name":"worker","pid":221,"phase":"RUN_GRADLEW","buildId":"8edd809d-40dd-4406-8e8f-7f9cc2f047d4","source":"stdout","level":30,"msg":"> Task :react-native-masked-view_masked-view:javaPreCompileDebug","time":"2026-09-14T19:56:36.641Z","v":0,"logId":"01a0a17e-2fa1-7965-a843-b204647b33d3"}
{"name":"worker","pid":221,"phase":"RUN_GRADLEW","buildId":"8edd809d-40dd-4406-8e8f-7f9cc2f047d4","source":"stdout","level":30,"msg":"> Task :app:generateAutolinkingNewArchitectureFiles","time":"2026-09-14T19:56:37.038Z","v":0,"logId":"01a0a17e-312f-7932-8767-04e75465d396"}
{"name":"worker","pid":221,"phase":"RUN_GRADLEW","buildId":"8edd809d-40dd-4406-8e8f-7f9cc2f047d4","source":"stdout","level":30,"msg":"> Task :app:generateAutolinkingPackageList","time":"2026-09-14T19:56:37.139Z","v":0,"logId":"01a0a17e-3193-7337-bf9b-a8bf6d2f0278"}
{"name":"worker","pid":221,"phase":"RUN_GRADLEW","buildId":"8edd809d-40dd-4406-8e8f-7f9cc2f047d4","source":"stdout","level":30,"msg":"> Task :app:generateCodegenSchemaFromJavaScript SKIPPED","time":"2026-09-14T19:56:37.145Z","v":0,"logId":"01a0a17e-3199-74a9-807b-3a56cfd888a4"}
{"name":"worker","pid":221,"phase":"RUN_GRADLEW","buildId":"8edd809d-40dd-4406-8e8f-7f9cc2f047d4","source":"stdout","level":30,"msg":"> Task :app:generateCodegenArtifactsFromSchema SKIPPED","time":"2026-09-14T19:56:37.145Z","v":0,"logId":"01a0a17e-3199-74a9-807b-3a5797b2bce9"}
{"name":"worker","pid":221,"phase":"RUN_GRADLEW","buildId":"8edd809d-40dd-4406-8e8f-7f9cc2f047d4","source":"stdout","level":30,"msg":"> Task :app:generateReactNativeEntryPoint","time":"2026-09-14T19:56:37.145Z","v":0,"logId":"01a0a17e-3199-74a9-807b-3a584267b15d"}
{"name":"worker","pid":221,"phase":"RUN_GRADLEW","buildId":"8edd809d-40dd-4406-8e8f-7f9cc2f047d4","source":"stdout","level":30,"msg":"> Task :app:preBuild","time":"2026-09-14T19:56:37.145Z","v":0,"logId":"01a0a17e-3199-74a9-807b-3a594403bb81"}
{"name":"worker","pid":221,"phase":"RUN_GRADLEW","buildId":"8edd809d-40dd-4406-8e8f-7f9cc2f047d4","source":"stdout","level":30,"msg":"> Task :app:preDebugBuild","time":"2026-09-14T19:56:37.145Z","v":0,"logId":"01a0a17e-3199-74a9-807b-3a5a6f3be88c"}
{"name":"worker","pid":221,"phase":"RUN_GRADLEW","buildId":"8edd809d-40dd-4406-8e8f-7f9cc2f047d4","source":"stdout","level":30,"msg":"> Task :app:mergeDebugNativeDebugMetadata NO-SOURCE","time":"2026-09-14T19:56:37.145Z","v":0,"logId":"01a0a17e-3199-74a9-807b-3a5b76a65c2a"}
{"name":"worker","pid":221,"phase":"RUN_GRADLEW","buildId":"8edd809d-40dd-4406-8e8f-7f9cc2f047d4","source":"stdout","level":30,"msg":"> Task :app:checkKotlinGradlePluginConfigurationErrors SKIPPED","time":"2026-09-14T19:56:37.145Z","v":0,"logId":"01a0a17e-3199-74a9-807b-3a5c818ad2cb"}
{"name":"worker","pid":221,"phase":"RUN_GRADLEW","buildId":"8edd809d-40dd-4406-8e8f-7f9cc2f047d4","source":"stdout","level":30,"msg":"> Task :app:generateDebugBuildConfig","time":"2026-09-14T19:56:37.146Z","v":0,"logId":"01a0a17e-319a-7c5d-911e-9aeca44b9c96"}
{"name":"worker","pid":221,"phase":"RUN_GRADLEW","buildId":"8edd809d-40dd-4406-8e8f-7f9cc2f047d4","source":"stdout","level":30,"msg":"> Task :react-native-worklets:compileDebugKotlin","time":"2026-09-14T19:56:42.341Z","v":0,"logId":"01a0a17e-45e5-7463-aef1-dfdb369c9e91"}
{"name":"worker","pid":221,"phase":"RUN_GRADLEW","buildId":"8edd809d-40dd-4406-8e8f-7f9cc2f047d4","source":"stdout","level":30,"msg":"> Task :react-native-masked-view_masked-view:compileDebugJavaWithJavac","time":"2026-09-14T19:56:46.039Z","v":0,"logId":"01a0a17e-5457-73c8-89ee-77f939412403"}
{"name":"worker","pid":221,"phase":"RUN_GRADLEW","buildId":"8edd809d-40dd-4406-8e8f-7f9cc2f047d4","source":"stderr","level":30,"msg":"Note: /home/expo/workingdir/build/node_modules/@react-native-masked-view/masked-view/android/src/main/java/org/reactnative/maskedview/RNCMaskedViewPackage.java uses or overrides a deprecated API.","time":"2026-09-14T19:56:46.040Z","v":0,"logId":"01a0a17e-5458-7bae-ac22-e9f536186027"}
{"name":"worker","pid":221,"phase":"RUN_GRADLEW","buildId":"8edd809d-40dd-4406-8e8f-7f9cc2f047d4","source":"stderr","level":30,"msg":"Note: Recompile with -Xlint:deprecation for details.","time":"2026-09-14T19:56:46.040Z","v":0,"logId":"01a0a17e-5458-7bae-ac22-e9f68e1d8020"}
{"name":"worker","pid":221,"phase":"RUN_GRADLEW","buildId":"8edd809d-40dd-4406-8e8f-7f9cc2f047d4","source":"stdout","level":30,"msg":"> Task :react-native-worklets:compileDebugJavaWithJavac","time":"2026-09-14T19:56:47.639Z","v":0,"logId":"01a0a17e-5a97-7118-9235-1a569e33b9c5"}
{"name":"worker","pid":221,"phase":"RUN_GRADLEW","buildId":"8edd809d-40dd-4406-8e8f-7f9cc2f047d4","source":"stdout","level":30,"msg":"> Task :react-native-worklets:bundleLibCompileToJarDebug","time":"2026-09-14T19:56:47.642Z","v":0,"logId":"01a0a17e-5a9a-710f-9c02-40298f0ef411"}
{"name":"worker","pid":221,"phase":"RUN_GRADLEW","buildId":"8edd809d-40dd-4406-8e8f-7f9cc2f047d4","source":"stdout","level":30,"msg":"> Task :react-native-masked-view_masked-view:bundleLibCompileToJarDebug","time":"2026-09-14T19:56:48.848Z","v":0,"logId":"01a0a17e-5f50-7223-a16e-c73eaa340d2a"}
{"name":"worker","pid":221,"phase":"RUN_GRADLEW","buildId":"8edd809d-40dd-4406-8e8f-7f9cc2f047d4","source":"stdout","level":30,"msg":"> Task :app:generateDebugResValues","time":"2026-09-14T19:56:48.848Z","v":0,"logId":"01a0a17e-5f50-7223-a16e-c73f9a2eff8c"}
{"name":"worker","pid":221,"phase":"RUN_GRADLEW","buildId":"8edd809d-40dd-4406-8e8f-7f9cc2f047d4","source":"stdout","level":30,"msg":"> Task :app:checkDebugAarMetadata","time":"2026-09-14T19:56:49.241Z","v":0,"logId":"01a0a17e-60d9-7852-9b0d-b86569692676"}
{"name":"worker","pid":221,"phase":"RUN_GRADLEW","buildId":"8edd809d-40dd-4406-8e8f-7f9cc2f047d4","source":"stdout","level":30,"msg":"> Task :app:mapDebugSourceSetPaths","time":"2026-09-14T19:56:49.244Z","v":0,"logId":"01a0a17e-60dc-73bf-a338-a356b2f5b470"}
{"name":"worker","pid":221,"phase":"RUN_GRADLEW","buildId":"8edd809d-40dd-4406-8e8f-7f9cc2f047d4","source":"stdout","level":30,"msg":"> Task :app:generateDebugResources","time":"2026-09-14T19:56:49.244Z","v":0,"logId":"01a0a17e-60dc-73bf-a338-a357b1119885"}
{"name":"worker","pid":221,"phase":"RUN_GRADLEW","buildId":"8edd809d-40dd-4406-8e8f-7f9cc2f047d4","source":"stdout","level":30,"msg":"> Task :expo-dev-launcher:dataBindingMergeDependencyArtifactsDebug","time":"2026-09-14T19:56:49.939Z","v":0,"logId":"01a0a17e-6393-712d-8339-956de49d4921"}
{"name":"worker","pid":221,"phase":"RUN_GRADLEW","buildId":"8edd809d-40dd-4406-8e8f-7f9cc2f047d4","source":"stdout","level":30,"msg":"> Task :expo-dev-launcher:dataBindingGenBaseClassesDebug","time":"2026-09-14T19:56:50.738Z","v":0,"logId":"01a0a17e-66b3-7b4f-b12a-1a9beac2bc08"}
{"name":"worker","pid":221,"phase":"RUN_GRADLEW","buildId":"8edd809d-40dd-4406-8e8f-7f9cc2f047d4","source":"stdout","level":30,"msg":"> Task :expo-dev-launcher:generateDebugBuildConfig","time":"2026-09-14T19:56:50.739Z","v":0,"logId":"01a0a17e-66b6-731a-b74d-74360cef6f06"}
{"name":"worker","pid":221,"phase":"RUN_GRADLEW","buildId":"8edd809d-40dd-4406-8e8f-7f9cc2f047d4","source":"stdout","level":30,"msg":"> Task :expo-dev-launcher:checkApolloVersions","time":"2026-09-14T19:56:50.742Z","v":0,"logId":"01a0a17e-66b6-731a-b74d-743717622217"}
{"name":"worker","pid":221,"phase":"RUN_GRADLEW","buildId":"8edd809d-40dd-4406-8e8f-7f9cc2f047d4","source":"stdout","level":30,"msg":"> Task :expo-dev-launcher:generateServiceApolloOptions","time":"2026-09-14T19:56:50.838Z","v":0,"logId":"01a0a17e-671a-7090-a2a7-4cc6f7bd669c"}
{"name":"worker","pid":221,"phase":"RUN_GRADLEW","buildId":"8edd809d-40dd-4406-8e8f-7f9cc2f047d4","source":"stdout","level":30,"msg":"> Task :app:mergeDebugResources","time":"2026-09-14T19:56:54.238Z","v":0,"logId":"01a0a17e-745f-7c53-8fdc-efcdbe9aa252"}
{"name":"worker","pid":221,"phase":"RUN_GRADLEW","buildId":"8edd809d-40dd-4406-8e8f-7f9cc2f047d4","source":"stdout","level":30,"msg":"> Task :app:packageDebugResources","time":"2026-09-14T19:56:54.338Z","v":0,"logId":"01a0a17e-74c3-775f-b70f-967e3e0294a9"}
{"name":"worker","pid":221,"phase":"RUN_GRADLEW","buildId":"8edd809d-40dd-4406-8e8f-7f9cc2f047d4","source":"stdout","level":30,"msg":"> Task :app:parseDebugLocalResources","time":"2026-09-14T19:56:54.339Z","v":0,"logId":"01a0a17e-74c4-7041-969e-0f820a645b6b"}
{"name":"worker","pid":221,"phase":"RUN_GRADLEW","buildId":"8edd809d-40dd-4406-8e8f-7f9cc2f047d4","source":"stdout","level":30,"msg":"> Task :app:createDebugCompatibleScreenManifests","time":"2026-09-14T19:56:54.439Z","v":0,"logId":"01a0a17e-7527-7035-ba41-b8916f51636c"}
{"name":"worker","pid":221,"phase":"RUN_GRADLEW","buildId":"8edd809d-40dd-4406-8e8f-7f9cc2f047d4","source":"stdout","level":30,"msg":"> Task :app:extractDeepLinksDebug","time":"2026-09-14T19:56:54.439Z","v":0,"logId":"01a0a17e-7527-7035-ba41-b89208f73be7"}
{"name":"worker","pid":221,"phase":"RUN_GRADLEW","buildId":"8edd809d-40dd-4406-8e8f-7f9cc2f047d4","source":"stdout","level":30,"msg":"> Task :expo-dev-launcher:generateServiceApolloSources","time":"2026-09-14T19:56:54.439Z","v":0,"logId":"01a0a17e-7527-7035-ba41-b8937c2d10c7"}
{"name":"worker","pid":221,"phase":"RUN_GRADLEW","buildId":"8edd809d-40dd-4406-8e8f-7f9cc2f047d4","source":"stdout","level":30,"msg":"w: /home/expo/workingdir/build/node_modules/expo-dev-launcher/android/src/debug/graphql/GetBranches.graphql: (21, 11): Apollo: Use of deprecated field `runtimeVersion`","time":"2026-09-14T19:56:54.439Z","v":0,"logId":"01a0a17e-7527-7035-ba41-b894830c5d37"}
{"name":"worker","pid":221,"phase":"RUN_GRADLEW","buildId":"8edd809d-40dd-4406-8e8f-7f9cc2f047d4","source":"stdout","level":30,"msg":"w: /home/expo/workingdir/build/node_modules/expo-dev-launcher/android/src/debug/graphql/GetBranches.graphql: (34, 3): Apollo: Variable `platform` is unused","time":"2026-09-14T19:56:54.439Z","v":0,"logId":"01a0a17e-7527-7035-ba41-b89581cb7045"}
{"name":"worker","pid":221,"phase":"RUN_GRADLEW","buildId":"8edd809d-40dd-4406-8e8f-7f9cc2f047d4","source":"stdout","level":30,"msg":"w: /home/expo/workingdir/build/node_modules/expo-dev-launcher/android/src/debug/graphql/GetUpdates.graphql: (14, 11): Apollo: Use of deprecated field `runtimeVersion`","time":"2026-09-14T19:56:54.439Z","v":0,"logId":"01a0a17e-7527-7035-ba41-b896e0441281"}
{"name":"worker","pid":221,"phase":"RUN_GRADLEW","buildId":"8edd809d-40dd-4406-8e8f-7f9cc2f047d4","source":"stdout","level":30,"msg":"> Task :expo-dev-launcher:javaPreCompileDebug","time":"2026-09-14T19:56:55.839Z","v":0,"logId":"01a0a17e-7a9f-7427-8103-f501912d4bc2"}
{"name":"worker","pid":221,"phase":"RUN_GRADLEW","buildId":"8edd809d-40dd-4406-8e8f-7f9cc2f047d4","source":"stdout","level":30,"msg":"> Task :react-native-safe-area-context:checkKotlinGradlePluginConfigurationErrors SKIPPED","time":"2026-09-14T19:56:55.839Z","v":0,"logId":"01a0a17e-7aa0-7183-8420-c38a0f320ce7"}
{"name":"worker","pid":221,"phase":"RUN_GRADLEW","buildId":"8edd809d-40dd-4406-8e8f-7f9cc2f047d4","source":"stdout","level":30,"msg":"> Task :react-native-safe-area-context:generateDebugBuildConfig","time":"2026-09-14T19:56:55.840Z","v":0,"logId":"01a0a17e-7aa0-7183-8420-c38b95bbc0ca"}
{"name":"worker","pid":221,"phase":"RUN_GRADLEW","buildId":"8edd809d-40dd-4406-8e8f-7f9cc2f047d4","source":"stdout","level":30,"msg":"> Task :app:processDebugMainManifest","time":"2026-09-14T19:56:56.039Z","v":0,"logId":"01a0a17e-7b67-7552-a17c-159eb1e9ea3b"}
{"name":"worker","pid":221,"phase":"RUN_GRADLEW","buildId":"8edd809d-40dd-4406-8e8f-7f9cc2f047d4","source":"stdout","level":30,"msg":"/home/expo/workingdir/build/android/app/src/debug/AndroidManifest.xml:6:5-162 Warning:","time":"2026-09-14T19:56:56.040Z","v":0,"logId":"01a0a17e-7b68-7055-87c4-a347662d4679"}
{"name":"worker","pid":221,"phase":"RUN_GRADLEW","buildId":"8edd809d-40dd-4406-8e8f-7f9cc2f047d4","source":"stdout","level":30,"msg":"\tapplication@android:usesCleartextTraffic was tagged at AndroidManifest.xml:6 to replace other declarations but no other declaration present","time":"2026-09-14T19:56:56.040Z","v":0,"logId":"01a0a17e-7b68-7055-87c4-a348a9b75d44"}
{"name":"worker","pid":221,"phase":"RUN_GRADLEW","buildId":"8edd809d-40dd-4406-8e8f-7f9cc2f047d4","source":"stdout","level":30,"msg":"/home/expo/workingdir/build/android/app/src/debug/AndroidManifest.xml Warning:","time":"2026-09-14T19:56:56.040Z","v":0,"logId":"01a0a17e-7b68-7055-87c4-a349574ea36b"}
{"name":"worker","pid":221,"phase":"RUN_GRADLEW","buildId":"8edd809d-40dd-4406-8e8f-7f9cc2f047d4","source":"stdout","level":30,"msg":"\tprovider#expo.modules.filesystem.FileSystemFileProvider@android:authorities was tagged at AndroidManifest.xml:0 to replace other declarations but no other declaration present","time":"2026-09-14T19:56:56.040Z","v":0,"logId":"01a0a17e-7b68-7055-87c4-a34aa4368235"}
{"name":"worker","pid":221,"phase":"RUN_GRADLEW","buildId":"8edd809d-40dd-4406-8e8f-7f9cc2f047d4","source":"stdout","level":30,"msg":"> Task :app:expoDebugOverrideMaxSdkConflicts","time":"2026-09-14T19:56:56.241Z","v":0,"logId":"01a0a17e-7c31-7757-b12a-ad0350066094"}
{"name":"worker","pid":221,"phase":"RUN_GRADLEW","buildId":"8edd809d-40dd-4406-8e8f-7f9cc2f047d4","source":"stdout","level":30,"msg":"\u001b[33m---------- Expo Max Sdk Override Plugin ----------\u001b[0m","time":"2026-09-14T19:56:56.242Z","v":0,"logId":"01a0a17e-7c35-723c-9204-323d608ea34e"}
{"name":"worker","pid":221,"phase":"RUN_GRADLEW","buildId":"8edd809d-40dd-4406-8e8f-7f9cc2f047d4","source":"stdout","level":30,"msg":"\u001b[32m>>> No 'android:maxSdkVersion' conflicts found\u001b[0m","time":"2026-09-14T19:56:56.245Z","v":0,"logId":"01a0a17e-7c35-723c-9204-323e3e09985f"}
{"name":"worker","pid":221,"phase":"RUN_GRADLEW","buildId":"8edd809d-40dd-4406-8e8f-7f9cc2f047d4","source":"stdout","level":30,"msg":"\u001b[33m--------------------------------------------------\u001b[0m","time":"2026-09-14T19:56:56.245Z","v":0,"logId":"01a0a17e-7c35-723c-9204-323fda3c1769"}
{"name":"worker","pid":221,"phase":"RUN_GRADLEW","buildId":"8edd809d-40dd-4406-8e8f-7f9cc2f047d4","source":"stdout","level":30,"msg":"> Task :app:processDebugManifest","time":"2026-09-14T19:56:56.438Z","v":0,"logId":"01a0a17e-7cf7-7e7b-b853-cbfb2479644f"}
{"name":"worker","pid":221,"phase":"RUN_GRADLEW","buildId":"8edd809d-40dd-4406-8e8f-7f9cc2f047d4","source":"stdout","level":30,"msg":"> Task :app:processDebugManifestForPackage","time":"2026-09-14T19:56:56.540Z","v":0,"logId":"01a0a17e-7d5c-763b-80ee-9743ee89cb0a"}
{"name":"worker","pid":221,"phase":"RUN_GRADLEW","buildId":"8edd809d-40dd-4406-8e8f-7f9cc2f047d4","source":"stdout","level":30,"msg":"> Task :react-native-reanimated:compileDebugKotlin","time":"2026-09-14T19:56:57.241Z","v":0,"logId":"01a0a17e-8019-7f95-a07e-000a0527cc89"}
{"name":"worker","pid":221,"phase":"RUN_GRADLEW","buildId":"8edd809d-40dd-4406-8e8f-7f9cc2f047d4","source":"stdout","level":30,"msg":"w: file:///home/expo/workingdir/build/node_modules/react-native-reanimated/android/src/main/java/com/swmansion/reanimated/NodesManager.kt:13:8 'class UIManagerModule : ReactContextBaseJavaModule, LifecycleEventListener, UIManager' is deprecated. Deprecated in Java.","time":"2026-09-14T19:56:57.242Z","v":0,"logId":"01a0a17e-801a-71d5-8ec3-f402234f1456"}
{"name":"worker","pid":221,"phase":"RUN_GRADLEW","buildId":"8edd809d-40dd-4406-8e8f-7f9cc2f047d4","source":"stdout","level":30,"msg":"w: file:///home/expo/workingdir/build/node_modules/react-native-reanimated/android/src/main/java/com/swmansion/reanimated/NodesManager.kt:58:95 'fun resolveCustomDirectEventName(eventName: String): String?' is deprecated.","time":"2026-09-14T19:56:57.242Z","v":0,"logId":"01a0a17e-801a-71d5-8ec3-f40381db104c"}
{"name":"worker","pid":221,"phase":"RUN_GRADLEW","buildId":"8edd809d-40dd-4406-8e8f-7f9cc2f047d4","source":"stdout","level":30,"msg":"w: file:///home/expo/workingdir/build/node_modules/react-native-reanimated/android/src/main/java/com/swmansion/reanimated/NodesManager.kt:234:29 'fun receiveEvent(surfaceId: Int, targetTag: Int, eventName: String, canCoalesceEvent: Boolean, customCoalesceKey: Int, params: WritableMap?, category: Int): Unit' is deprecated. Use the overload with eventTimestamp parameter instead.","time":"2026-09-14T19:56:57.242Z","v":0,"logId":"01a0a17e-801a-71d5-8ec3-f404a0ccabba"}
{"name":"worker","pid":221,"phase":"RUN_GRADLEW","buildId":"8edd809d-40dd-4406-8e8f-7f9cc2f047d4","source":"stdout","level":30,"msg":"w: file:///home/expo/workingdir/build/node_modules/react-native-reanimated/android/src/main/java/com/swmansion/reanimated/ReanimatedPackage.kt:5:8 'class ReactInstanceManager : Any' is deprecated. Deprecated in Java.","time":"2026-09-14T19:56:57.242Z","v":0,"logId":"01a0a17e-801a-71d5-8ec3-f4056e43d7df"}
{"name":"worker","pid":221,"phase":"RUN_GRADLEW","buildId":"8edd809d-40dd-4406-8e8f-7f9cc2f047d4","source":"stdout","level":30,"msg":"w: file:///home/expo/workingdir/build/node_modules/react-native-reanimated/android/src/main/java/com/swmansion/reanimated/ReanimatedPackage.kt:60:73 'class ReactInstanceManager : Any' is deprecated. Deprecated in Java.","time":"2026-09-14T19:56:57.242Z","v":0,"logId":"01a0a17e-801a-71d5-8ec3-f406bcf2027b"}
{"name":"worker","pid":221,"phase":"RUN_GRADLEW","buildId":"8edd809d-40dd-4406-8e8f-7f9cc2f047d4","source":"stdout","level":30,"msg":"w: file:///home/expo/workingdir/build/node_modules/react-native-reanimated/android/src/main/java/com/swmansion/reanimated/ReanimatedPackage.kt:61:63 'val reactNativeHost: ReactNativeHost' is deprecated. You should not use ReactNativeHost directly in the New Architecture. Use ReactHost instead.","time":"2026-09-14T19:56:57.242Z","v":0,"logId":"01a0a17e-801a-71d5-8ec3-f4070ee62848"}
{"name":"worker","pid":221,"phase":"RUN_GRADLEW","buildId":"8edd809d-40dd-4406-8e8f-7f9cc2f047d4","source":"stdout","level":30,"msg":"w: file:///home/expo/workingdir/build/node_modules/react-native-reanimated/android/src/main/java/com/swmansion/reanimated/nativeProxy/EventHandler.kt:7:8 'class UIManagerModule : ReactContextBaseJavaModule, LifecycleEventListener, UIManager' is deprecated. Deprecated in Java.","time":"2026-09-14T19:56:57.242Z","v":0,"logId":"01a0a17e-801a-71d5-8ec3-f408787b8f9b"}
{"name":"worker","pid":221,"phase":"RUN_GRADLEW","buildId":"8edd809d-40dd-4406-8e8f-7f9cc2f047d4","source":"stdout","level":30,"msg":"w: file:///home/expo/workingdir/build/node_modules/react-native-reanimated/android/src/main/java/com/swmansion/reanimated/nativeProxy/EventHandler.kt:25:18 This declaration overrides a deprecated member but is not marked as deprecated itself. Add the '@Deprecated' annotation or suppress the diagnostic.","time":"2026-09-14T19:56:57.242Z","v":0,"logId":"01a0a17e-801a-71d5-8ec3-f409874f1b33"}
{"name":"worker","pid":221,"phase":"RUN_GRADLEW","buildId":"8edd809d-40dd-4406-8e8f-7f9cc2f047d4","source":"stdout","level":30,"msg":"w: file:///home/expo/workingdir/build/node_modules/react-native-reanimated/android/src/main/java/com/swmansion/reanimated/nativeProxy/EventHandler.kt:38:18 This declaration overrides a deprecated member but is not marked as deprecated itself. Add the '@Deprecated' annotation or suppress the diagnostic.","time":"2026-09-14T19:56:57.242Z","v":0,"logId":"01a0a17e-801a-71d5-8ec3-f40ad742e087"}
{"name":"worker","pid":221,"phase":"RUN_GRADLEW","buildId":"8edd809d-40dd-4406-8e8f-7f9cc2f047d4","source":"stdout","level":30,"msg":"w: file:///home/expo/workingdir/build/node_modules/react-native-reanimated/android/src/main/java/com/swmansion/reanimated/nativeProxy/EventHandler.kt:48:18 This declaration overrides a deprecated member but is not marked as deprecated itself. Add the '@Deprecated' annotation or suppress the diagnostic.","time":"2026-09-14T19:56:57.242Z","v":0,"logId":"01a0a17e-801a-71d5-8ec3-f40bc4e0f912"}
{"name":"worker","pid":221,"phase":"RUN_GRADLEW","buildId":"8edd809d-40dd-4406-8e8f-7f9cc2f047d4","source":"stdout","level":30,"msg":"w: file:///home/expo/workingdir/build/node_modules/react-native-reanimated/android/src/main/java/com/swmansion/reanimated/nativeProxy/EventHandler.kt:57:18 This declaration overrides a deprecated member but is not marked as deprecated itself. Add the '@Deprecated' annotation or suppress the diagnostic.","time":"2026-09-14T19:56:57.243Z","v":0,"logId":"01a0a17e-801b-7b1a-a3ef-831aaf492523"}
{"name":"worker","pid":221,"phase":"RUN_GRADLEW","buildId":"8edd809d-40dd-4406-8e8f-7f9cc2f047d4","source":"stdout","level":30,"msg":"w: file:///home/expo/workingdir/build/node_modules/react-native-reanimated/android/src/main/java/com/swmansion/reanimated/nativeProxy/NoopEventHandler.kt:8:18 This declaration overrides a deprecated member but is not marked as deprecated itself. Add the '@Deprecated' annotation or suppress the diagnostic.","time":"2026-09-14T19:56:57.243Z","v":0,"logId":"01a0a17e-801b-7b1a-a3ef-831bda142083"}
{"name":"worker","pid":221,"phase":"RUN_GRADLEW","buildId":"8edd809d-40dd-4406-8e8f-7f9cc2f047d4","source":"stdout","level":30,"msg":"w: file:///home/expo/workingdir/build/node_modules/react-native-reanimated/android/src/main/java/com/swmansion/reanimated/nativeProxy/NoopEventHandler.kt:20:18 This declaration overrides a deprecated member but is not marked as deprecated itself. Add the '@Deprecated' annotation or suppress the diagnostic.","time":"2026-09-14T19:56:57.243Z","v":0,"logId":"01a0a17e-801b-7b1a-a3ef-831c0986ef91"}
{"name":"worker","pid":221,"phase":"RUN_GRADLEW","buildId":"8edd809d-40dd-4406-8e8f-7f9cc2f047d4","source":"stdout","level":30,"msg":"w: file:///home/expo/workingdir/build/node_modules/react-native-reanimated/android/src/main/java/com/swmansion/reanimated/nativeProxy/NoopEventHandler.kt:29:18 This declaration overrides a deprecated member but is not marked as deprecated itself. Add the '@Deprecated' annotation or suppress the diagnostic.","time":"2026-09-14T19:56:57.243Z","v":0,"logId":"01a0a17e-801b-7b1a-a3ef-831da75f5ce4"}
{"name":"worker","pid":221,"phase":"RUN_GRADLEW","buildId":"8edd809d-40dd-4406-8e8f-7f9cc2f047d4","source":"stdout","level":30,"msg":"w: file:///home/expo/workingdir/build/node_modules/react-native-reanimated/android/src/main/java/com/swmansion/reanimated/nativeProxy/NoopEventHandler.kt:37:18 This declaration overrides a deprecated member but is not marked as deprecated itself. Add the '@Deprecated' annotation or suppress the diagnostic.","time":"2026-09-14T19:56:57.243Z","v":0,"logId":"01a0a17e-801b-7b1a-a3ef-831e8daa5e29"}
{"name":"worker","pid":221,"phase":"RUN_GRADLEW","buildId":"8edd809d-40dd-4406-8e8f-7f9cc2f047d4","source":"stdout","level":30,"msg":"w: file:///home/expo/workingdir/build/node_modules/react-native-reanimated/android/src/main/java/com/swmansion/reanimated/sensor/ReanimatedSensor.kt:28:26 'val defaultDisplay: Display!' is deprecated. Deprecated in Java.","time":"2026-09-14T19:56:57.243Z","v":0,"logId":"01a0a17e-801b-7b1a-a3ef-831f30b1fdf1"}
{"name":"worker","pid":221,"phase":"RUN_GRADLEW","buildId":"8edd809d-40dd-4406-8e8f-7f9cc2f047d4","source":"stdout","level":30,"msg":"> Task :react-native-safe-area-context:compileDebugKotlin","time":"2026-09-14T19:57:00.039Z","v":0,"logId":"01a0a17e-8b07-7538-9a07-0849073e6625"}
{"name":"worker","pid":221,"phase":"RUN_GRADLEW","buildId":"8edd809d-40dd-4406-8e8f-7f9cc2f047d4","source":"stdout","level":30,"msg":"w: file:///home/expo/workingdir/build/node_modules/react-native-safe-area-context/android/src/main/java/com/th3rdwave/safeareacontext/SafeAreaProviderManager.kt:39:19 'fun getEventDispatcherForReactTag(context: ReactContext, reactTag: Int): EventDispatcher?' is deprecated. reactTag is no longer needed.","time":"2026-09-14T19:57:00.039Z","v":0,"logId":"01a0a17e-8b08-73bf-a05d-a4cd0560f2fd"}
{"name":"worker","pid":221,"phase":"RUN_GRADLEW","buildId":"8edd809d-40dd-4406-8e8f-7f9cc2f047d4","source":"stdout","level":30,"msg":"w: file:///home/expo/workingdir/build/node_modules/react-native-safe-area-context/android/src/main/java/com/th3rdwave/safeareacontext/SafeAreaView.kt:9:8 'class UIManagerModule : ReactContextBaseJavaModule, LifecycleEventListener, UIManager' is deprecated. Deprecated in Java.","time":"2026-09-14T19:57:00.040Z","v":0,"logId":"01a0a17e-8b08-73bf-a05d-a4ceae0725df"}
{"name":"worker","pid":221,"phase":"RUN_GRADLEW","buildId":"8edd809d-40dd-4406-8e8f-7f9cc2f047d4","source":"stdout","level":30,"msg":"w: file:///home/expo/workingdir/build/node_modules/react-native-safe-area-context/android/src/main/java/com/th3rdwave/safeareacontext/SafeAreaView.kt:50:54 'class UIManagerModule : ReactContextBaseJavaModule, LifecycleEventListener, UIManager' is deprecated. Deprecated in Java.","time":"2026-09-14T19:57:00.040Z","v":0,"logId":"01a0a17e-8b08-73bf-a05d-a4cff685d04a"}
{"name":"worker","pid":221,"phase":"RUN_GRADLEW","buildId":"8edd809d-40dd-4406-8e8f-7f9cc2f047d4","source":"stdout","level":30,"msg":"w: file:///home/expo/workingdir/build/node_modules/react-native-safe-area-context/android/src/main/java/com/th3rdwave/safeareacontext/SafeAreaView.kt:59:23 'val uiImplementation: UIImplementation!' is deprecated. Deprecated in Java.","time":"2026-09-14T19:57:00.040Z","v":0,"logId":"01a0a17e-8b08-73bf-a05d-a4d00e6a278c"}
{"name":"worker","pid":221,"phase":"RUN_GRADLEW","buildId":"8edd809d-40dd-4406-8e8f-7f9cc2f047d4","source":"stdout","level":30,"msg":"w: file:///home/expo/workingdir/build/node_modules/react-native-safe-area-context/android/src/main/java/com/th3rdwave/safeareacontext/SafeAreaViewShadowNode.kt:9:32 'class LayoutShadowNode : ReactShadowNodeImpl' is deprecated. This class is part of Legacy Architecture and will be removed in a future release.","time":"2026-09-14T19:57:00.040Z","v":0,"logId":"01a0a17e-8b08-73bf-a05d-a4d17f42a936"}
{"name":"worker","pid":221,"phase":"RUN_GRADLEW","buildId":"8edd809d-40dd-4406-8e8f-7f9cc2f047d4","source":"stdout","level":30,"msg":"w: file:///home/expo/workingdir/build/node_modules/react-native-safe-area-context/android/src/main/java/com/th3rdwave/safeareacontext/SafeAreaViewShadowNode.kt:110:61 'class NativeViewHierarchyOptimizer : Any' is deprecated. This class is part of Legacy Architecture and will be removed in a future release.","time":"2026-09-14T19:57:00.040Z","v":0,"logId":"01a0a17e-8b08-73bf-a05d-a4d29de2c5e0"}
{"name":"worker","pid":221,"phase":"RUN_GRADLEW","buildId":"8edd809d-40dd-4406-8e8f-7f9cc2f047d4","source":"stdout","level":30,"msg":"> Task :react-native-safe-area-context:javaPreCompileDebug","time":"2026-09-14T19:57:00.140Z","v":0,"logId":"01a0a17e-8b6c-77a7-915d-d4e802088b8e"}
{"name":"worker","pid":221,"phase":"RUN_GRADLEW","buildId":"8edd809d-40dd-4406-8e8f-7f9cc2f047d4","source":"stdout","level":30,"msg":"> Task :react-native-reanimated:compileDebugJavaWithJavac","time":"2026-09-14T19:57:00.440Z","v":0,"logId":"01a0a17e-8c98-75b0-aff2-931f76ca10b7"}
{"name":"worker","pid":221,"phase":"RUN_GRADLEW","buildId":"8edd809d-40dd-4406-8e8f-7f9cc2f047d4","source":"stdout","level":30,"msg":"> Task :react-native-reanimated:bundleLibCompileToJarDebug","time":"2026-09-14T19:57:00.544Z","v":0,"logId":"01a0a17e-8d01-760c-a628-0a7bf05a6717"}
{"name":"worker","pid":221,"phase":"RUN_GRADLEW","buildId":"8edd809d-40dd-4406-8e8f-7f9cc2f047d4","source":"stdout","level":30,"msg":"> Task :react-native-safe-area-context:compileDebugJavaWithJavac","time":"2026-09-14T19:57:00.744Z","v":0,"logId":"01a0a17e-8dc8-72fb-aa7d-6e74faf4a89a"}
{"name":"worker","pid":221,"phase":"RUN_GRADLEW","buildId":"8edd809d-40dd-4406-8e8f-7f9cc2f047d4","source":"stdout","level":30,"msg":"> Task :react-native-safe-area-context:bundleLibCompileToJarDebug","time":"2026-09-14T19:57:00.744Z","v":0,"logId":"01a0a17e-8dc8-72fb-aa7d-6e7554876568"}
{"name":"worker","pid":221,"phase":"RUN_GRADLEW","buildId":"8edd809d-40dd-4406-8e8f-7f9cc2f047d4","source":"stdout","level":30,"msg":"> Task :react-native-screens:checkKotlinGradlePluginConfigurationErrors SKIPPED","time":"2026-09-14T19:57:00.745Z","v":0,"logId":"01a0a17e-8dc9-77a7-9ffb-a08a258c4de4"}
{"name":"worker","pid":221,"phase":"RUN_GRADLEW","buildId":"8edd809d-40dd-4406-8e8f-7f9cc2f047d4","source":"stdout","level":30,"msg":"> Task :react-native-screens:generateDebugBuildConfig","time":"2026-09-14T19:57:00.745Z","v":0,"logId":"01a0a17e-8dc9-77a7-9ffb-a08bc74d86b1"}
{"name":"worker","pid":221,"phase":"RUN_GRADLEW","buildId":"8edd809d-40dd-4406-8e8f-7f9cc2f047d4","source":"stdout","level":30,"msg":"> Task :app:processDebugResources","time":"2026-09-14T19:57:02.038Z","v":0,"logId":"01a0a17e-92d7-7078-907e-8ce607e5cb27"}
{"name":"worker","pid":221,"phase":"RUN_GRADLEW","buildId":"8edd809d-40dd-4406-8e8f-7f9cc2f047d4","source":"stdout","level":30,"msg":"> Task :app:javaPreCompileDebug","time":"2026-09-14T19:57:02.039Z","v":0,"logId":"01a0a17e-92da-7770-8157-9566fb8255c4"}
{"name":"worker","pid":221,"phase":"RUN_GRADLEW","buildId":"8edd809d-40dd-4406-8e8f-7f9cc2f047d4","source":"stdout","level":30,"msg":"> Task :app:mergeDebugShaders","time":"2026-09-14T19:57:02.146Z","v":0,"logId":"01a0a17e-9342-74c4-994e-3950902fd440"}
{"name":"worker","pid":221,"phase":"RUN_GRADLEW","buildId":"8edd809d-40dd-4406-8e8f-7f9cc2f047d4","source":"stdout","level":30,"msg":"> Task :app:compileDebugShaders NO-SOURCE","time":"2026-09-14T19:57:02.146Z","v":0,"logId":"01a0a17e-9342-74c4-994e-3951feae2160"}
{"name":"worker","pid":221,"phase":"RUN_GRADLEW","buildId":"8edd809d-40dd-4406-8e8f-7f9cc2f047d4","source":"stdout","level":30,"msg":"> Task :app:generateDebugAssets UP-TO-DATE","time":"2026-09-14T19:57:02.146Z","v":0,"logId":"01a0a17e-9342-74c4-994e-395276c80121"}
{"name":"worker","pid":221,"phase":"RUN_GRADLEW","buildId":"8edd809d-40dd-4406-8e8f-7f9cc2f047d4","source":"stdout","level":30,"msg":"> Task :expo:mergeDebugShaders","time":"2026-09-14T19:57:02.238Z","v":0,"logId":"01a0a17e-939f-763b-8d25-38164c724e42"}
{"name":"worker","pid":221,"phase":"RUN_GRADLEW","buildId":"8edd809d-40dd-4406-8e8f-7f9cc2f047d4","source":"stdout","level":30,"msg":"> Task :expo:compileDebugShaders NO-SOURCE","time":"2026-09-14T19:57:02.239Z","v":0,"logId":"01a0a17e-939f-763b-8d25-3817eb168545"}
{"name":"worker","pid":221,"phase":"RUN_GRADLEW","buildId":"8edd809d-40dd-4406-8e8f-7f9cc2f047d4","source":"stdout","level":30,"msg":"> Task :expo:generateDebugAssets UP-TO-DATE","time":"2026-09-14T19:57:02.240Z","v":0,"logId":"01a0a17e-93a0-72c9-b5b4-229abd42e2b2"}
{"name":"worker","pid":221,"phase":"RUN_GRADLEW","buildId":"8edd809d-40dd-4406-8e8f-7f9cc2f047d4","source":"stdout","level":30,"msg":"> Task :expo:mergeDebugAssets","time":"2026-09-14T19:57:02.240Z","v":0,"logId":"01a0a17e-93a0-72c9-b5b4-229bdccb6319"}
{"name":"worker","pid":221,"phase":"RUN_GRADLEW","buildId":"8edd809d-40dd-4406-8e8f-7f9cc2f047d4","source":"stdout","level":30,"msg":"> Task :expo-constants:mergeDebugShaders","time":"2026-09-14T19:57:02.240Z","v":0,"logId":"01a0a17e-93a0-72c9-b5b4-229c9a8e2941"}
{"name":"worker","pid":221,"phase":"RUN_GRADLEW","buildId":"8edd809d-40dd-4406-8e8f-7f9cc2f047d4","source":"stdout","level":30,"msg":"> Task :expo-constants:compileDebugShaders NO-SOURCE","time":"2026-09-14T19:57:02.240Z","v":0,"logId":"01a0a17e-93a0-72c9-b5b4-229d020336f1"}
{"name":"worker","pid":221,"phase":"RUN_GRADLEW","buildId":"8edd809d-40dd-4406-8e8f-7f9cc2f047d4","source":"stdout","level":30,"msg":"> Task :expo-constants:generateDebugAssets UP-TO-DATE","time":"2026-09-14T19:57:02.240Z","v":0,"logId":"01a0a17e-93a0-72c9-b5b4-229eb697b2db"}
{"name":"worker","pid":221,"phase":"RUN_GRADLEW","buildId":"8edd809d-40dd-4406-8e8f-7f9cc2f047d4","source":"stdout","level":30,"msg":"> Task :expo-constants:mergeDebugAssets","time":"2026-09-14T19:57:02.339Z","v":0,"logId":"01a0a17e-9403-75d1-ac10-3a14e9664371"}
{"name":"worker","pid":221,"phase":"RUN_GRADLEW","buildId":"8edd809d-40dd-4406-8e8f-7f9cc2f047d4","source":"stdout","level":30,"msg":"> Task :expo-dev-client:mergeDebugShaders","time":"2026-09-14T19:57:02.339Z","v":0,"logId":"01a0a17e-9403-75d1-ac10-3a157895107f"}
{"name":"worker","pid":221,"phase":"RUN_GRADLEW","buildId":"8edd809d-40dd-4406-8e8f-7f9cc2f047d4","source":"stdout","level":30,"msg":"> Task :expo-dev-client:compileDebugShaders NO-SOURCE","time":"2026-09-14T19:57:02.339Z","v":0,"logId":"01a0a17e-9403-75d1-ac10-3a161c6791d0"}
{"name":"worker","pid":221,"phase":"RUN_GRADLEW","buildId":"8edd809d-40dd-4406-8e8f-7f9cc2f047d4","source":"stdout","level":30,"msg":"> Task :expo-dev-client:generateDebugAssets UP-TO-DATE","time":"2026-09-14T19:57:02.339Z","v":0,"logId":"01a0a17e-9403-75d1-ac10-3a17819cbc3a"}
{"name":"worker","pid":221,"phase":"RUN_GRADLEW","buildId":"8edd809d-40dd-4406-8e8f-7f9cc2f047d4","source":"stdout","level":30,"msg":"> Task :expo-dev-client:mergeDebugAssets","time":"2026-09-14T19:57:02.340Z","v":0,"logId":"01a0a17e-9404-71a8-8bd9-3a57e7e85596"}
{"name":"worker","pid":221,"phase":"RUN_GRADLEW","buildId":"8edd809d-40dd-4406-8e8f-7f9cc2f047d4","source":"stdout","level":30,"msg":"> Task :expo-dev-launcher:mergeDebugShaders","time":"2026-09-14T19:57:02.340Z","v":0,"logId":"01a0a17e-9404-71a8-8bd9-3a5832782982"}
{"name":"worker","pid":221,"phase":"RUN_GRADLEW","buildId":"8edd809d-40dd-4406-8e8f-7f9cc2f047d4","source":"stdout","level":30,"msg":"> Task :react-native-screens:javaPreCompileDebug","time":"2026-09-14T19:57:02.340Z","v":0,"logId":"01a0a17e-9404-71a8-8bd9-3a59ca10ec61"}
{"name":"worker","pid":221,"phase":"RUN_GRADLEW","buildId":"8edd809d-40dd-4406-8e8f-7f9cc2f047d4","source":"stdout","level":30,"msg":"> Task :expo-dev-launcher:compileDebugShaders NO-SOURCE","time":"2026-09-14T19:57:02.340Z","v":0,"logId":"01a0a17e-9404-71a8-8bd9-3a5a925b1f26"}
{"name":"worker","pid":221,"phase":"RUN_GRADLEW","buildId":"8edd809d-40dd-4406-8e8f-7f9cc2f047d4","source":"stdout","level":30,"msg":"> Task :expo-dev-launcher:generateDebugAssets UP-TO-DATE","time":"2026-09-14T19:57:02.340Z","v":0,"logId":"01a0a17e-9404-71a8-8bd9-3a5b1949ee1f"}
{"name":"worker","pid":221,"phase":"RUN_GRADLEW","buildId":"8edd809d-40dd-4406-8e8f-7f9cc2f047d4","source":"stdout","level":30,"msg":"> Task :expo-dev-launcher:mergeDebugAssets","time":"2026-09-14T19:57:02.440Z","v":0,"logId":"01a0a17e-9468-7882-95c5-a717c634ec2f"}
{"name":"worker","pid":221,"phase":"RUN_GRADLEW","buildId":"8edd809d-40dd-4406-8e8f-7f9cc2f047d4","source":"stdout","level":30,"msg":"> Task :expo-dev-menu:mergeDebugShaders","time":"2026-09-14T19:57:02.441Z","v":0,"logId":"01a0a17e-946c-7e26-852c-c76cd47fbbc6"}
{"name":"worker","pid":221,"phase":"RUN_GRADLEW","buildId":"8edd809d-40dd-4406-8e8f-7f9cc2f047d4","source":"stdout","level":30,"msg":"> Task :expo-dev-menu:compileDebugShaders NO-SOURCE","time":"2026-09-14T19:57:02.444Z","v":0,"logId":"01a0a17e-946c-7e26-852c-c76ddaa16b88"}
{"name":"worker","pid":221,"phase":"RUN_GRADLEW","buildId":"8edd809d-40dd-4406-8e8f-7f9cc2f047d4","source":"stdout","level":30,"msg":"> Task :expo-dev-menu:generateDebugAssets UP-TO-DATE","time":"2026-09-14T19:57:02.444Z","v":0,"logId":"01a0a17e-946c-7e26-852c-c76efacb5abd"}
{"name":"worker","pid":221,"phase":"RUN_GRADLEW","buildId":"8edd809d-40dd-4406-8e8f-7f9cc2f047d4","source":"stdout","level":30,"msg":"> Task :expo-dev-menu:mergeDebugAssets","time":"2026-09-14T19:57:02.444Z","v":0,"logId":"01a0a17e-946c-7e26-852c-c76f7b469b5c"}
{"name":"worker","pid":221,"phase":"RUN_GRADLEW","buildId":"8edd809d-40dd-4406-8e8f-7f9cc2f047d4","source":"stdout","level":30,"msg":"> Task :expo-dev-menu-interface:mergeDebugShaders","time":"2026-09-14T19:57:02.444Z","v":0,"logId":"01a0a17e-946c-7e26-852c-c7702b3320e9"}
{"name":"worker","pid":221,"phase":"RUN_GRADLEW","buildId":"8edd809d-40dd-4406-8e8f-7f9cc2f047d4","source":"stdout","level":30,"msg":"> Task :expo-dev-menu-interface:compileDebugShaders NO-SOURCE","time":"2026-09-14T19:57:02.444Z","v":0,"logId":"01a0a17e-946c-7e26-852c-c771a4606505"}
{"name":"worker","pid":221,"phase":"RUN_GRADLEW","buildId":"8edd809d-40dd-4406-8e8f-7f9cc2f047d4","source":"stdout","level":30,"msg":"> Task :expo-dev-menu-interface:generateDebugAssets UP-TO-DATE","time":"2026-09-14T19:57:02.445Z","v":0,"logId":"01a0a17e-946d-7ebb-99f7-89ce1a4d9705"}
{"name":"worker","pid":221,"phase":"RUN_GRADLEW","buildId":"8edd809d-40dd-4406-8e8f-7f9cc2f047d4","source":"stdout","level":30,"msg":"> Task :expo-dev-menu-interface:mergeDebugAssets","time":"2026-09-14T19:57:02.445Z","v":0,"logId":"01a0a17e-946d-7ebb-99f7-89cfe10eb584"}
{"name":"worker","pid":221,"phase":"RUN_GRADLEW","buildId":"8edd809d-40dd-4406-8e8f-7f9cc2f047d4","source":"stdout","level":30,"msg":"> Task :expo-json-utils:mergeDebugShaders","time":"2026-09-14T19:57:02.445Z","v":0,"logId":"01a0a17e-946d-7ebb-99f7-89d0b79c9829"}
{"name":"worker","pid":221,"phase":"RUN_GRADLEW","buildId":"8edd809d-40dd-4406-8e8f-7f9cc2f047d4","source":"stdout","level":30,"msg":"> Task :expo-json-utils:compileDebugShaders NO-SOURCE","time":"2026-09-14T19:57:02.445Z","v":0,"logId":"01a0a17e-946d-7ebb-99f7-89d1fcff3f8f"}
{"name":"worker","pid":221,"phase":"RUN_GRADLEW","buildId":"8edd809d-40dd-4406-8e8f-7f9cc2f047d4","source":"stdout","level":30,"msg":"> Task :expo-json-utils:generateDebugAssets UP-TO-DATE","time":"2026-09-14T19:57:02.445Z","v":0,"logId":"01a0a17e-946d-7ebb-99f7-89d25e61b56f"}
{"name":"worker","pid":221,"phase":"RUN_GRADLEW","buildId":"8edd809d-40dd-4406-8e8f-7f9cc2f047d4","source":"stdout","level":30,"msg":"> Task :expo-json-utils:mergeDebugAssets","time":"2026-09-14T19:57:02.445Z","v":0,"logId":"01a0a17e-946d-7ebb-99f7-89d321e8b7c2"}
{"name":"worker","pid":221,"phase":"RUN_GRADLEW","buildId":"8edd809d-40dd-4406-8e8f-7f9cc2f047d4","source":"stdout","level":30,"msg":"> Task :expo-log-box:mergeDebugShaders","time":"2026-09-14T19:57:02.445Z","v":0,"logId":"01a0a17e-946d-7ebb-99f7-89d419c6f60e"}
{"name":"worker","pid":221,"phase":"RUN_GRADLEW","buildId":"8edd809d-40dd-4406-8e8f-7f9cc2f047d4","source":"stdout","level":30,"msg":"> Task :expo-log-box:compileDebugShaders NO-SOURCE","time":"2026-09-14T19:57:02.445Z","v":0,"logId":"01a0a17e-946d-7ebb-99f7-89d50b3a4de5"}
{"name":"worker","pid":221,"phase":"RUN_GRADLEW","buildId":"8edd809d-40dd-4406-8e8f-7f9cc2f047d4","source":"stdout","level":30,"msg":"> Task :expo-log-box:generateDebugAssets UP-TO-DATE","time":"2026-09-14T19:57:02.445Z","v":0,"logId":"01a0a17e-946e-7b4a-93cc-b775a3fe6a44"}
{"name":"worker","pid":221,"phase":"RUN_GRADLEW","buildId":"8edd809d-40dd-4406-8e8f-7f9cc2f047d4","source":"stdout","level":30,"msg":"> Task :expo-log-box:mergeDebugAssets","time":"2026-09-14T19:57:02.446Z","v":0,"logId":"01a0a17e-946e-7b4a-93cc-b776ef8037e6"}
{"name":"worker","pid":221,"phase":"RUN_GRADLEW","buildId":"8edd809d-40dd-4406-8e8f-7f9cc2f047d4","source":"stdout","level":30,"msg":"> Task :expo-manifests:mergeDebugShaders","time":"2026-09-14T19:57:02.545Z","v":0,"logId":"01a0a17e-94d1-7fb5-9f31-b1cfd4b2aba2"}
{"name":"worker","pid":221,"phase":"RUN_GRADLEW","buildId":"8edd809d-40dd-4406-8e8f-7f9cc2f047d4","source":"stdout","level":30,"msg":"> Task :expo-manifests:compileDebugShaders NO-SOURCE","time":"2026-09-14T19:57:02.545Z","v":0,"logId":"01a0a17e-94d1-7fb5-9f31-b1d049fe7b2b"}
{"name":"worker","pid":221,"phase":"RUN_GRADLEW","buildId":"8edd809d-40dd-4406-8e8f-7f9cc2f047d4","source":"stdout","level":30,"msg":"> Task :expo-manifests:generateDebugAssets UP-TO-DATE","time":"2026-09-14T19:57:02.545Z","v":0,"logId":"01a0a17e-94d1-7fb5-9f31-b1d1e2a26a3b"}
{"name":"worker","pid":221,"phase":"RUN_GRADLEW","buildId":"8edd809d-40dd-4406-8e8f-7f9cc2f047d4","source":"stdout","level":30,"msg":"> Task :expo-manifests:mergeDebugAssets","time":"2026-09-14T19:57:02.545Z","v":0,"logId":"01a0a17e-94d1-7fb5-9f31-b1d267bb1bb5"}
{"name":"worker","pid":221,"phase":"RUN_GRADLEW","buildId":"8edd809d-40dd-4406-8e8f-7f9cc2f047d4","source":"stdout","level":30,"msg":"> Task :expo-modules-core:mergeDebugShaders","time":"2026-09-14T19:57:02.545Z","v":0,"logId":"01a0a17e-94d1-7fb5-9f31-b1d330568900"}
{"name":"worker","pid":221,"phase":"RUN_GRADLEW","buildId":"8edd809d-40dd-4406-8e8f-7f9cc2f047d4","source":"stdout","level":30,"msg":"> Task :expo-modules-core:compileDebugShaders NO-SOURCE","time":"2026-09-14T19:57:02.545Z","v":0,"logId":"01a0a17e-94d1-7fb5-9f31-b1d46bfe7cce"}
{"name":"worker","pid":221,"phase":"RUN_GRADLEW","buildId":"8edd809d-40dd-4406-8e8f-7f9cc2f047d4","source":"stdout","level":30,"msg":"> Task :expo-modules-core:generateDebugAssets UP-TO-DATE","time":"2026-09-14T19:57:02.545Z","v":0,"logId":"01a0a17e-94d1-7fb5-9f31-b1d55fb7f7c2"}
{"name":"worker","pid":221,"phase":"RUN_GRADLEW","buildId":"8edd809d-40dd-4406-8e8f-7f9cc2f047d4","source":"stdout","level":30,"msg":"> Task :expo-modules-core:mergeDebugAssets","time":"2026-09-14T19:57:02.545Z","v":0,"logId":"01a0a17e-94d1-7fb5-9f31-b1d668270113"}
{"name":"worker","pid":221,"phase":"RUN_GRADLEW","buildId":"8edd809d-40dd-4406-8e8f-7f9cc2f047d4","source":"stdout","level":30,"msg":"> Task :expo-updates-interface:mergeDebugShaders","time":"2026-09-14T19:57:02.545Z","v":0,"logId":"01a0a17e-94d1-7fb5-9f31-b1d778db7d34"}
{"name":"worker","pid":221,"phase":"RUN_GRADLEW","buildId":"8edd809d-40dd-4406-8e8f-7f9cc2f047d4","source":"stdout","level":30,"msg":"> Task :expo-updates-interface:compileDebugShaders NO-SOURCE","time":"2026-09-14T19:57:02.545Z","v":0,"logId":"01a0a17e-94d1-7fb5-9f31-b1d89156b136"}
{"name":"worker","pid":221,"phase":"RUN_GRADLEW","buildId":"8edd809d-40dd-4406-8e8f-7f9cc2f047d4","source":"stdout","level":30,"msg":"> Task :expo-updates-interface:generateDebugAssets UP-TO-DATE","time":"2026-09-14T19:57:02.545Z","v":0,"logId":"01a0a17e-94d1-7fb5-9f31-b1d96f5506a5"}
{"name":"worker","pid":221,"phase":"RUN_GRADLEW","buildId":"8edd809d-40dd-4406-8e8f-7f9cc2f047d4","source":"stdout","level":30,"msg":"> Task :expo-updates-interface:mergeDebugAssets","time":"2026-09-14T19:57:02.545Z","v":0,"logId":"01a0a17e-94d1-7fb5-9f31-b1daac0f9b66"}
{"name":"worker","pid":221,"phase":"RUN_GRADLEW","buildId":"8edd809d-40dd-4406-8e8f-7f9cc2f047d4","source":"stdout","level":30,"msg":"> Task :react-native-gesture-handler:mergeDebugShaders","time":"2026-09-14T19:57:02.545Z","v":0,"logId":"01a0a17e-94d1-7fb5-9f31-b1dba8e9cafc"}
{"name":"worker","pid":221,"phase":"RUN_GRADLEW","buildId":"8edd809d-40dd-4406-8e8f-7f9cc2f047d4","source":"stdout","level":30,"msg":"> Task :react-native-gesture-handler:compileDebugShaders NO-SOURCE","time":"2026-09-14T19:57:02.545Z","v":0,"logId":"01a0a17e-94d1-7fb5-9f31-b1dc008d95c7"}
{"name":"worker","pid":221,"phase":"RUN_GRADLEW","buildId":"8edd809d-40dd-4406-8e8f-7f9cc2f047d4","source":"stdout","level":30,"msg":"> Task :react-native-gesture-handler:generateDebugAssets UP-TO-DATE","time":"2026-09-14T19:57:02.545Z","v":0,"logId":"01a0a17e-94d1-7fb5-9f31-b1ddcb00653a"}
{"name":"worker","pid":221,"phase":"RUN_GRADLEW","buildId":"8edd809d-40dd-4406-8e8f-7f9cc2f047d4","source":"stdout","level":30,"msg":"> Task :react-native-gesture-handler:mergeDebugAssets","time":"2026-09-14T19:57:02.546Z","v":0,"logId":"01a0a17e-94d2-7e23-9aef-6395e5d30e70"}
{"name":"worker","pid":221,"phase":"RUN_GRADLEW","buildId":"8edd809d-40dd-4406-8e8f-7f9cc2f047d4","source":"stdout","level":30,"msg":"> Task :react-native-masked-view_masked-view:mergeDebugShaders","time":"2026-09-14T19:57:02.646Z","v":0,"logId":"01a0a17e-9536-75b9-a800-d2cf663e273c"}
{"name":"worker","pid":221,"phase":"RUN_GRADLEW","buildId":"8edd809d-40dd-4406-8e8f-7f9cc2f047d4","source":"stdout","level":30,"msg":"> Task :react-native-masked-view_masked-view:compileDebugShaders NO-SOURCE","time":"2026-09-14T19:57:02.646Z","v":0,"logId":"01a0a17e-9536-75b9-a800-d2d02dca1a1f"}
{"name":"worker","pid":221,"phase":"RUN_GRADLEW","buildId":"8edd809d-40dd-4406-8e8f-7f9cc2f047d4","source":"stdout","level":30,"msg":"> Task :react-native-masked-view_masked-view:generateDebugAssets UP-TO-DATE","time":"2026-09-14T19:57:02.646Z","v":0,"logId":"01a0a17e-9536-75b9-a800-d2d109a94cf3"}
{"name":"worker","pid":221,"phase":"RUN_GRADLEW","buildId":"8edd809d-40dd-4406-8e8f-7f9cc2f047d4","source":"stdout","level":30,"msg":"> Task :react-native-masked-view_masked-view:mergeDebugAssets","time":"2026-09-14T19:57:02.646Z","v":0,"logId":"01a0a17e-9536-75b9-a800-d2d2d55ce7c1"}
{"name":"worker","pid":221,"phase":"RUN_GRADLEW","buildId":"8edd809d-40dd-4406-8e8f-7f9cc2f047d4","source":"stdout","level":30,"msg":"> Task :react-native-reanimated:mergeDebugShaders","time":"2026-09-14T19:57:02.646Z","v":0,"logId":"01a0a17e-9536-75b9-a800-d2d392b6e7f0"}
{"name":"worker","pid":221,"phase":"RUN_GRADLEW","buildId":"8edd809d-40dd-4406-8e8f-7f9cc2f047d4","source":"stdout","level":30,"msg":"> Task :react-native-reanimated:compileDebugShaders NO-SOURCE","time":"2026-09-14T19:57:02.647Z","v":0,"logId":"01a0a17e-9537-7523-8493-666c29704637"}
{"name":"worker","pid":221,"phase":"RUN_GRADLEW","buildId":"8edd809d-40dd-4406-8e8f-7f9cc2f047d4","source":"stdout","level":30,"msg":"> Task :react-native-reanimated:generateDebugAssets UP-TO-DATE","time":"2026-09-14T19:57:02.647Z","v":0,"logId":"01a0a17e-9537-7523-8493-666d883ee434"}
{"name":"worker","pid":221,"phase":"RUN_GRADLEW","buildId":"8edd809d-40dd-4406-8e8f-7f9cc2f047d4","source":"stdout","level":30,"msg":"> Task :react-native-reanimated:mergeDebugAssets","time":"2026-09-14T19:57:02.647Z","v":0,"logId":"01a0a17e-9537-7523-8493-666ee8958da5"}
{"name":"worker","pid":221,"phase":"RUN_GRADLEW","buildId":"8edd809d-40dd-4406-8e8f-7f9cc2f047d4","source":"stdout","level":30,"msg":"> Task :react-native-safe-area-context:mergeDebugShaders","time":"2026-09-14T19:57:02.647Z","v":0,"logId":"01a0a17e-9537-7523-8493-666f57ee4833"}
{"name":"worker","pid":221,"phase":"RUN_GRADLEW","buildId":"8edd809d-40dd-4406-8e8f-7f9cc2f047d4","source":"stdout","level":30,"msg":"> Task :react-native-safe-area-context:compileDebugShaders NO-SOURCE","time":"2026-09-14T19:57:02.647Z","v":0,"logId":"01a0a17e-9537-7523-8493-66702936ed60"}
{"name":"worker","pid":221,"phase":"RUN_GRADLEW","buildId":"8edd809d-40dd-4406-8e8f-7f9cc2f047d4","source":"stdout","level":30,"msg":"> Task :react-native-safe-area-context:generateDebugAssets UP-TO-DATE","time":"2026-09-14T19:57:02.647Z","v":0,"logId":"01a0a17e-9537-7523-8493-66716b58bf05"}
{"name":"worker","pid":221,"phase":"RUN_GRADLEW","buildId":"8edd809d-40dd-4406-8e8f-7f9cc2f047d4","source":"stdout","level":30,"msg":"> Task :react-native-safe-area-context:mergeDebugAssets","time":"2026-09-14T19:57:02.739Z","v":0,"logId":"01a0a17e-9593-7e15-b1f8-725d5e6fee77"}
{"name":"worker","pid":221,"phase":"RUN_GRADLEW","buildId":"8edd809d-40dd-4406-8e8f-7f9cc2f047d4","source":"stdout","level":30,"msg":"> Task :react-native-screens:mergeDebugShaders","time":"2026-09-14T19:57:02.739Z","v":0,"logId":"01a0a17e-9593-7e15-b1f8-725e011c6644"}
{"name":"worker","pid":221,"phase":"RUN_GRADLEW","buildId":"8edd809d-40dd-4406-8e8f-7f9cc2f047d4","source":"stdout","level":30,"msg":"> Task :react-native-screens:compileDebugShaders NO-SOURCE","time":"2026-09-14T19:57:02.739Z","v":0,"logId":"01a0a17e-9593-7e15-b1f8-725fea598ed1"}
{"name":"worker","pid":221,"phase":"RUN_GRADLEW","buildId":"8edd809d-40dd-4406-8e8f-7f9cc2f047d4","source":"stdout","level":30,"msg":"> Task :react-native-screens:generateDebugAssets UP-TO-DATE","time":"2026-09-14T19:57:02.739Z","v":0,"logId":"01a0a17e-9593-7e15-b1f8-72601b814b5c"}
{"name":"worker","pid":221,"phase":"RUN_GRADLEW","buildId":"8edd809d-40dd-4406-8e8f-7f9cc2f047d4","source":"stdout","level":30,"msg":"> Task :react-native-screens:mergeDebugAssets","time":"2026-09-14T19:57:02.739Z","v":0,"logId":"01a0a17e-9593-7e15-b1f8-7261265a9251"}
{"name":"worker","pid":221,"phase":"RUN_GRADLEW","buildId":"8edd809d-40dd-4406-8e8f-7f9cc2f047d4","source":"stdout","level":30,"msg":"> Task :react-native-worklets:mergeDebugShaders","time":"2026-09-14T19:57:02.742Z","v":0,"logId":"01a0a17e-9596-71ea-a47f-5192440ccffb"}
{"name":"worker","pid":221,"phase":"RUN_GRADLEW","buildId":"8edd809d-40dd-4406-8e8f-7f9cc2f047d4","source":"stdout","level":30,"msg":"> Task :react-native-worklets:compileDebugShaders NO-SOURCE","time":"2026-09-14T19:57:02.742Z","v":0,"logId":"01a0a17e-9596-71ea-a47f-5193a857dad6"}
{"name":"worker","pid":221,"phase":"RUN_GRADLEW","buildId":"8edd809d-40dd-4406-8e8f-7f9cc2f047d4","source":"stdout","level":30,"msg":"> Task :react-native-worklets:generateDebugAssets UP-TO-DATE","time":"2026-09-14T19:57:02.742Z","v":0,"logId":"01a0a17e-9596-71ea-a47f-519409e960fa"}
{"name":"worker","pid":221,"phase":"RUN_GRADLEW","buildId":"8edd809d-40dd-4406-8e8f-7f9cc2f047d4","source":"stdout","level":30,"msg":"> Task :react-native-worklets:mergeDebugAssets","time":"2026-09-14T19:57:02.742Z","v":0,"logId":"01a0a17e-9596-71ea-a47f-5195ee42098f"}
{"name":"worker","pid":221,"phase":"RUN_GRADLEW","buildId":"8edd809d-40dd-4406-8e8f-7f9cc2f047d4","source":"stdout","level":30,"msg":"> Task :app:mergeDebugAssets","time":"2026-09-14T19:57:03.439Z","v":0,"logId":"01a0a17e-9850-75fb-bf82-1cca5595e6db"}
{"name":"worker","pid":221,"phase":"RUN_GRADLEW","buildId":"8edd809d-40dd-4406-8e8f-7f9cc2f047d4","source":"stdout","level":30,"msg":"> Task :app:compressDebugAssets","time":"2026-09-14T19:57:03.541Z","v":0,"logId":"01a0a17e-98b5-796f-b88f-ba5f35d04015"}
{"name":"worker","pid":221,"phase":"RUN_GRADLEW","buildId":"8edd809d-40dd-4406-8e8f-7f9cc2f047d4","source":"stdout","level":30,"msg":"> Task :react-native-reanimated:bundleLibRuntimeToJarDebug","time":"2026-09-14T19:57:03.542Z","v":0,"logId":"01a0a17e-98b6-753f-890b-70350dc63906"}
{"name":"worker","pid":221,"phase":"RUN_GRADLEW","buildId":"8edd809d-40dd-4406-8e8f-7f9cc2f047d4","source":"stdout","level":30,"msg":"> Task :react-native-worklets:bundleLibRuntimeToJarDebug","time":"2026-09-14T19:57:03.542Z","v":0,"logId":"01a0a17e-98b9-7f58-917b-53d35c30a46a"}
{"name":"worker","pid":221,"phase":"RUN_GRADLEW","buildId":"8edd809d-40dd-4406-8e8f-7f9cc2f047d4","source":"stdout","level":30,"msg":"> Task :react-native-safe-area-context:bundleLibRuntimeToJarDebug","time":"2026-09-14T19:57:09.338Z","v":0,"logId":"01a0a17e-af5b-7a90-a0b1-c03918640339"}
{"name":"worker","pid":221,"phase":"RUN_GRADLEW","buildId":"8edd809d-40dd-4406-8e8f-7f9cc2f047d4","source":"stdout","level":30,"msg":"> Task :react-native-masked-view_masked-view:bundleLibRuntimeToJarDebug","time":"2026-09-14T19:57:10.640Z","v":0,"logId":"01a0a17e-b470-79ae-a6eb-d2407d35a9fe"}
{"name":"worker","pid":221,"phase":"RUN_GRADLEW","buildId":"8edd809d-40dd-4406-8e8f-7f9cc2f047d4","source":"stdout","level":30,"msg":"> Task :app:desugarDebugFileDependencies","time":"2026-09-14T19:57:10.841Z","v":0,"logId":"01a0a17e-b539-7042-ae2a-9d6089b046cf"}
{"name":"worker","pid":221,"phase":"RUN_GRADLEW","buildId":"8edd809d-40dd-4406-8e8f-7f9cc2f047d4","source":"stdout","level":30,"msg":"> Task :react-native-masked-view_masked-view:processDebugJavaRes NO-SOURCE","time":"2026-09-14T19:57:10.841Z","v":0,"logId":"01a0a17e-b53a-75ea-9d9f-15f280b647a2"}
{"name":"worker","pid":221,"phase":"RUN_GRADLEW","buildId":"8edd809d-40dd-4406-8e8f-7f9cc2f047d4","source":"stdout","level":30,"msg":"> Task :react-native-reanimated:processDebugJavaRes","time":"2026-09-14T19:57:10.842Z","v":0,"logId":"01a0a17e-b53a-75ea-9d9f-15f3d4850fbe"}
{"name":"worker","pid":221,"phase":"RUN_GRADLEW","buildId":"8edd809d-40dd-4406-8e8f-7f9cc2f047d4","source":"stdout","level":30,"msg":"> Task :react-native-safe-area-context:processDebugJavaRes","time":"2026-09-14T19:57:10.842Z","v":0,"logId":"01a0a17e-b53a-75ea-9d9f-15f435cfeda3"}
{"name":"worker","pid":221,"phase":"RUN_GRADLEW","buildId":"8edd809d-40dd-4406-8e8f-7f9cc2f047d4","source":"stdout","level":30,"msg":"> Task :react-native-worklets:processDebugJavaRes","time":"2026-09-14T19:57:10.842Z","v":0,"logId":"01a0a17e-b53a-75ea-9d9f-15f56f5d9cdf"}
{"name":"worker","pid":221,"phase":"RUN_GRADLEW","buildId":"8edd809d-40dd-4406-8e8f-7f9cc2f047d4","source":"stdout","level":30,"msg":"> Task :app:checkDebugDuplicateClasses","time":"2026-09-14T19:57:13.638Z","v":0,"logId":"01a0a17e-c027-703f-9461-d6c89b92d733"}
{"name":"worker","pid":221,"phase":"RUN_GRADLEW","buildId":"8edd809d-40dd-4406-8e8f-7f9cc2f047d4","source":"stdout","level":30,"msg":"> Task :react-native-gesture-handler:compileDebugKotlin","time":"2026-09-14T19:57:15.039Z","v":0,"logId":"01a0a17e-c59f-7580-aead-a9d0cbf739b1"}
{"name":"worker","pid":221,"phase":"RUN_GRADLEW","buildId":"8edd809d-40dd-4406-8e8f-7f9cc2f047d4","source":"stdout","level":30,"msg":"w: file:///home/expo/workingdir/build/node_modules/react-native-gesture-handler/android/src/main/java/com/swmansion/gesturehandler/react/Extensions.kt:8:8 'class UIManagerModule : ReactContextBaseJavaModule, LifecycleEventListener, UIManager' is deprecated. Deprecated in Java.","time":"2026-09-14T19:57:15.039Z","v":0,"logId":"01a0a17e-c59f-7580-aead-a9d1731b5071"}
{"name":"worker","pid":221,"phase":"RUN_GRADLEW","buildId":"8edd809d-40dd-4406-8e8f-7f9cc2f047d4","source":"stdout","level":30,"msg":"w: file:///home/expo/workingdir/build/node_modules/react-native-gesture-handler/android/src/main/java/com/swmansion/gesturehandler/react/Extensions.kt:13:29 'class UIManagerModule : ReactContextBaseJavaModule, LifecycleEventListener, UIManager' is deprecated. Deprecated in Java.","time":"2026-09-14T19:57:15.039Z","v":0,"logId":"01a0a17e-c5a0-7f56-b1c1-87449623d79f"}
{"name":"worker","pid":221,"phase":"RUN_GRADLEW","buildId":"8edd809d-40dd-4406-8e8f-7f9cc2f047d4","source":"stdout","level":30,"msg":"w: file:///home/expo/workingdir/build/node_modules/react-native-gesture-handler/android/src/main/java/com/swmansion/gesturehandler/react/Extensions.kt:14:32 'class UIManagerModule : ReactContextBaseJavaModule, LifecycleEventListener, UIManager' is deprecated. Deprecated in Java.","time":"2026-09-14T19:57:15.040Z","v":0,"logId":"01a0a17e-c5a4-7992-a872-1e873d923b57"}
{"name":"worker","pid":221,"phase":"RUN_GRADLEW","buildId":"8edd809d-40dd-4406-8e8f-7f9cc2f047d4","source":"stdout","level":30,"msg":"> Task :expo-modules-core:compileDebugKotlin","time":"2026-09-14T19:57:17.640Z","v":0,"logId":"01a0a17e-cfc8-72dc-93eb-254dc53ecdf2"}
{"name":"worker","pid":221,"phase":"RUN_GRADLEW","buildId":"8edd809d-40dd-4406-8e8f-7f9cc2f047d4","source":"stdout","level":30,"msg":"> Task :react-native-screens:compileDebugKotlin","time":"2026-09-14T19:57:30.738Z","v":0,"logId":"01a0a17f-02f3-7151-ae59-7ec1c563769d"}
{"name":"worker","pid":221,"phase":"RUN_GRADLEW","buildId":"8edd809d-40dd-4406-8e8f-7f9cc2f047d4","source":"stdout","level":30,"msg":"w: file:///home/expo/workingdir/build/node_modules/react-native-screens/android/src/main/java/com/swmansion/rnscreens/RNScreensPackage.kt:70:9 The corresponding parameter in the supertype 'BaseReactPackage' is named 'name'. This may cause problems when calling this function with named arguments.","time":"2026-09-14T19:57:39.038Z","v":0,"logId":"01a0a17f-235f-78b5-a8e4-a650e0dc6a01"}
{"name":"worker","pid":221,"phase":"RUN_GRADLEW","buildId":"8edd809d-40dd-4406-8e8f-7f9cc2f047d4","source":"stdout","level":30,"msg":"w: file:///home/expo/workingdir/build/node_modules/react-native-screens/android/src/main/java/com/swmansion/rnscreens/RNScreensPackage.kt:71:9 The corresponding parameter in the supertype 'BaseReactPackage' is named 'reactContext'. This may cause problems when calling this function with named arguments.","time":"2026-09-14T19:57:39.040Z","v":0,"logId":"01a0a17f-2360-79b3-9512-b84735f91caf"}
{"name":"worker","pid":221,"phase":"RUN_GRADLEW","buildId":"8edd809d-40dd-4406-8e8f-7f9cc2f047d4","source":"stdout","level":30,"msg":"w: file:///home/expo/workingdir/build/node_modules/react-native-screens/android/src/main/java/com/swmansion/rnscreens/RNScreensPackage.kt:83:17 'constructor(name: String, className: String, canOverrideExistingModule: Boolean, needsEagerInit: Boolean, hasConstants: Boolean, isCxxModule: Boolean, isTurboModule: Boolean): ReactModuleInfo' is deprecated. This constructor is deprecated and will be removed in the future. Use ReactModuleInfo(String, String, boolean, boolean, boolean, boolean)].","time":"2026-09-14T19:57:39.040Z","v":0,"logId":"01a0a17f-2360-79b3-9512-b8481cdfc2bd"}
{"name":"worker","pid":221,"phase":"RUN_GRADLEW","buildId":"8edd809d-40dd-4406-8e8f-7f9cc2f047d4","source":"stdout","level":30,"msg":"w: file:///home/expo/workingdir/build/node_modules/react-native-screens/android/src/main/java/com/swmansion/rnscreens/Screen.kt:54:77 Unchecked cast of '(CoordinatorLayout.Behavior<View!>?..CoordinatorLayout.Behavior<*>?)' to 'BottomSheetBehavior<Screen>'.","time":"2026-09-14T19:57:39.040Z","v":0,"logId":"01a0a17f-2361-784e-b1aa-6412d8b74b10"}
{"name":"worker","pid":221,"phase":"RUN_GRADLEW","buildId":"8edd809d-40dd-4406-8e8f-7f9cc2f047d4","source":"stdout","level":30,"msg":"w: file:///home/expo/workingdir/build/node_modules/react-native-screens/android/src/main/java/com/swmansion/rnscreens/Screen.kt:59:33 'fun getEventDispatcherForReactTag(context: ReactContext, reactTag: Int): EventDispatcher?' is deprecated. reactTag is no longer needed.","time":"2026-09-14T19:57:39.041Z","v":0,"logId":"01a0a17f-2361-784e-b1aa-6413564c0fce"}
{"name":"worker","pid":221,"phase":"RUN_GRADLEW","buildId":"8edd809d-40dd-4406-8e8f-7f9cc2f047d4","source":"stdout","level":30,"msg":"w: file:///home/expo/workingdir/build/node_modules/react-native-screens/android/src/main/java/com/swmansion/rnscreens/Screen.kt:516:14 'fun getEventDispatcherForReactTag(context: ReactContext, reactTag: Int): EventDispatcher?' is deprecated. reactTag is no longer needed.","time":"2026-09-14T19:57:39.041Z","v":0,"logId":"01a0a17f-2363-72e8-abbd-428d4efae84e"}
{"name":"worker","pid":221,"phase":"RUN_GRADLEW","buildId":"8edd809d-40dd-4406-8e8f-7f9cc2f047d4","source":"stdout","level":30,"msg":"w: file:///home/expo/workingdir/build/node_modules/react-native-screens/android/src/main/java/com/swmansion/rnscreens/ScreenContainer.kt:250:18 'fun getEventDispatcherForReactTag(context: ReactContext, reactTag: Int): EventDispatcher?' is deprecated. reactTag is no longer needed.","time":"2026-09-14T19:57:39.043Z","v":0,"logId":"01a0a17f-2363-72e8-abbd-428e160ea982"}
{"name":"worker","pid":221,"phase":"RUN_GRADLEW","buildId":"8edd809d-40dd-4406-8e8f-7f9cc2f047d4","source":"stdout","level":30,"msg":"w: file:///home/expo/workingdir/build/node_modules/react-native-screens/android/src/main/java/com/swmansion/rnscreens/ScreenContainer.kt:260:18 'fun getEventDispatcherForReactTag(context: ReactContext, reactTag: Int): EventDispatcher?' is deprecated. reactTag is no longer needed.","time":"2026-09-14T19:57:39.043Z","v":0,"logId":"01a0a17f-2363-72e8-abbd-428f79f2f015"}
{"name":"worker","pid":221,"phase":"RUN_GRADLEW","buildId":"8edd809d-40dd-4406-8e8f-7f9cc2f047d4","source":"stdout","level":30,"msg":"w: file:///home/expo/workingdir/build/node_modules/react-native-screens/android/src/main/java/com/swmansion/rnscreens/ScreenFragment.kt:225:37 'fun getEventDispatcherForReactTag(context: ReactContext, reactTag: Int): EventDispatcher?' is deprecated. reactTag is no longer needed.","time":"2026-09-14T19:57:39.043Z","v":0,"logId":"01a0a17f-2363-72e8-abbd-4290128918b7"}
{"name":"worker","pid":221,"phase":"RUN_GRADLEW","buildId":"8edd809d-40dd-4406-8e8f-7f9cc2f047d4","source":"stdout","level":30,"msg":"w: file:///home/expo/workingdir/build/node_modules/react-native-screens/android/src/main/java/com/swmansion/rnscreens/ScreenFragment.kt:242:14 'fun getEventDispatcherForReactTag(context: ReactContext, reactTag: Int): EventDispatcher?' is deprecated. reactTag is no longer needed.","time":"2026-09-14T19:57:39.043Z","v":0,"logId":"01a0a17f-2363-72e8-abbd-429132b9c1ec"}
{"name":"worker","pid":221,"phase":"RUN_GRADLEW","buildId":"8edd809d-40dd-4406-8e8f-7f9cc2f047d4","source":"stdout","level":30,"msg":"w: file:///home/expo/workingdir/build/node_modules/react-native-screens/android/src/main/java/com/swmansion/rnscreens/ScreenFragment.kt:258:22 'fun getEventDispatcherForReactTag(context: ReactContext, reactTag: Int): EventDispatcher?' is deprecated. reactTag is no longer needed.","time":"2026-09-14T19:57:39.043Z","v":0,"logId":"01a0a17f-2363-72e8-abbd-42928e89a664"}
{"name":"worker","pid":221,"phase":"RUN_GRADLEW","buildId":"8edd809d-40dd-4406-8e8f-7f9cc2f047d4","source":"stdout","level":30,"msg":"w: file:///home/expo/workingdir/build/node_modules/react-native-screens/android/src/main/java/com/swmansion/rnscreens/ScreenFragment.kt:327:22 'fun getEventDispatcherForReactTag(context: ReactContext, reactTag: Int): EventDispatcher?' is deprecated. reactTag is no longer needed.","time":"2026-09-14T19:57:39.043Z","v":0,"logId":"01a0a17f-2363-72e8-abbd-42932c4ce60e"}
{"name":"worker","pid":221,"phase":"RUN_GRADLEW","buildId":"8edd809d-40dd-4406-8e8f-7f9cc2f047d4","source":"stdout","level":30,"msg":"w: file:///home/expo/workingdir/build/node_modules/react-native-screens/android/src/main/java/com/swmansion/rnscreens/ScreenModalFragment.kt:180:22 'fun getEventDispatcherForReactTag(context: ReactContext, reactTag: Int): EventDispatcher?' is deprecated. reactTag is no longer needed.","time":"2026-09-14T19:57:39.043Z","v":0,"logId":"01a0a17f-2363-72e8-abbd-4294bc3f51d9"}
{"name":"worker","pid":221,"phase":"RUN_GRADLEW","buildId":"8edd809d-40dd-4406-8e8f-7f9cc2f047d4","source":"stdout","level":30,"msg":"w: file:///home/expo/workingdir/build/node_modules/react-native-screens/android/src/main/java/com/swmansion/rnscreens/ScreenStack.kt:120:14 'fun getEventDispatcherForReactTag(context: ReactContext, reactTag: Int): EventDispatcher?' is deprecated. reactTag is no longer needed.","time":"2026-09-14T19:57:39.043Z","v":0,"logId":"01a0a17f-2363-72e8-abbd-429583865a1f"}
{"name":"worker","pid":221,"phase":"RUN_GRADLEW","buildId":"8edd809d-40dd-4406-8e8f-7f9cc2f047d4","source":"stdout","level":30,"msg":"w: file:///home/expo/workingdir/build/node_modules/react-native-screens/android/src/main/java/com/swmansion/rnscreens/ScreenStackFragment.kt:173:18 'fun getEventDispatcherForReactTag(context: ReactContext, reactTag: Int): EventDispatcher?' is deprecated. reactTag is no longer needed.","time":"2026-09-14T19:57:39.043Z","v":0,"logId":"01a0a17f-2364-79cf-89bf-02fade05cd45"}
{"name":"worker","pid":221,"phase":"RUN_GRADLEW","buildId":"8edd809d-40dd-4406-8e8f-7f9cc2f047d4","source":"stdout","level":30,"msg":"w: file:///home/expo/workingdir/build/node_modules/react-native-screens/android/src/main/java/com/swmansion/rnscreens/ScreenStackFragment.kt:230:31 'var targetElevation: Float' is deprecated. Deprecated in Java.","time":"2026-09-14T19:57:39.044Z","v":0,"logId":"01a0a17f-2364-79cf-89bf-02fb9e5c6883"}
{"name":"worker","pid":221,"phase":"RUN_GRADLEW","buildId":"8edd809d-40dd-4406-8e8f-7f9cc2f047d4","source":"stdout","level":30,"msg":"w: file:///home/expo/workingdir/build/node_modules/react-native-screens/android/src/main/java/com/swmansion/rnscreens/ScreenStackFragment.kt:233:13 'fun setHasOptionsMenu(p0: Boolean): Unit' is deprecated. Deprecated in Java.","time":"2026-09-14T19:57:39.044Z","v":0,"logId":"01a0a17f-2364-79cf-89bf-02fc1e44fc7e"}
{"name":"worker","pid":221,"phase":"RUN_GRADLEW","buildId":"8edd809d-40dd-4406-8e8f-7f9cc2f047d4","source":"stdout","level":30,"msg":"w: file:///home/expo/workingdir/build/node_modules/react-native-screens/android/src/main/java/com/swmansion/rnscreens/ScreenStackFragment.kt:443:18 This declaration overrides a deprecated member but is not marked as deprecated itself. Add the '@Deprecated' annotation or suppress the diagnostic.","time":"2026-09-14T19:57:39.044Z","v":0,"logId":"01a0a17f-2364-79cf-89bf-02fda0d1acf1"}
{"name":"worker","pid":221,"phase":"RUN_GRADLEW","buildId":"8edd809d-40dd-4406-8e8f-7f9cc2f047d4","source":"stdout","level":30,"msg":"w: file:///home/expo/workingdir/build/node_modules/react-native-screens/android/src/main/java/com/swmansion/rnscreens/ScreenStackFragment.kt:450:22 'fun onPrepareOptionsMenu(p0: Menu): Unit' is deprecated. Deprecated in Java.","time":"2026-09-14T19:57:39.044Z","v":0,"logId":"01a0a17f-2364-79cf-89bf-02fee0a982a2"}
{"name":"worker","pid":221,"phase":"RUN_GRADLEW","buildId":"8edd809d-40dd-4406-8e8f-7f9cc2f047d4","source":"stdout","level":30,"msg":"w: file:///home/expo/workingdir/build/node_modules/react-native-screens/android/src/main/java/com/swmansion/rnscreens/ScreenStackFragment.kt:453:18 This declaration overrides a deprecated member but is not marked as deprecated itself. Add the '@Deprecated' annotation or suppress the diagnostic.","time":"2026-09-14T19:57:39.044Z","v":0,"logId":"01a0a17f-2364-79cf-89bf-02ff8534abf6"}
{"name":"worker","pid":221,"phase":"RUN_GRADLEW","buildId":"8edd809d-40dd-4406-8e8f-7f9cc2f047d4","source":"stdout","level":30,"msg":"w: file:///home/expo/workingdir/build/node_modules/react-native-screens/android/src/main/java/com/swmansion/rnscreens/ScreenStackFragment.kt:458:22 'fun onCreateOptionsMenu(p0: Menu, p1: MenuInflater): Unit' is deprecated. Deprecated in Java.","time":"2026-09-14T19:57:39.044Z","v":0,"logId":"01a0a17f-2364-79cf-89bf-030055cb00ec"}
{"name":"worker","pid":221,"phase":"RUN_GRADLEW","buildId":"8edd809d-40dd-4406-8e8f-7f9cc2f047d4","source":"stdout","level":30,"msg":"w: file:///home/expo/workingdir/build/node_modules/react-native-screens/android/src/main/java/com/swmansion/rnscreens/ScreenStackHeaderConfig.kt:199:14 'fun getEventDispatcherForReactTag(context: ReactContext, reactTag: Int): EventDispatcher?' is deprecated. reactTag is no longer needed.","time":"2026-09-14T19:57:39.044Z","v":0,"logId":"01a0a17f-2364-79cf-89bf-03014f8208bb"}
{"name":"worker","pid":221,"phase":"RUN_GRADLEW","buildId":"8edd809d-40dd-4406-8e8f-7f9cc2f047d4","source":"stdout","level":30,"msg":"w: file:///home/expo/workingdir/build/node_modules/react-native-screens/android/src/main/java/com/swmansion/rnscreens/ScreenStackHeaderConfig.kt:209:14 'fun getEventDispatcherForReactTag(context: ReactContext, reactTag: Int): EventDispatcher?' is deprecated. reactTag is no longer needed.","time":"2026-09-14T19:57:39.044Z","v":0,"logId":"01a0a17f-2364-79cf-89bf-03021a1556c0"}
{"name":"worker","pid":221,"phase":"RUN_GRADLEW","buildId":"8edd809d-40dd-4406-8e8f-7f9cc2f047d4","source":"stdout","level":30,"msg":"w: file:///home/expo/workingdir/build/node_modules/react-native-screens/android/src/main/java/com/swmansion/rnscreens/ScreenWindowTraits.kt:48:42 'fun replaceSystemWindowInsets(p0: Int, p1: Int, p2: Int, p3: Int): @NonNull() WindowInsetsCompat' is deprecated. Deprecated in Java.","time":"2026-09-14T19:57:39.044Z","v":0,"logId":"01a0a17f-2364-79cf-89bf-03037cea68ee"}
{"name":"worker","pid":221,"phase":"RUN_GRADLEW","buildId":"8edd809d-40dd-4406-8e8f-7f9cc2f047d4","source":"stdout","level":30,"msg":"w: file:///home/expo/workingdir/build/node_modules/react-native-screens/android/src/main/java/com/swmansion/rnscreens/ScreenWindowTraits.kt:49:39 'val systemWindowInsetLeft: Int' is deprecated. Deprecated in Java.","time":"2026-09-14T19:57:39.044Z","v":0,"logId":"01a0a17f-2364-79cf-89bf-03044d8bd9c9"}
{"name":"worker","pid":221,"phase":"RUN_GRADLEW","buildId":"8edd809d-40dd-4406-8e8f-7f9cc2f047d4","source":"stdout","level":30,"msg":"w: file:///home/expo/workingdir/build/node_modules/react-native-screens/android/src/main/java/com/swmansion/rnscreens/ScreenWindowTraits.kt:51:39 'val systemWindowInsetRight: Int' is deprecated. Deprecated in Java.","time":"2026-09-14T19:57:39.044Z","v":0,"logId":"01a0a17f-2364-79cf-89bf-0305702fc913"}
{"name":"worker","pid":221,"phase":"RUN_GRADLEW","buildId":"8edd809d-40dd-4406-8e8f-7f9cc2f047d4","source":"stdout","level":30,"msg":"w: file:///home/expo/workingdir/build/node_modules/react-native-screens/android/src/main/java/com/swmansion/rnscreens/ScreenWindowTraits.kt:52:39 'val systemWindowInsetBottom: Int' is deprecated. Deprecated in Java.","time":"2026-09-14T19:57:39.044Z","v":0,"logId":"01a0a17f-2366-77b7-b586-d947c9234efe"}
{"name":"worker","pid":221,"phase":"RUN_GRADLEW","buildId":"8edd809d-40dd-4406-8e8f-7f9cc2f047d4","source":"stdout","level":30,"msg":"w: file:///home/expo/workingdir/build/node_modules/react-native-screens/android/src/main/java/com/swmansion/rnscreens/ScreensModule.kt:100:14 'fun getEventDispatcherForReactTag(context: ReactContext, reactTag: Int): EventDispatcher?' is deprecated. reactTag is no longer needed.","time":"2026-09-14T19:57:39.046Z","v":0,"logId":"01a0a17f-2367-723e-99a3-2b80b441c111"}
{"name":"worker","pid":221,"phase":"RUN_GRADLEW","buildId":"8edd809d-40dd-4406-8e8f-7f9cc2f047d4","source":"stdout","level":30,"msg":"w: file:///home/expo/workingdir/build/node_modules/react-native-screens/android/src/main/java/com/swmansion/rnscreens/SearchBarView.kt:137:29 'fun getEventDispatcherForReactTag(context: ReactContext, reactTag: Int): EventDispatcher?' is deprecated. reactTag is no longer needed.","time":"2026-09-14T19:57:39.047Z","v":0,"logId":"01a0a17f-2367-723e-99a3-2b81e52fa9e9"}
{"name":"worker","pid":221,"phase":"RUN_GRADLEW","buildId":"8edd809d-40dd-4406-8e8f-7f9cc2f047d4","source":"stdout","level":30,"msg":"w: file:///home/expo/workingdir/build/node_modules/react-native-screens/android/src/main/java/com/swmansion/rnscreens/bottomsheet/BottomSheetDialogRootView.kt:7:8 'object ReactFeatureFlags : Any' is deprecated. Use com.facebook.react.internal.featureflags.ReactNativeFeatureFlags instead.","time":"2026-09-14T19:57:39.047Z","v":0,"logId":"01a0a17f-2367-723e-99a3-2b82f674a1f9"}
{"name":"worker","pid":221,"phase":"RUN_GRADLEW","buildId":"8edd809d-40dd-4406-8e8f-7f9cc2f047d4","source":"stdout","level":30,"msg":"w: file:///home/expo/workingdir/build/node_modules/react-native-screens/android/src/main/java/com/swmansion/rnscreens/bottomsheet/BottomSheetDialogRootView.kt:25:13 'object ReactFeatureFlags : Any' is deprecated. Use com.facebook.react.internal.featureflags.ReactNativeFeatureFlags instead.","time":"2026-09-14T19:57:39.047Z","v":0,"logId":"01a0a17f-2367-723e-99a3-2b83e17c8968"}
{"name":"worker","pid":221,"phase":"RUN_GRADLEW","buildId":"8edd809d-40dd-4406-8e8f-7f9cc2f047d4","source":"stdout","level":30,"msg":"w: file:///home/expo/workingdir/build/node_modules/react-native-screens/android/src/main/java/com/swmansion/rnscreens/bottomsheet/BottomSheetDialogRootView.kt:32:9 The corresponding parameter in the supertype 'ReactViewGroup' is named 'left'. This may cause problems when calling this function with named arguments.","time":"2026-09-14T19:57:39.047Z","v":0,"logId":"01a0a17f-2367-723e-99a3-2b8468b184d0"}
{"name":"worker","pid":221,"phase":"RUN_GRADLEW","buildId":"8edd809d-40dd-4406-8e8f-7f9cc2f047d4","source":"stdout","level":30,"msg":"w: file:///home/expo/workingdir/build/node_modules/react-native-screens/android/src/main/java/com/swmansion/rnscreens/bottomsheet/BottomSheetDialogRootView.kt:33:9 The corresponding parameter in the supertype 'ReactViewGroup' is named 'top'. This may cause problems when calling this function with named arguments.","time":"2026-09-14T19:57:39.047Z","v":0,"logId":"01a0a17f-2367-723e-99a3-2b858b31b7da"}
{"name":"worker","pid":221,"phase":"RUN_GRADLEW","buildId":"8edd809d-40dd-4406-8e8f-7f9cc2f047d4","source":"stdout","level":30,"msg":"w: file:///home/expo/workingdir/build/node_modules/react-native-screens/android/src/main/java/com/swmansion/rnscreens/bottomsheet/BottomSheetDialogRootView.kt:34:9 The corresponding parameter in the supertype 'ReactViewGroup' is named 'right'. This may cause problems when calling this function with named arguments.","time":"2026-09-14T19:57:39.047Z","v":0,"logId":"01a0a17f-2367-723e-99a3-2b862469abb2"}
{"name":"worker","pid":221,"phase":"RUN_GRADLEW","buildId":"8edd809d-40dd-4406-8e8f-7f9cc2f047d4","source":"stdout","level":30,"msg":"w: file:///home/expo/workingdir/build/node_modules/react-native-screens/android/src/main/java/com/swmansion/rnscreens/bottomsheet/BottomSheetDialogRootView.kt:35:9 The corresponding parameter in the supertype 'ReactViewGroup' is named 'bottom'. This may cause problems when calling this function with named arguments.","time":"2026-09-14T19:57:39.047Z","v":0,"logId":"01a0a17f-2367-723e-99a3-2b87ddc38091"}
{"name":"worker","pid":221,"phase":"RUN_GRADLEW","buildId":"8edd809d-40dd-4406-8e8f-7f9cc2f047d4","source":"stdout","level":30,"msg":"w: file:///home/expo/workingdir/build/node_modules/react-native-screens/android/src/main/java/com/swmansion/rnscreens/bottomsheet/BottomSheetDialogRootView.kt:71:9 The corresponding parameter in the supertype 'RootView' is named 'childView'. This may cause problems when calling this function with named arguments.","time":"2026-09-14T19:57:39.047Z","v":0,"logId":"01a0a17f-2367-723e-99a3-2b8845223d46"}
{"name":"worker","pid":221,"phase":"RUN_GRADLEW","buildId":"8edd809d-40dd-4406-8e8f-7f9cc2f047d4","source":"stdout","level":30,"msg":"w: file:///home/expo/workingdir/build/node_modules/react-native-screens/android/src/main/java/com/swmansion/rnscreens/bottomsheet/BottomSheetDialogRootView.kt:72:9 The corresponding parameter in the supertype 'RootView' is named 'ev'. This may cause problems when calling this function with named arguments.","time":"2026-09-14T19:57:39.047Z","v":0,"logId":"01a0a17f-2367-723e-99a3-2b89c044f823"}
{"name":"worker","pid":221,"phase":"RUN_GRADLEW","buildId":"8edd809d-40dd-4406-8e8f-7f9cc2f047d4","source":"stdout","level":30,"msg":"w: file:///home/expo/workingdir/build/node_modules/react-native-screens/android/src/main/java/com/swmansion/rnscreens/bottomsheet/BottomSheetDialogRootView.kt:79:46 The corresponding parameter in the supertype 'RootView' is named 'ev'. This may cause problems when calling this function with named arguments.","time":"2026-09-14T19:57:39.047Z","v":0,"logId":"01a0a17f-2367-723e-99a3-2b8a14a1551f"}
{"name":"worker","pid":221,"phase":"RUN_GRADLEW","buildId":"8edd809d-40dd-4406-8e8f-7f9cc2f047d4","source":"stdout","level":30,"msg":"w: file:///home/expo/workingdir/build/node_modules/react-native-screens/android/src/main/java/com/swmansion/rnscreens/bottomsheet/BottomSheetDialogRootView.kt:83:9 The corresponding parameter in the supertype 'RootView' is named 'childView'. This may cause problems when calling this function with named arguments.","time":"2026-09-14T19:57:39.047Z","v":0,"logId":"01a0a17f-2368-74c8-a026-4064ad2d2843"}
{"name":"worker","pid":221,"phase":"RUN_GRADLEW","buildId":"8edd809d-40dd-4406-8e8f-7f9cc2f047d4","source":"stdout","level":30,"msg":"w: file:///home/expo/workingdir/build/node_modules/react-native-screens/android/src/main/java/com/swmansion/rnscreens/bottomsheet/BottomSheetDialogRootView.kt:84:9 The corresponding parameter in the supertype 'RootView' is named 'ev'. This may cause problems when calling this function with named arguments.","time":"2026-09-14T19:57:39.048Z","v":0,"logId":"01a0a17f-2368-74c8-a026-4065cb296a03"}
{"name":"worker","pid":221,"phase":"RUN_GRADLEW","buildId":"8edd809d-40dd-4406-8e8f-7f9cc2f047d4","source":"stdout","level":30,"msg":"w: file:///home/expo/workingdir/build/node_modules/react-native-screens/android/src/main/java/com/swmansion/rnscreens/bottomsheet/BottomSheetDialogRootView.kt:95:34 The corresponding parameter in the supertype 'RootView' is named 't'. This may cause problems when calling this function with named arguments.","time":"2026-09-14T19:57:39.048Z","v":0,"logId":"01a0a17f-2368-74c8-a026-4066cc397b11"}
{"name":"worker","pid":221,"phase":"RUN_GRADLEW","buildId":"8edd809d-40dd-4406-8e8f-7f9cc2f047d4","source":"stdout","level":30,"msg":"w: file:///home/expo/workingdir/build/node_modules/react-native-screens/android/src/main/java/com/swmansion/rnscreens/bottomsheet/DimmingView.kt:64:9 The corresponding parameter in the supertype 'ReactCompoundView' is named 'touchX'. This may cause problems when calling this function with named arguments.","time":"2026-09-14T19:57:39.048Z","v":0,"logId":"01a0a17f-2368-74c8-a026-4067e38ac8ce"}
{"name":"worker","pid":221,"phase":"RUN_GRADLEW","buildId":"8edd809d-40dd-4406-8e8f-7f9cc2f047d4","source":"stdout","level":30,"msg":"w: file:///home/expo/workingdir/build/node_modules/react-native-screens/android/src/main/java/com/swmansion/rnscreens/bottomsheet/DimmingView.kt:65:9 The corresponding parameter in the supertype 'ReactCompoundView' is named 'touchY'. This may cause problems when calling this function with named arguments.","time":"2026-09-14T19:57:39.048Z","v":0,"logId":"01a0a17f-236b-752f-b82e-5290eff24a71"}
{"name":"worker","pid":221,"phase":"RUN_GRADLEW","buildId":"8edd809d-40dd-4406-8e8f-7f9cc2f047d4","source":"stdout","level":30,"msg":"w: file:///home/expo/workingdir/build/node_modules/react-native-screens/android/src/main/java/com/swmansion/rnscreens/bottomsheet/DimmingView.kt:69:9 The corresponding parameter in the supertype 'ReactCompoundViewGroup' is named 'touchX'. This may cause problems when calling this function with named arguments.","time":"2026-09-14T19:57:39.051Z","v":0,"logId":"01a0a17f-236b-752f-b82e-5291eb1dfd32"}
{"name":"worker","pid":221,"phase":"RUN_GRADLEW","buildId":"8edd809d-40dd-4406-8e8f-7f9cc2f047d4","source":"stdout","level":30,"msg":"w: file:///home/expo/workingdir/build/node_modules/react-native-screens/android/src/main/java/com/swmansion/rnscreens/bottomsheet/DimmingView.kt:70:9 The corresponding parameter in the supertype 'ReactCompoundViewGroup' is named 'touchY'. This may cause problems when calling this function with named arguments.","time":"2026-09-14T19:57:39.051Z","v":0,"logId":"01a0a17f-236b-752f-b82e-529209339066"}
{"name":"worker","pid":221,"phase":"RUN_GRADLEW","buildId":"8edd809d-40dd-4406-8e8f-7f9cc2f047d4","source":"stdout","level":30,"msg":"w: file:///home/expo/workingdir/build/node_modules/react-native-screens/android/src/main/java/com/swmansion/rnscreens/gamma/common/event/BaseEventEmitter.kt:12:38 'fun getEventDispatcherForReactTag(context: ReactContext, reactTag: Int): EventDispatcher?' is deprecated. reactTag is no longer needed.","time":"2026-09-14T19:57:39.051Z","v":0,"logId":"01a0a17f-236b-752f-b82e-52939bf265d7"}
{"name":"worker","pid":221,"phase":"RUN_GRADLEW","buildId":"8edd809d-40dd-4406-8e8f-7f9cc2f047d4","source":"stdout","level":30,"msg":"w: file:///home/expo/workingdir/build/node_modules/react-native-screens/android/src/main/java/com/swmansion/rnscreens/gamma/modals/dimmingview/DimmingView.kt:64:9 The corresponding parameter in the supertype 'ReactCompoundView' is named 'touchX'. This may cause problems when calling this function with named arguments.","time":"2026-09-14T19:57:39.051Z","v":0,"logId":"01a0a17f-236b-752f-b82e-52947e2cd4be"}
{"name":"worker","pid":221,"phase":"RUN_GRADLEW","buildId":"8edd809d-40dd-4406-8e8f-7f9cc2f047d4","source":"stdout","level":30,"msg":"w: file:///home/expo/workingdir/build/node_modules/react-native-screens/android/src/main/java/com/swmansion/rnscreens/gamma/modals/dimmingview/DimmingView.kt:65:9 The corresponding parameter in the supertype 'ReactCompoundView' is named 'touchY'. This may cause problems when calling this function with named arguments.","time":"2026-09-14T19:57:39.051Z","v":0,"logId":"01a0a17f-236b-752f-b82e-52959fe3f776"}
{"name":"worker","pid":221,"phase":"RUN_GRADLEW","buildId":"8edd809d-40dd-4406-8e8f-7f9cc2f047d4","source":"stdout","level":30,"msg":"w: file:///home/expo/workingdir/build/node_modules/react-native-screens/android/src/main/java/com/swmansion/rnscreens/gamma/modals/dimmingview/DimmingView.kt:69:9 The corresponding parameter in the supertype 'ReactCompoundViewGroup' is named 'touchX'. This may cause problems when calling this function with named arguments.","time":"2026-09-14T19:57:39.052Z","v":0,"logId":"01a0a17f-236c-7adc-8fd0-7def621f37c5"}
{"name":"worker","pid":221,"phase":"RUN_GRADLEW","buildId":"8edd809d-40dd-4406-8e8f-7f9cc2f047d4","source":"stdout","level":30,"msg":"w: file:///home/expo/workingdir/build/node_modules/react-native-screens/android/src/main/java/com/swmansion/rnscreens/gamma/modals/dimmingview/DimmingView.kt:70:9 The corresponding parameter in the supertype 'ReactCompoundViewGroup' is named 'touchY'. This may cause problems when calling this function with named arguments.","time":"2026-09-14T19:57:39.052Z","v":0,"logId":"01a0a17f-236c-7adc-8fd0-7df0433248ce"}
{"name":"worker","pid":221,"phase":"RUN_GRADLEW","buildId":"8edd809d-40dd-4406-8e8f-7f9cc2f047d4","source":"stdout","level":30,"msg":"w: file:///home/expo/workingdir/build/node_modules/react-native-screens/android/src/main/java/com/swmansion/rnscreens/gamma/modals/formsheet/FormSheetContentView.kt:11:8 'object ReactFeatureFlags : Any' is deprecated. Use com.facebook.react.internal.featureflags.ReactNativeFeatureFlags instead.","time":"2026-09-14T19:57:39.052Z","v":0,"logId":"01a0a17f-236c-7adc-8fd0-7df173df2f0e"}
{"name":"worker","pid":221,"phase":"RUN_GRADLEW","buildId":"8edd809d-40dd-4406-8e8f-7f9cc2f047d4","source":"stdout","level":30,"msg":"w: file:///home/expo/workingdir/build/node_modules/react-native-screens/android/src/main/java/com/swmansion/rnscreens/gamma/modals/formsheet/FormSheetContentView.kt:39:33 'fun getEventDispatcher(context: ReactContext, uiManagerType: Int): EventDispatcher?' is deprecated. UIManagerType is no longer needed.","time":"2026-09-14T19:57:39.052Z","v":0,"logId":"01a0a17f-236c-7adc-8fd0-7df243e165bc"}
{"name":"worker","pid":221,"phase":"RUN_GRADLEW","buildId":"8edd809d-40dd-4406-8e8f-7f9cc2f047d4","source":"stdout","level":30,"msg":"w: file:///home/expo/workingdir/build/node_modules/react-native-screens/android/src/main/java/com/swmansion/rnscreens/gamma/modals/formsheet/FormSheetContentView.kt:44:13 'object ReactFeatureFlags : Any' is deprecated. Use com.facebook.react.internal.featureflags.ReactNativeFeatureFlags instead.","time":"2026-09-14T19:57:39.052Z","v":0,"logId":"01a0a17f-236c-7adc-8fd0-7df3f0ee5bd0"}
{"name":"worker","pid":221,"phase":"RUN_GRADLEW","buildId":"8edd809d-40dd-4406-8e8f-7f9cc2f047d4","source":"stdout","level":30,"msg":"w: file:///home/expo/workingdir/build/node_modules/react-native-screens/android/src/main/java/com/swmansion/rnscreens/gamma/modals/formsheet/FormSheetHostViewManager.kt:38:9 The corresponding parameter in the supertype 'FormSheetHostViewManager' is named 'view'. This may cause problems when calling this function with named arguments.","time":"2026-09-14T19:57:39.052Z","v":0,"logId":"01a0a17f-236c-7adc-8fd0-7df4fa599fe1"}
{"name":"worker","pid":221,"phase":"RUN_GRADLEW","buildId":"8edd809d-40dd-4406-8e8f-7f9cc2f047d4","source":"stdout","level":30,"msg":"w: file:///home/expo/workingdir/build/node_modules/react-native-screens/android/src/main/java/com/swmansion/rnscreens/gamma/tabs/host/TabsHostViewManager.kt:44:9 The corresponding parameter in the supertype 'TabsHostViewManager' is named 'view'. This may cause problems when calling this function with named arguments.","time":"2026-09-14T19:57:39.052Z","v":0,"logId":"01a0a17f-236c-7adc-8fd0-7df5cd8cf928"}
{"name":"worker","pid":221,"phase":"RUN_GRADLEW","buildId":"8edd809d-40dd-4406-8e8f-7f9cc2f047d4","source":"stdout","level":30,"msg":"w: file:///home/expo/workingdir/build/node_modules/react-native-screens/android/src/main/java/com/swmansion/rnscreens/safearea/SafeAreaView.kt:143:45 'fun consumeDisplayCutout(): @NonNull() WindowInsetsCompat' is deprecated. Deprecated in Java.","time":"2026-09-14T19:57:39.052Z","v":0,"logId":"01a0a17f-236c-7adc-8fd0-7df6e9627b3e"}
{"name":"worker","pid":221,"phase":"RUN_GRADLEW","buildId":"8edd809d-40dd-4406-8e8f-7f9cc2f047d4","source":"stdout","level":30,"msg":"> Task :app:mergeExtDexDebug","time":"2026-09-14T19:57:43.638Z","v":0,"logId":"01a0a17f-3557-75fe-bf93-73adde3e316d"}
{"name":"worker","pid":221,"phase":"RUN_GRADLEW","buildId":"8edd809d-40dd-4406-8e8f-7f9cc2f047d4","source":"stdout","level":30,"msg":"> Task :react-native-gesture-handler:compileDebugJavaWithJavac","time":"2026-09-14T19:57:45.141Z","v":0,"logId":"01a0a17f-3b35-7f00-b3ed-15d4ba9d7f5c"}
{"name":"worker","pid":221,"phase":"RUN_GRADLEW","buildId":"8edd809d-40dd-4406-8e8f-7f9cc2f047d4","source":"stdout","level":30,"msg":"> Task :expo-modules-core:compileDebugKotlin","time":"2026-09-14T19:57:48.338Z","v":0,"logId":"01a0a17f-47b3-7cd2-9a72-805528533aef"}
{"name":"worker","pid":221,"phase":"RUN_GRADLEW","buildId":"8edd809d-40dd-4406-8e8f-7f9cc2f047d4","source":"stdout","level":30,"msg":"w: file:///home/expo/workingdir/build/node_modules/expo-modules-core/android/src/main/java/expo/modules/apploader/AppLoaderProvider.kt:34:52 Unchecked cast of 'Class<*>!' to 'Class<out HeadlessAppLoader>'.","time":"2026-09-14T19:57:48.339Z","v":0,"logId":"01a0a17f-47b6-7bd8-b504-4927ed682026"}
{"name":"worker","pid":221,"phase":"RUN_GRADLEW","buildId":"8edd809d-40dd-4406-8e8f-7f9cc2f047d4","source":"stdout","level":30,"msg":"w: file:///home/expo/workingdir/build/node_modules/expo-modules-core/android/src/main/java/expo/modules/kotlin/AppContext.kt:14:8 'class UIManagerModule : ReactContextBaseJavaModule, LifecycleEventListener, UIManager' is deprecated. Deprecated in Java.","time":"2026-09-14T19:57:48.342Z","v":0,"logId":"01a0a17f-47b6-7bd8-b504-4928fd864259"}
{"name":"worker","pid":221,"phase":"RUN_GRADLEW","buildId":"8edd809d-40dd-4406-8e8f-7f9cc2f047d4","source":"stdout","level":30,"msg":"w: file:///home/expo/workingdir/build/node_modules/expo-modules-core/android/src/main/java/expo/modules/kotlin/AppContext.kt:22:8 'typealias ErrorManagerModule = JSLoggerModule' is deprecated. Use JSLoggerModule instead.","time":"2026-09-14T19:57:48.342Z","v":0,"logId":"01a0a17f-47b6-7bd8-b504-4929ba0d8fa4"}
{"name":"worker","pid":221,"phase":"RUN_GRADLEW","buildId":"8edd809d-40dd-4406-8e8f-7f9cc2f047d4","source":"stdout","level":30,"msg":"w: file:///home/expo/workingdir/build/node_modules/expo-modules-core/android/src/main/java/expo/modules/kotlin/AppContext.kt:61:13 'val hostingRuntimeContext: MainRuntime' is deprecated. Use AppContext.runtimeContext instead.","time":"2026-09-14T19:57:48.342Z","v":0,"logId":"01a0a17f-47b6-7bd8-b504-492a14791c35"}
{"name":"worker","pid":221,"phase":"RUN_GRADLEW","buildId":"8edd809d-40dd-4406-8e8f-7f9cc2f047d4","source":"stdout","level":30,"msg":"w: file:///home/expo/workingdir/build/node_modules/expo-modules-core/android/src/main/java/expo/modules/kotlin/AppContext.kt:271:21 'typealias ErrorManagerModule = JSLoggerModule' is deprecated. Use JSLoggerModule instead.","time":"2026-09-14T19:57:48.342Z","v":0,"logId":"01a0a17f-47b6-7bd8-b504-492b2a918d61"}
{"name":"worker","pid":221,"phase":"RUN_GRADLEW","buildId":"8edd809d-40dd-4406-8e8f-7f9cc2f047d4","source":"stdout","level":30,"msg":"w: file:///home/expo/workingdir/build/node_modules/expo-modules-core/android/src/main/java/expo/modules/kotlin/AppContext.kt:380:21 'val DEFAULT: Int' is deprecated. UIManagerType.DEFAULT will be deleted in the next release of React Native. Use [LEGACY] instead.","time":"2026-09-14T19:57:48.342Z","v":0,"logId":"01a0a17f-47b7-729d-8b59-26fa60af2e10"}
{"name":"worker","pid":221,"phase":"RUN_GRADLEW","buildId":"8edd809d-40dd-4406-8e8f-7f9cc2f047d4","source":"stdout","level":30,"msg":"w: file:///home/expo/workingdir/build/node_modules/expo-modules-core/android/src/main/java/expo/modules/kotlin/AppContext.kt:381:10 'class UIManagerModule : ReactContextBaseJavaModule, LifecycleEventListener, UIManager' is deprecated. Deprecated in Java.","time":"2026-09-14T19:57:48.343Z","v":0,"logId":"01a0a17f-47b7-729d-8b59-26fb72943c7a"}
{"name":"worker","pid":221,"phase":"RUN_GRADLEW","buildId":"8edd809d-40dd-4406-8e8f-7f9cc2f047d4","source":"stdout","level":30,"msg":"w: file:///home/expo/workingdir/build/node_modules/expo-modules-core/android/src/main/java/expo/modules/kotlin/defaultmodules/NativeModulesProxyModule.kt:16:5 'fun Constants(legacyConstantsProvider: () -> Map<String, Any?>): Unit' is deprecated. Use `Constant` or `Property` instead.","time":"2026-09-14T19:57:48.343Z","v":0,"logId":"01a0a17f-47b7-729d-8b59-26fc3c5e512d"}
{"name":"worker","pid":221,"phase":"RUN_GRADLEW","buildId":"8edd809d-40dd-4406-8e8f-7f9cc2f047d4","source":"stdout","level":30,"msg":"w: file:///home/expo/workingdir/build/node_modules/expo-modules-core/android/src/main/java/expo/modules/kotlin/events/KModuleEventEmitterWrapper.kt:99:21 'fun getEventDispatcherForReactTag(context: ReactContext, reactTag: Int): EventDispatcher?' is deprecated. reactTag is no longer needed.","time":"2026-09-14T19:57:48.343Z","v":0,"logId":"01a0a17f-47b7-729d-8b59-26fdddf7d614"}
{"name":"worker","pid":221,"phase":"RUN_GRADLEW","buildId":"8edd809d-40dd-4406-8e8f-7f9cc2f047d4","source":"stdout","level":30,"msg":"w: file:///home/expo/workingdir/build/node_modules/expo-modules-core/android/src/main/java/expo/modules/kotlin/events/KModuleEventEmitterWrapper.kt:108:21 'fun getEventDispatcherForReactTag(context: ReactContext, reactTag: Int): EventDispatcher?' is deprecated. reactTag is no longer needed.","time":"2026-09-14T19:57:48.343Z","v":0,"logId":"01a0a17f-47b7-729d-8b59-26fe804235df"}
{"name":"worker","pid":221,"phase":"RUN_GRADLEW","buildId":"8edd809d-40dd-4406-8e8f-7f9cc2f047d4","source":"stdout","level":30,"msg":"w: file:///home/expo/workingdir/build/node_modules/expo-modules-core/android/src/main/java/expo/modules/kotlin/views/ViewDefinitionBuilder.kt:470:16 'val errorManager: JSLoggerModule?' is deprecated. Use AppContext.jsLogger instead.","time":"2026-09-14T19:57:48.343Z","v":0,"logId":"01a0a17f-47b7-729d-8b59-26ffe35729be"}
{"name":"worker","pid":221,"phase":"RUN_GRADLEW","buildId":"8edd809d-40dd-4406-8e8f-7f9cc2f047d4","source":"stdout","level":30,"msg":"w: file:///home/expo/workingdir/build/node_modules/expo-modules-core/android/src/main/java/expo/modules/kotlin/views/ViewDefinitionBuilder.kt:470:30 'fun reportExceptionToLogBox(codedException: CodedException): Unit' is deprecated. Use appContext.jsLogger.error(...) instead.","time":"2026-09-14T19:57:48.343Z","v":0,"logId":"01a0a17f-47b7-729d-8b59-2700c0394fd7"}
{"name":"worker","pid":221,"phase":"RUN_GRADLEW","buildId":"8edd809d-40dd-4406-8e8f-7f9cc2f047d4","source":"stdout","level":30,"msg":"w: file:///home/expo/workingdir/build/node_modules/expo-modules-core/android/src/main/java/expo/modules/kotlin/views/ViewManagerDefinition.kt:41:16 'val errorManager: JSLoggerModule?' is deprecated. Use AppContext.jsLogger instead.","time":"2026-09-14T19:57:48.343Z","v":0,"logId":"01a0a17f-47b7-729d-8b59-27016bbf75bf"}
{"name":"worker","pid":221,"phase":"RUN_GRADLEW","buildId":"8edd809d-40dd-4406-8e8f-7f9cc2f047d4","source":"stdout","level":30,"msg":"w: file:///home/expo/workingdir/build/node_modules/expo-modules-core/android/src/main/java/expo/modules/kotlin/views/ViewManagerDefinition.kt:41:30 'fun reportExceptionToLogBox(codedException: CodedException): Unit' is deprecated. Use appContext.jsLogger.error(...) instead.","time":"2026-09-14T19:57:48.343Z","v":0,"logId":"01a0a17f-47b7-729d-8b59-270278b33148"}
{"name":"worker","pid":221,"phase":"RUN_GRADLEW","buildId":"8edd809d-40dd-4406-8e8f-7f9cc2f047d4","source":"stdout","level":30,"msg":"> Task :expo-modules-core:compileDebugJavaWithJavac","time":"2026-09-14T19:57:51.139Z","v":0,"logId":"01a0a17f-52a3-7798-85fd-3a9f01f71c36"}
{"name":"worker","pid":221,"phase":"RUN_GRADLEW","buildId":"8edd809d-40dd-4406-8e8f-7f9cc2f047d4","source":"stderr","level":30,"msg":"Note: Some input files use or override a deprecated API.","time":"2026-09-14T19:57:51.143Z","v":0,"logId":"01a0a17f-52a7-7772-b158-2a495fc668b9"}
{"name":"worker","pid":221,"phase":"RUN_GRADLEW","buildId":"8edd809d-40dd-4406-8e8f-7f9cc2f047d4","source":"stderr","level":30,"msg":"Note: Recompile with -Xlint:deprecation for details.","time":"2026-09-14T19:57:51.143Z","v":0,"logId":"01a0a17f-52a7-7772-b158-2a4a85311a77"}
{"name":"worker","pid":221,"phase":"RUN_GRADLEW","buildId":"8edd809d-40dd-4406-8e8f-7f9cc2f047d4","source":"stdout","level":30,"msg":"> Task :react-native-screens:compileDebugJavaWithJavac","time":"2026-09-14T19:57:53.839Z","v":0,"logId":"01a0a17f-5d2f-7614-a486-bca53d45eed8"}
{"name":"worker","pid":221,"phase":"RUN_GRADLEW","buildId":"8edd809d-40dd-4406-8e8f-7f9cc2f047d4","source":"stdout","level":30,"msg":"> Task :react-native-screens:bundleLibCompileToJarDebug","time":"2026-09-14T19:57:54.538Z","v":0,"logId":"01a0a17f-5feb-765f-a4f9-2faf47ff2c03"}
{"name":"worker","pid":221,"phase":"RUN_GRADLEW","buildId":"8edd809d-40dd-4406-8e8f-7f9cc2f047d4","source":"stdout","level":30,"msg":"> Task :react-native-screens:bundleLibRuntimeToJarDebug","time":"2026-09-14T19:57:54.738Z","v":0,"logId":"01a0a17f-60b3-7ced-85e1-62fad60fbf8e"}
{"name":"worker","pid":221,"phase":"RUN_GRADLEW","buildId":"8edd809d-40dd-4406-8e8f-7f9cc2f047d4","source":"stdout","level":30,"msg":"> Task :expo-modules-core:bundleLibCompileToJarDebug","time":"2026-09-14T19:57:56.538Z","v":0,"logId":"01a0a17f-67bb-7b04-8f6d-933f1d04d9f4"}
{"name":"worker","pid":221,"phase":"RUN_GRADLEW","buildId":"8edd809d-40dd-4406-8e8f-7f9cc2f047d4","source":"stdout","level":30,"msg":"> Task :expo-modules-core:bundleLibRuntimeToJarDebug","time":"2026-09-14T19:58:26.538Z","v":0,"logId":"01a0a17f-dceb-7a29-9617-e8e69feb2e5b"}
{"name":"worker","pid":221,"phase":"RUN_GRADLEW","buildId":"8edd809d-40dd-4406-8e8f-7f9cc2f047d4","source":"stdout","level":30,"msg":"> Task :expo-constants:compileDebugKotlin","time":"2026-09-14T19:58:26.541Z","v":0,"logId":"01a0a17f-dced-7ad9-878f-66d38bedaa94"}
{"name":"worker","pid":221,"phase":"RUN_GRADLEW","buildId":"8edd809d-40dd-4406-8e8f-7f9cc2f047d4","source":"stdout","level":30,"msg":"> Task :expo-dev-client:compileDebugKotlin","time":"2026-09-14T19:58:32.338Z","v":0,"logId":"01a0a17f-f393-7340-8761-c2c3f83a3749"}
{"name":"worker","pid":221,"phase":"RUN_GRADLEW","buildId":"8edd809d-40dd-4406-8e8f-7f9cc2f047d4","source":"stdout","level":30,"msg":"NO-SOURCE","time":"2026-09-14T19:58:32.342Z","v":0,"logId":"01a0a17f-f396-70c4-b4ce-6ede3ffa9e1e"}
{"name":"worker","pid":221,"phase":"RUN_GRADLEW","buildId":"8edd809d-40dd-4406-8e8f-7f9cc2f047d4","source":"stdout","level":30,"msg":"> Task :expo-dev-menu-interface:compileDebugKotlin NO-SOURCE","time":"2026-09-14T19:58:32.743Z","v":0,"logId":"01a0a17f-f528-7d44-a4cf-4c750a8d0942"}
{"name":"worker","pid":221,"phase":"RUN_GRADLEW","buildId":"8edd809d-40dd-4406-8e8f-7f9cc2f047d4","source":"stdout","level":30,"msg":"> Task :expo-dev-menu-interface:compileDebugJavaWithJavac","time":"2026-09-14T19:58:33.141Z","v":0,"logId":"01a0a17f-f6b5-7c68-91db-113f49a664e6"}
{"name":"worker","pid":221,"phase":"RUN_GRADLEW","buildId":"8edd809d-40dd-4406-8e8f-7f9cc2f047d4","source":"stdout","level":30,"msg":"> Task :expo-dev-menu-interface:bundleLibCompileToJarDebug","time":"2026-09-14T19:58:33.240Z","v":0,"logId":"01a0a17f-f718-783c-a03f-ccf8a9955b42"}
{"name":"worker","pid":221,"phase":"RUN_GRADLEW","buildId":"8edd809d-40dd-4406-8e8f-7f9cc2f047d4","source":"stdout","level":30,"msg":"> Task :expo-dev-client:compileDebugJavaWithJavac","time":"2026-09-14T19:58:33.638Z","v":0,"logId":"01a0a17f-f8a7-7c7e-91db-4d6e9ce69cab"}
{"name":"worker","pid":221,"phase":"RUN_GRADLEW","buildId":"8edd809d-40dd-4406-8e8f-7f9cc2f047d4","source":"stdout","level":30,"msg":"> Task :expo-dev-client:bundleLibCompileToJarDebug","time":"2026-09-14T19:58:33.938Z","v":0,"logId":"01a0a17f-f9d3-7ad3-840e-098e89860612"}
{"name":"worker","pid":221,"phase":"RUN_GRADLEW","buildId":"8edd809d-40dd-4406-8e8f-7f9cc2f047d4","source":"stdout","level":30,"msg":"> Task :expo-json-utils:compileDebugKotlin","time":"2026-09-14T19:58:34.243Z","v":0,"logId":"01a0a17f-fb03-7770-bbbb-49b005689e13"}
{"name":"worker","pid":221,"phase":"RUN_GRADLEW","buildId":"8edd809d-40dd-4406-8e8f-7f9cc2f047d4","source":"stdout","level":30,"msg":"> Task :expo-constants:compileDebugKotlin","time":"2026-09-14T19:58:34.243Z","v":0,"logId":"01a0a17f-fb04-780f-a2ce-f67ff3c93bf8"}
{"name":"worker","pid":221,"phase":"RUN_GRADLEW","buildId":"8edd809d-40dd-4406-8e8f-7f9cc2f047d4","source":"stdout","level":30,"msg":"w: file:///home/expo/workingdir/build/node_modules/expo-constants/android/src/main/java/expo/modules/constants/ConstantsModule.kt:13:5 'fun Constants(legacyConstantsProvider: () -> Map<String, Any?>): Unit' is deprecated. Use `Constant` or `Property` instead.","time":"2026-09-14T19:58:34.244Z","v":0,"logId":"01a0a17f-fb04-780f-a2ce-f680a676077b"}
{"name":"worker","pid":221,"phase":"RUN_GRADLEW","buildId":"8edd809d-40dd-4406-8e8f-7f9cc2f047d4","source":"stdout","level":30,"msg":"> Task :expo-json-utils:compileDebugJavaWithJavac","time":"2026-09-14T19:58:34.440Z","v":0,"logId":"01a0a17f-fbc8-728a-a91f-a520d8ffaddc"}
{"name":"worker","pid":221,"phase":"RUN_GRADLEW","buildId":"8edd809d-40dd-4406-8e8f-7f9cc2f047d4","source":"stdout","level":30,"msg":"> Task :expo-json-utils:bundleLibCompileToJarDebug","time":"2026-09-14T19:58:34.441Z","v":0,"logId":"01a0a17f-fbc9-7ae5-acb1-6959a468a099"}
{"name":"worker","pid":221,"phase":"RUN_GRADLEW","buildId":"8edd809d-40dd-4406-8e8f-7f9cc2f047d4","source":"stdout","level":30,"msg":"> Task :expo-constants:compileDebugJavaWithJavac","time":"2026-09-14T19:58:34.441Z","v":0,"logId":"01a0a17f-fbc9-7ae5-acb1-695ae15be2f7"}
{"name":"worker","pid":221,"phase":"RUN_GRADLEW","buildId":"8edd809d-40dd-4406-8e8f-7f9cc2f047d4","source":"stdout","level":30,"msg":"> Task :expo-constants:bundleLibCompileToJarDebug","time":"2026-09-14T19:58:34.441Z","v":0,"logId":"01a0a17f-fbc9-7ae5-acb1-695bb40ed526"}
{"name":"worker","pid":221,"phase":"RUN_GRADLEW","buildId":"8edd809d-40dd-4406-8e8f-7f9cc2f047d4","source":"stdout","level":30,"msg":"> Task :expo-updates-interface:compileDebugKotlin","time":"2026-09-14T19:58:34.641Z","v":0,"logId":"01a0a17f-fc91-718f-82d9-d0754bebb554"}
{"name":"worker","pid":221,"phase":"RUN_GRADLEW","buildId":"8edd809d-40dd-4406-8e8f-7f9cc2f047d4","source":"stdout","level":30,"msg":"> Task :expo-updates-interface:compileDebugJavaWithJavac","time":"2026-09-14T19:58:34.838Z","v":0,"logId":"01a0a17f-fd57-7091-a0da-e1c7bdce53f3"}
{"name":"worker","pid":221,"phase":"RUN_GRADLEW","buildId":"8edd809d-40dd-4406-8e8f-7f9cc2f047d4","source":"stdout","level":30,"msg":"> Task :expo-updates-interface:bundleLibCompileToJarDebug","time":"2026-09-14T19:58:35.538Z","v":0,"logId":"01a0a180-0013-71dc-947f-45e1046d7908"}
{"name":"worker","pid":221,"phase":"RUN_GRADLEW","buildId":"8edd809d-40dd-4406-8e8f-7f9cc2f047d4","source":"stdout","level":30,"msg":"> Task :react-native-gesture-handler:bundleLibCompileToJarDebug","time":"2026-09-14T19:58:35.639Z","v":0,"logId":"01a0a180-0077-7803-a3c8-c10b36858bd3"}
{"name":"worker","pid":221,"phase":"RUN_GRADLEW","buildId":"8edd809d-40dd-4406-8e8f-7f9cc2f047d4","source":"stdout","level":30,"msg":"> Task :expo-manifests:compileDebugKotlin","time":"2026-09-14T19:58:35.639Z","v":0,"logId":"01a0a180-0077-7803-a3c8-c10ce3826a53"}
{"name":"worker","pid":221,"phase":"RUN_GRADLEW","buildId":"8edd809d-40dd-4406-8e8f-7f9cc2f047d4","source":"stdout","level":30,"msg":"w: file:///home/expo/workingdir/build/node_modules/expo-manifests/android/src/main/java/expo/modules/manifests/core/EmbeddedManifest.kt:19:16 This declaration overrides a deprecated member but is not marked as deprecated itself. Add the '@Deprecated' annotation or suppress the diagnostic.","time":"2026-09-14T19:58:35.639Z","v":0,"logId":"01a0a180-0078-71a6-beab-5b983427fef0"}
{"name":"worker","pid":221,"phase":"RUN_GRADLEW","buildId":"8edd809d-40dd-4406-8e8f-7f9cc2f047d4","source":"stdout","level":30,"msg":"w: file:///home/expo/workingdir/build/node_modules/expo-manifests/android/src/main/java/expo/modules/manifests/core/EmbeddedManifest.kt:19:86 'fun getLegacyID(): String' is deprecated. Prefer scopeKey or projectId depending on use case.","time":"2026-09-14T19:58:35.640Z","v":0,"logId":"01a0a180-007a-7c4b-8564-3ad5ba34d76f"}
{"name":"worker","pid":221,"phase":"RUN_GRADLEW","buildId":"8edd809d-40dd-4406-8e8f-7f9cc2f047d4","source":"stdout","level":30,"msg":"w: file:///home/expo/workingdir/build/node_modules/expo-manifests/android/src/main/java/expo/modules/manifests/core/ExpoUpdatesManifest.kt:16:16 This declaration overrides a deprecated member but is not marked as deprecated itself. Add the '@Deprecated' annotation or suppress the diagnostic.","time":"2026-09-14T19:58:35.642Z","v":0,"logId":"01a0a180-007a-7c4b-8564-3ad6f2e53c0b"}
{"name":"worker","pid":221,"phase":"RUN_GRADLEW","buildId":"8edd809d-40dd-4406-8e8f-7f9cc2f047d4","source":"stdout","level":30,"msg":"w: file:///home/expo/workingdir/build/node_modules/expo-manifests/android/src/main/java/expo/modules/manifests/core/Manifest.kt:13:3 Deprecations and opt-ins on a method overridden from 'Any' may not be reported.","time":"2026-09-14T19:58:35.642Z","v":0,"logId":"01a0a180-007a-7c4b-8564-3ad707bd4bcc"}
{"name":"worker","pid":221,"phase":"RUN_GRADLEW","buildId":"8edd809d-40dd-4406-8e8f-7f9cc2f047d4","source":"stdout","level":30,"msg":"w: file:///home/expo/workingdir/build/node_modules/expo-manifests/android/src/main/java/expo/modules/manifests/core/Manifest.kt:15:12 'fun getRawJson(): JSONObject' is deprecated. Prefer to use specific field getters.","time":"2026-09-14T19:58:35.642Z","v":0,"logId":"01a0a180-007a-7c4b-8564-3ad8f617ad46"}
{"name":"worker","pid":221,"phase":"RUN_GRADLEW","buildId":"8edd809d-40dd-4406-8e8f-7f9cc2f047d4","source":"stdout","level":30,"msg":"> Task :react-native-gesture-handler:bundleLibRuntimeToJarDebug","time":"2026-09-14T19:58:35.642Z","v":0,"logId":"01a0a180-007a-7c4b-8564-3ad9eea9b062"}
{"name":"worker","pid":221,"phase":"RUN_GRADLEW","buildId":"8edd809d-40dd-4406-8e8f-7f9cc2f047d4","source":"stdout","level":30,"msg":"> Task :expo-log-box:compileDebugKotlin","time":"2026-09-14T19:58:35.939Z","v":0,"logId":"01a0a180-01a3-7851-b0b9-37258d17cb3a"}
{"name":"worker","pid":221,"phase":"RUN_GRADLEW","buildId":"8edd809d-40dd-4406-8e8f-7f9cc2f047d4","source":"stdout","level":30,"msg":"> Task :expo-manifests:compileDebugJavaWithJavac","time":"2026-09-14T19:58:35.939Z","v":0,"logId":"01a0a180-01a4-779e-a206-940e5cb03f62"}
{"name":"worker","pid":221,"phase":"RUN_GRADLEW","buildId":"8edd809d-40dd-4406-8e8f-7f9cc2f047d4","source":"stdout","level":30,"msg":"> Task :expo-manifests:bundleLibCompileToJarDebug","time":"2026-09-14T19:58:35.940Z","v":0,"logId":"01a0a180-01a4-779e-a206-940f888cc742"}
{"name":"worker","pid":221,"phase":"RUN_GRADLEW","buildId":"8edd809d-40dd-4406-8e8f-7f9cc2f047d4","source":"stdout","level":30,"msg":"> Task :expo-constants:bundleLibRuntimeToJarDebug","time":"2026-09-14T19:58:36.942Z","v":0,"logId":"01a0a180-058e-77df-88fa-c3f4daa02b70"}
{"name":"worker","pid":221,"phase":"RUN_GRADLEW","buildId":"8edd809d-40dd-4406-8e8f-7f9cc2f047d4","source":"stdout","level":30,"msg":"> Task :expo-dev-client:bundleLibRuntimeToJarDebug","time":"2026-09-14T19:58:36.943Z","v":0,"logId":"01a0a180-058f-745a-95ab-65ef1574f94e"}
{"name":"worker","pid":221,"phase":"RUN_GRADLEW","buildId":"8edd809d-40dd-4406-8e8f-7f9cc2f047d4","source":"stdout","level":30,"msg":"> Task :expo-dev-menu-interface:bundleLibRuntimeToJarDebug","time":"2026-09-14T19:58:37.038Z","v":0,"logId":"01a0a180-05ef-7dcc-92de-38196e93e8cd"}
{"name":"worker","pid":221,"phase":"RUN_GRADLEW","buildId":"8edd809d-40dd-4406-8e8f-7f9cc2f047d4","source":"stdout","level":30,"msg":"> Task :expo-json-utils:bundleLibRuntimeToJarDebug","time":"2026-09-14T19:58:37.039Z","v":0,"logId":"01a0a180-05ef-7dcc-92de-381a6ecc224e"}
{"name":"worker","pid":221,"phase":"RUN_GRADLEW","buildId":"8edd809d-40dd-4406-8e8f-7f9cc2f047d4","source":"stdout","level":30,"msg":"> Task :expo-log-box:compileDebugJavaWithJavac","time":"2026-09-14T19:58:37.039Z","v":0,"logId":"01a0a180-05ef-7dcc-92de-381bd2993dfb"}
{"name":"worker","pid":221,"phase":"RUN_GRADLEW","buildId":"8edd809d-40dd-4406-8e8f-7f9cc2f047d4","source":"stdout","level":30,"msg":"> Task :expo-log-box:bundleLibCompileToJarDebug","time":"2026-09-14T19:58:37.838Z","v":0,"logId":"01a0a180-090f-726f-a720-f287d8087d8e"}
{"name":"worker","pid":221,"phase":"RUN_GRADLEW","buildId":"8edd809d-40dd-4406-8e8f-7f9cc2f047d4","source":"stdout","level":30,"msg":"> Task :expo-manifests:bundleLibRuntimeToJarDebug","time":"2026-09-14T19:58:37.840Z","v":0,"logId":"01a0a180-0910-7cf1-8be6-5468f7da5591"}
{"name":"worker","pid":221,"phase":"RUN_GRADLEW","buildId":"8edd809d-40dd-4406-8e8f-7f9cc2f047d4","source":"stdout","level":30,"msg":"> Task :expo-log-box:bundleLibRuntimeToJarDebug","time":"2026-09-14T19:58:37.943Z","v":0,"logId":"01a0a180-0977-77a7-9d37-ca91e5c7c2c3"}
{"name":"worker","pid":221,"phase":"RUN_GRADLEW","buildId":"8edd809d-40dd-4406-8e8f-7f9cc2f047d4","source":"stdout","level":30,"msg":"> Task :expo-updates-interface:bundleLibRuntimeToJarDebug","time":"2026-09-14T19:58:37.943Z","v":0,"logId":"01a0a180-0977-77a7-9d37-ca92911942d3"}
{"name":"worker","pid":221,"phase":"RUN_GRADLEW","buildId":"8edd809d-40dd-4406-8e8f-7f9cc2f047d4","source":"stdout","level":30,"msg":"> Task :expo-constants:processDebugJavaRes","time":"2026-09-14T19:58:38.842Z","v":0,"logId":"01a0a180-0cfb-7d79-8825-4c1daed740d9"}
{"name":"worker","pid":221,"phase":"RUN_GRADLEW","buildId":"8edd809d-40dd-4406-8e8f-7f9cc2f047d4","source":"stdout","level":30,"msg":"> Task :expo-dev-client:processDebugJavaRes NO-SOURCE","time":"2026-09-14T19:58:38.941Z","v":0,"logId":"01a0a180-0d5d-7cb0-80f0-b29d302cc203"}
{"name":"worker","pid":221,"phase":"RUN_GRADLEW","buildId":"8edd809d-40dd-4406-8e8f-7f9cc2f047d4","source":"stdout","level":30,"msg":"> Task :expo-dev-menu-interface:processDebugJavaRes NO-SOURCE","time":"2026-09-14T19:58:38.942Z","v":0,"logId":"01a0a180-0d5e-7fbe-b922-91486512a115"}
{"name":"worker","pid":221,"phase":"RUN_GRADLEW","buildId":"8edd809d-40dd-4406-8e8f-7f9cc2f047d4","source":"stdout","level":30,"msg":"> Task :expo-json-utils:processDebugJavaRes","time":"2026-09-14T19:58:38.942Z","v":0,"logId":"01a0a180-0d5e-7fbe-b922-91498fc54838"}
{"name":"worker","pid":221,"phase":"RUN_GRADLEW","buildId":"8edd809d-40dd-4406-8e8f-7f9cc2f047d4","source":"stdout","level":30,"msg":"> Task :expo-log-box:processDebugJavaRes","time":"2026-09-14T19:58:38.942Z","v":0,"logId":"01a0a180-0d5e-7fbe-b922-914a1b9455a8"}
{"name":"worker","pid":221,"phase":"RUN_GRADLEW","buildId":"8edd809d-40dd-4406-8e8f-7f9cc2f047d4","source":"stdout","level":30,"msg":"> Task :expo-manifests:processDebugJavaRes","time":"2026-09-14T19:58:38.942Z","v":0,"logId":"01a0a180-0d5e-7fbe-b922-914ba1ac6b81"}
{"name":"worker","pid":221,"phase":"RUN_GRADLEW","buildId":"8edd809d-40dd-4406-8e8f-7f9cc2f047d4","source":"stdout","level":30,"msg":"> Task :expo-modules-core:processDebugJavaRes","time":"2026-09-14T19:58:39.441Z","v":0,"logId":"01a0a180-0f51-7ada-9382-1309cbb56668"}
{"name":"worker","pid":221,"phase":"RUN_GRADLEW","buildId":"8edd809d-40dd-4406-8e8f-7f9cc2f047d4","source":"stdout","level":30,"msg":"> Task :expo-updates-interface:processDebugJavaRes","time":"2026-09-14T19:58:39.442Z","v":0,"logId":"01a0a180-0f52-7969-a2f5-bec239e07d5e"}
{"name":"worker","pid":221,"phase":"RUN_GRADLEW","buildId":"8edd809d-40dd-4406-8e8f-7f9cc2f047d4","source":"stdout","level":30,"msg":"> Task :react-native-gesture-handler:processDebugJavaRes","time":"2026-09-14T19:58:39.442Z","v":0,"logId":"01a0a180-0f52-7969-a2f5-bec3f699fc0b"}
{"name":"worker","pid":221,"phase":"RUN_GRADLEW","buildId":"8edd809d-40dd-4406-8e8f-7f9cc2f047d4","source":"stdout","level":30,"msg":"> Task :react-native-screens:processDebugJavaRes","time":"2026-09-14T19:58:39.538Z","v":0,"logId":"01a0a180-0fb3-7693-bfa1-40036234069c"}
{"name":"worker","pid":221,"phase":"RUN_GRADLEW","buildId":"8edd809d-40dd-4406-8e8f-7f9cc2f047d4","source":"stdout","level":30,"msg":"> Task :react-native-worklets:configureCMakeDebug[arm64-v8a]","time":"2026-09-14T19:58:42.638Z","v":0,"logId":"01a0a180-1bcf-7398-a320-f9ecb497c00b"}
{"name":"worker","pid":221,"phase":"RUN_GRADLEW","buildId":"8edd809d-40dd-4406-8e8f-7f9cc2f047d4","source":"stdout","level":30,"msg":"Checking the license for package CMake 3.22.1 in /home/expo/Android/Sdk/licenses","time":"2026-09-14T19:58:42.639Z","v":0,"logId":"01a0a180-1bcf-7398-a320-f9ed758e5417"}
{"name":"worker","pid":221,"phase":"RUN_GRADLEW","buildId":"8edd809d-40dd-4406-8e8f-7f9cc2f047d4","source":"stdout","level":30,"msg":"License for package CMake 3.22.1 accepted.","time":"2026-09-14T19:58:42.640Z","v":0,"logId":"01a0a180-1bd0-7951-81aa-e6626ffc9d48"}
{"name":"worker","pid":221,"phase":"RUN_GRADLEW","buildId":"8edd809d-40dd-4406-8e8f-7f9cc2f047d4","source":"stdout","level":30,"msg":"Preparing \"Install CMake 3.22.1 v.3.22.1\".","time":"2026-09-14T19:58:42.739Z","v":0,"logId":"01a0a180-1c33-797d-927a-c974480e199d"}
{"name":"worker","pid":221,"phase":"RUN_GRADLEW","buildId":"8edd809d-40dd-4406-8e8f-7f9cc2f047d4","source":"stdout","level":30,"msg":"\"Install CMake 3.22.1 v.3.22.1\" ready.","time":"2026-09-14T19:58:46.538Z","v":0,"logId":"01a0a180-2b0b-72ad-a59b-931c3d402100"}
{"name":"worker","pid":221,"phase":"RUN_GRADLEW","buildId":"8edd809d-40dd-4406-8e8f-7f9cc2f047d4","source":"stdout","level":30,"msg":"Installing CMake 3.22.1 in /home/expo/Android/Sdk/cmake/3.22.1","time":"2026-09-14T19:58:46.539Z","v":0,"logId":"01a0a180-2b0b-72ad-a59b-931d22212573"}
{"name":"worker","pid":221,"phase":"RUN_GRADLEW","buildId":"8edd809d-40dd-4406-8e8f-7f9cc2f047d4","source":"stdout","level":30,"msg":"\"Install CMake 3.22.1 v.3.22.1\" complete.","time":"2026-09-14T19:58:46.539Z","v":0,"logId":"01a0a180-2b0b-72ad-a59b-931e5bb137ef"}
{"name":"worker","pid":221,"phase":"RUN_GRADLEW","buildId":"8edd809d-40dd-4406-8e8f-7f9cc2f047d4","source":"stdout","level":30,"msg":"\"Install CMake 3.22.1 v.3.22.1\" finished.","time":"2026-09-14T19:58:47.238Z","v":0,"logId":"01a0a180-2dc7-7485-a56f-b2e1bb28c61e"}
{"name":"worker","pid":221,"phase":"RUN_GRADLEW","buildId":"8edd809d-40dd-4406-8e8f-7f9cc2f047d4","source":"stdout","level":30,"msg":"> Task :app:mergeDebugJniLibFolders","time":"2026-09-14T19:58:48.742Z","v":0,"logId":"01a0a180-33a6-738e-9b0c-22d07b02b53d"}
{"name":"worker","pid":221,"phase":"RUN_GRADLEW","buildId":"8edd809d-40dd-4406-8e8f-7f9cc2f047d4","source":"stdout","level":30,"msg":"> Task :expo:mergeDebugJniLibFolders","time":"2026-09-14T19:58:48.743Z","v":0,"logId":"01a0a180-33a7-74c0-bc81-d3ff49751734"}
{"name":"worker","pid":221,"phase":"RUN_GRADLEW","buildId":"8edd809d-40dd-4406-8e8f-7f9cc2f047d4","source":"stdout","level":30,"msg":"> Task :expo:mergeDebugNativeLibs NO-SOURCE","time":"2026-09-14T19:58:48.743Z","v":0,"logId":"01a0a180-33a7-74c0-bc81-d400d42bf841"}
{"name":"worker","pid":221,"phase":"RUN_GRADLEW","buildId":"8edd809d-40dd-4406-8e8f-7f9cc2f047d4","source":"stdout","level":30,"msg":"> Task :expo:copyDebugJniLibsProjectOnly","time":"2026-09-14T19:58:48.743Z","v":0,"logId":"01a0a180-33a7-74c0-bc81-d401e0c1b2d3"}
{"name":"worker","pid":221,"phase":"RUN_GRADLEW","buildId":"8edd809d-40dd-4406-8e8f-7f9cc2f047d4","source":"stdout","level":30,"msg":"> Task :expo-constants:mergeDebugJniLibFolders","time":"2026-09-14T19:58:48.839Z","v":0,"logId":"01a0a180-3407-7a8f-bf56-25b083b30323"}
{"name":"worker","pid":221,"phase":"RUN_GRADLEW","buildId":"8edd809d-40dd-4406-8e8f-7f9cc2f047d4","source":"stdout","level":30,"msg":"> Task :expo-constants:mergeDebugNativeLibs NO-SOURCE","time":"2026-09-14T19:58:48.840Z","v":0,"logId":"01a0a180-3408-792e-b77d-ba91609569b1"}
{"name":"worker","pid":221,"phase":"RUN_GRADLEW","buildId":"8edd809d-40dd-4406-8e8f-7f9cc2f047d4","source":"stdout","level":30,"msg":"> Task :expo-constants:copyDebugJniLibsProjectOnly","time":"2026-09-14T19:58:48.840Z","v":0,"logId":"01a0a180-3408-792e-b77d-ba9279b0b786"}
{"name":"worker","pid":221,"phase":"RUN_GRADLEW","buildId":"8edd809d-40dd-4406-8e8f-7f9cc2f047d4","source":"stdout","level":30,"msg":"> Task :expo-dev-client:mergeDebugJniLibFolders","time":"2026-09-14T19:58:48.840Z","v":0,"logId":"01a0a180-3408-792e-b77d-ba9381e46276"}
{"name":"worker","pid":221,"phase":"RUN_GRADLEW","buildId":"8edd809d-40dd-4406-8e8f-7f9cc2f047d4","source":"stdout","level":30,"msg":"> Task :expo-dev-client:mergeDebugNativeLibs NO-SOURCE","time":"2026-09-14T19:58:48.840Z","v":0,"logId":"01a0a180-3408-792e-b77d-ba945c51924f"}
{"name":"worker","pid":221,"phase":"RUN_GRADLEW","buildId":"8edd809d-40dd-4406-8e8f-7f9cc2f047d4","source":"stdout","level":30,"msg":"> Task :expo-dev-client:copyDebugJniLibsProjectOnly","time":"2026-09-14T19:58:48.840Z","v":0,"logId":"01a0a180-3408-792e-b77d-ba95b2ba3525"}
{"name":"worker","pid":221,"phase":"RUN_GRADLEW","buildId":"8edd809d-40dd-4406-8e8f-7f9cc2f047d4","source":"stdout","level":30,"msg":"> Task :expo-dev-launcher:mergeDebugJniLibFolders","time":"2026-09-14T19:58:48.840Z","v":0,"logId":"01a0a180-3408-792e-b77d-ba96ddef45a7"}
{"name":"worker","pid":221,"phase":"RUN_GRADLEW","buildId":"8edd809d-40dd-4406-8e8f-7f9cc2f047d4","source":"stdout","level":30,"msg":"> Task :expo-dev-launcher:mergeDebugNativeLibs NO-SOURCE","time":"2026-09-14T19:58:48.840Z","v":0,"logId":"01a0a180-3408-792e-b77d-ba972813fc47"}
{"name":"worker","pid":221,"phase":"RUN_GRADLEW","buildId":"8edd809d-40dd-4406-8e8f-7f9cc2f047d4","source":"stdout","level":30,"msg":"> Task :expo-dev-launcher:copyDebugJniLibsProjectOnly","time":"2026-09-14T19:58:48.840Z","v":0,"logId":"01a0a180-3408-792e-b77d-ba988dd0c27c"}
{"name":"worker","pid":221,"phase":"RUN_GRADLEW","buildId":"8edd809d-40dd-4406-8e8f-7f9cc2f047d4","source":"stdout","level":30,"msg":"> Task :expo-dev-menu:mergeDebugJniLibFolders","time":"2026-09-14T19:58:48.840Z","v":0,"logId":"01a0a180-3409-7879-943f-e4d22b7ec805"}
{"name":"worker","pid":221,"phase":"RUN_GRADLEW","buildId":"8edd809d-40dd-4406-8e8f-7f9cc2f047d4","source":"stdout","level":30,"msg":"> Task :expo-dev-menu:mergeDebugNativeLibs NO-SOURCE","time":"2026-09-14T19:58:48.841Z","v":0,"logId":"01a0a180-3409-7879-943f-e4d3da9d703c"}
{"name":"worker","pid":221,"phase":"RUN_GRADLEW","buildId":"8edd809d-40dd-4406-8e8f-7f9cc2f047d4","source":"stdout","level":30,"msg":"> Task :expo-dev-menu:copyDebugJniLibsProjectOnly","time":"2026-09-14T19:58:48.841Z","v":0,"logId":"01a0a180-3409-7879-943f-e4d4b05b4f14"}
{"name":"worker","pid":221,"phase":"RUN_GRADLEW","buildId":"8edd809d-40dd-4406-8e8f-7f9cc2f047d4","source":"stdout","level":30,"msg":"> Task :expo-dev-menu-interface:mergeDebugJniLibFolders","time":"2026-09-14T19:58:48.943Z","v":0,"logId":"01a0a180-346f-72e3-b1c9-93621a0ee8c3"}
{"name":"worker","pid":221,"phase":"RUN_GRADLEW","buildId":"8edd809d-40dd-4406-8e8f-7f9cc2f047d4","source":"stdout","level":30,"msg":"> Task :expo-dev-menu-interface:mergeDebugNativeLibs NO-SOURCE","time":"2026-09-14T19:58:48.943Z","v":0,"logId":"01a0a180-346f-72e3-b1c9-936366893970"}
{"name":"worker","pid":221,"phase":"RUN_GRADLEW","buildId":"8edd809d-40dd-4406-8e8f-7f9cc2f047d4","source":"stdout","level":30,"msg":"> Task :expo-dev-menu-interface:copyDebugJniLibsProjectOnly","time":"2026-09-14T19:58:48.943Z","v":0,"logId":"01a0a180-346f-72e3-b1c9-93646b610ed4"}
{"name":"worker","pid":221,"phase":"RUN_GRADLEW","buildId":"8edd809d-40dd-4406-8e8f-7f9cc2f047d4","source":"stdout","level":30,"msg":"> Task :expo-json-utils:mergeDebugJniLibFolders","time":"2026-09-14T19:58:48.943Z","v":0,"logId":"01a0a180-3470-7456-bc45-f01923b551dd"}
{"name":"worker","pid":221,"phase":"RUN_GRADLEW","buildId":"8edd809d-40dd-4406-8e8f-7f9cc2f047d4","source":"stdout","level":30,"msg":"> Task :expo-json-utils:mergeDebugNativeLibs NO-SOURCE","time":"2026-09-14T19:58:48.944Z","v":0,"logId":"01a0a180-3470-7456-bc45-f01aaa442b91"}
{"name":"worker","pid":221,"phase":"RUN_GRADLEW","buildId":"8edd809d-40dd-4406-8e8f-7f9cc2f047d4","source":"stdout","level":30,"msg":"> Task :expo-json-utils:copyDebugJniLibsProjectOnly","time":"2026-09-14T19:58:48.944Z","v":0,"logId":"01a0a180-3470-7456-bc45-f01b76d5622e"}
{"name":"worker","pid":221,"phase":"RUN_GRADLEW","buildId":"8edd809d-40dd-4406-8e8f-7f9cc2f047d4","source":"stdout","level":30,"msg":"> Task :expo-log-box:mergeDebugJniLibFolders","time":"2026-09-14T19:58:48.944Z","v":0,"logId":"01a0a180-3470-7456-bc45-f01c83fdc85f"}
{"name":"worker","pid":221,"phase":"RUN_GRADLEW","buildId":"8edd809d-40dd-4406-8e8f-7f9cc2f047d4","source":"stdout","level":30,"msg":"> Task :expo-log-box:mergeDebugNativeLibs NO-SOURCE","time":"2026-09-14T19:58:49.038Z","v":0,"logId":"01a0a180-34cf-7957-a39f-b95bfa2182af"}
{"name":"worker","pid":221,"phase":"RUN_GRADLEW","buildId":"8edd809d-40dd-4406-8e8f-7f9cc2f047d4","source":"stdout","level":30,"msg":"> Task :expo-log-box:copyDebugJniLibsProjectOnly","time":"2026-09-14T19:58:49.039Z","v":0,"logId":"01a0a180-34d0-72b8-a7be-012fd57b118e"}
{"name":"worker","pid":221,"phase":"RUN_GRADLEW","buildId":"8edd809d-40dd-4406-8e8f-7f9cc2f047d4","source":"stdout","level":30,"msg":"> Task :expo-manifests:mergeDebugJniLibFolders","time":"2026-09-14T19:58:49.040Z","v":0,"logId":"01a0a180-34d0-72b8-a7be-0130cd4986fc"}
{"name":"worker","pid":221,"phase":"RUN_GRADLEW","buildId":"8edd809d-40dd-4406-8e8f-7f9cc2f047d4","source":"stdout","level":30,"msg":"> Task :expo-manifests:mergeDebugNativeLibs NO-SOURCE","time":"2026-09-14T19:58:49.040Z","v":0,"logId":"01a0a180-34d0-72b8-a7be-01316a51117c"}
{"name":"worker","pid":221,"phase":"RUN_GRADLEW","buildId":"8edd809d-40dd-4406-8e8f-7f9cc2f047d4","source":"stdout","level":30,"msg":"> Task :expo-manifests:copyDebugJniLibsProjectOnly","time":"2026-09-14T19:58:49.040Z","v":0,"logId":"01a0a180-34d0-72b8-a7be-0132fe2a8a9b"}
{"name":"worker","pid":221,"phase":"RUN_GRADLEW","buildId":"8edd809d-40dd-4406-8e8f-7f9cc2f047d4","source":"stdout","level":30,"msg":"> Task :expo-modules-core:mergeDebugJniLibFolders","time":"2026-09-14T19:58:49.143Z","v":0,"logId":"01a0a180-3538-7feb-9061-6862a679e94f"}
{"name":"worker","pid":221,"phase":"RUN_GRADLEW","buildId":"8edd809d-40dd-4406-8e8f-7f9cc2f047d4","source":"stdout","level":30,"msg":"> Task :expo-updates-interface:mergeDebugJniLibFolders","time":"2026-09-14T19:58:49.144Z","v":0,"logId":"01a0a180-3538-7feb-9061-6863aff4b562"}
{"name":"worker","pid":221,"phase":"RUN_GRADLEW","buildId":"8edd809d-40dd-4406-8e8f-7f9cc2f047d4","source":"stdout","level":30,"msg":"> Task :expo-updates-interface:mergeDebugNativeLibs NO-SOURCE","time":"2026-09-14T19:58:49.144Z","v":0,"logId":"01a0a180-3538-7feb-9061-686444a10d3f"}
{"name":"worker","pid":221,"phase":"RUN_GRADLEW","buildId":"8edd809d-40dd-4406-8e8f-7f9cc2f047d4","source":"stdout","level":30,"msg":"> Task :expo-updates-interface:copyDebugJniLibsProjectOnly","time":"2026-09-14T19:58:49.239Z","v":0,"logId":"01a0a180-3598-763d-a4bf-58328f154706"}
{"name":"worker","pid":221,"phase":"RUN_GRADLEW","buildId":"8edd809d-40dd-4406-8e8f-7f9cc2f047d4","source":"stdout","level":30,"msg":"> Task :react-native-gesture-handler:mergeDebugJniLibFolders","time":"2026-09-14T19:58:49.240Z","v":0,"logId":"01a0a180-3599-7a91-941c-213e09f2ca98"}
{"name":"worker","pid":221,"phase":"RUN_GRADLEW","buildId":"8edd809d-40dd-4406-8e8f-7f9cc2f047d4","source":"stdout","level":30,"msg":"> Task :react-native-masked-view_masked-view:mergeDebugJniLibFolders","time":"2026-09-14T19:58:49.241Z","v":0,"logId":"01a0a180-3599-7a91-941c-213facdc4e94"}
{"name":"worker","pid":221,"phase":"RUN_GRADLEW","buildId":"8edd809d-40dd-4406-8e8f-7f9cc2f047d4","source":"stdout","level":30,"msg":"> Task :react-native-masked-view_masked-view:mergeDebugNativeLibs NO-SOURCE","time":"2026-09-14T19:58:49.241Z","v":0,"logId":"01a0a180-3599-7a91-941c-2140dbbc3535"}
{"name":"worker","pid":221,"phase":"RUN_GRADLEW","buildId":"8edd809d-40dd-4406-8e8f-7f9cc2f047d4","source":"stdout","level":30,"msg":"> Task :react-native-masked-view_masked-view:copyDebugJniLibsProjectOnly","time":"2026-09-14T19:58:49.241Z","v":0,"logId":"01a0a180-3599-7a91-941c-2141e9fe26ef"}
{"name":"worker","pid":221,"phase":"RUN_GRADLEW","buildId":"8edd809d-40dd-4406-8e8f-7f9cc2f047d4","source":"stdout","level":30,"msg":"> Task :react-native-reanimated:mergeDebugJniLibFolders","time":"2026-09-14T19:58:49.342Z","v":0,"logId":"01a0a180-35ff-748f-9d15-80de22dfb574"}
{"name":"worker","pid":221,"phase":"RUN_GRADLEW","buildId":"8edd809d-40dd-4406-8e8f-7f9cc2f047d4","source":"stdout","level":30,"msg":"> Task :react-native-safe-area-context:mergeDebugJniLibFolders","time":"2026-09-14T19:58:49.343Z","v":0,"logId":"01a0a180-35ff-748f-9d15-80dfd1956e9d"}
{"name":"worker","pid":221,"phase":"RUN_GRADLEW","buildId":"8edd809d-40dd-4406-8e8f-7f9cc2f047d4","source":"stdout","level":30,"msg":"> Task :react-native-safe-area-context:mergeDebugNativeLibs NO-SOURCE","time":"2026-09-14T19:58:49.343Z","v":0,"logId":"01a0a180-35ff-748f-9d15-80e0973adbff"}
{"name":"worker","pid":221,"phase":"RUN_GRADLEW","buildId":"8edd809d-40dd-4406-8e8f-7f9cc2f047d4","source":"stdout","level":30,"msg":"> Task :react-native-safe-area-context:copyDebugJniLibsProjectOnly","time":"2026-09-14T19:58:49.344Z","v":0,"logId":"01a0a180-3600-7142-a04a-2767d4f4eeae"}
{"name":"worker","pid":221,"phase":"RUN_GRADLEW","buildId":"8edd809d-40dd-4406-8e8f-7f9cc2f047d4","source":"stdout","level":30,"msg":"> Task :app:validateSigningDebug","time":"2026-09-14T19:58:51.838Z","v":0,"logId":"01a0a180-3fbf-7263-8dba-f3b374df631e"}
{"name":"worker","pid":221,"phase":"RUN_GRADLEW","buildId":"8edd809d-40dd-4406-8e8f-7f9cc2f047d4","source":"stdout","level":30,"msg":"> Task :app:writeDebugAppMetadata","time":"2026-09-14T19:58:51.839Z","v":0,"logId":"01a0a180-3fbf-7263-8dba-f3b40e0ee37b"}
{"name":"worker","pid":221,"phase":"RUN_GRADLEW","buildId":"8edd809d-40dd-4406-8e8f-7f9cc2f047d4","source":"stdout","level":30,"msg":"> Task :app:writeDebugSigningConfigVersions","time":"2026-09-14T19:58:51.841Z","v":0,"logId":"01a0a180-3fc1-721f-aea4-5236cc0c9e51"}
{"name":"worker","pid":221,"phase":"RUN_GRADLEW","buildId":"8edd809d-40dd-4406-8e8f-7f9cc2f047d4","source":"stdout","level":30,"msg":"> Task :react-native-screens:configureCMakeDebug[arm64-v8a]","time":"2026-09-14T19:58:52.040Z","v":0,"logId":"01a0a180-4089-7bc2-931f-81cd347bba2f"}
{"name":"worker","pid":221,"phase":"RUN_GRADLEW","buildId":"8edd809d-40dd-4406-8e8f-7f9cc2f047d4","source":"stdout","level":30,"msg":"> Task :expo-dev-menu:compileDebugKotlin","time":"2026-09-14T19:58:52.341Z","v":0,"logId":"01a0a180-41b5-73de-a196-890751437558"}
{"name":"worker","pid":221,"phase":"RUN_GRADLEW","buildId":"8edd809d-40dd-4406-8e8f-7f9cc2f047d4","source":"stdout","level":30,"msg":"w: file:///home/expo/workingdir/build/node_modules/expo-dev-menu/android/src/debug/java/com/facebook/react/devsupport/DevMenuSettingsBase.kt:6:8 'class PreferenceManager : Any' is deprecated. Deprecated in Java.","time":"2026-09-14T19:58:52.342Z","v":0,"logId":"01a0a180-41b6-7549-ab0e-dac391acbb1f"}
{"name":"worker","pid":221,"phase":"RUN_GRADLEW","buildId":"8edd809d-40dd-4406-8e8f-7f9cc2f047d4","source":"stdout","level":30,"msg":"w: file:///home/expo/workingdir/build/node_modules/expo-dev-menu/android/src/debug/java/com/facebook/react/devsupport/DevMenuSettingsBase.kt:18:51 'class PreferenceManager : Any' is deprecated. Deprecated in Java.","time":"2026-09-14T19:58:52.342Z","v":0,"logId":"01a0a180-41b6-7549-ab0e-dac44adbf982"}
{"name":"worker","pid":221,"phase":"RUN_GRADLEW","buildId":"8edd809d-40dd-4406-8e8f-7f9cc2f047d4","source":"stdout","level":30,"msg":"w: file:///home/expo/workingdir/build/node_modules/expo-dev-menu/android/src/debug/java/com/facebook/react/devsupport/DevMenuSettingsBase.kt:18:69 'static fun getDefaultSharedPreferences(p0: Context!): SharedPreferences!' is deprecated. Deprecated in Java.","time":"2026-09-14T19:58:52.342Z","v":0,"logId":"01a0a180-41b6-7549-ab0e-dac5ff9ac143"}
{"name":"worker","pid":221,"phase":"RUN_GRADLEW","buildId":"8edd809d-40dd-4406-8e8f-7f9cc2f047d4","source":"stdout","level":30,"msg":"w: file:///home/expo/workingdir/build/node_modules/expo-dev-menu/android/src/debug/java/com/facebook/react/devsupport/DevMenuSettingsBase.kt:51:13 This code uses error suppression for 'NOTHING_TO_OVERRIDE'. While it might compile and work, the compiler behavior is UNSPECIFIED and WILL NOT BE PRESERVED. Please report your use case to the Kotlin issue tracker instead: https://kotl.in/issue","time":"2026-09-14T19:58:52.343Z","v":0,"logId":"01a0a180-41b7-77ff-bfb8-40fe4a9681c2"}
{"name":"worker","pid":221,"phase":"RUN_GRADLEW","buildId":"8edd809d-40dd-4406-8e8f-7f9cc2f047d4","source":"stdout","level":30,"msg":"w: file:///home/expo/workingdir/build/node_modules/expo-dev-menu/android/src/debug/java/com/facebook/react/devsupport/DevMenuSettingsBase.kt:58:13 This code uses error suppression for 'NOTHING_TO_OVERRIDE'. While it might compile and work, the compiler behavior is UNSPECIFIED and WILL NOT BE PRESERVED. Please report your use case to the Kotlin issue tracker instead: https://kotl.in/issue","time":"2026-09-14T19:58:52.343Z","v":0,"logId":"01a0a180-41ba-7034-99ac-03547bb4bd3e"}
{"name":"worker","pid":221,"phase":"RUN_GRADLEW","buildId":"8edd809d-40dd-4406-8e8f-7f9cc2f047d4","source":"stdout","level":30,"msg":"w: file:///home/expo/workingdir/build/node_modules/expo-dev-menu/android/src/debug/java/expo/modules/devmenu/compose/ui/AppInfo.kt:64:5 'fun Button(onClick: () -> Unit, enabled: Boolean = ..., shape: Shape = ..., backgroundColor: Color = ..., contentColor: Color = ..., contentPadding: PaddingValues = ..., borderColor: Color = ..., borderWidth: Dp = ..., modifier: Modifier = ..., role: Role = ..., indication: Indication? = ..., interactionSource: MutableInteractionSource? = ..., horizontalArrangement: Arrangement.Horizontal = ..., verticalAlignment: Alignment.Vertical = ..., content: @Composable() ComposableFunction1<RowScope, Unit>): Unit' is deprecated. Use UnstyledButton instead.","time":"2026-09-14T19:58:52.346Z","v":0,"logId":"01a0a180-41ba-7034-99ac-035572f6d51c"}
{"name":"worker","pid":221,"phase":"RUN_GRADLEW","buildId":"8edd809d-40dd-4406-8e8f-7f9cc2f047d4","source":"stdout","level":30,"msg":"w: file:///home/expo/workingdir/build/node_modules/expo-dev-menu/android/src/debug/java/expo/modules/devmenu/compose/ui/MenuButton.kt:33:5 'fun Button(onClick: () -> Unit, enabled: Boolean = ..., shape: Shape = ..., backgroundColor: Color = ..., contentColor: Color = ..., contentPadding: PaddingValues = ..., borderColor: Color = ..., borderWidth: Dp = ..., modifier: Modifier = ..., role: Role = ..., indication: Indication? = ..., interactionSource: MutableInteractionSource? = ..., horizontalArrangement: Arrangement.Horizontal = ..., verticalAlignment: Alignment.Vertical = ..., content: @Composable() ComposableFunction1<RowScope, Unit>): Unit' is deprecated. Use UnstyledButton instead.","time":"2026-09-14T19:58:52.346Z","v":0,"logId":"01a0a180-41ba-7034-99ac-0356208f829a"}
{"name":"worker","pid":221,"phase":"RUN_GRADLEW","buildId":"8edd809d-40dd-4406-8e8f-7f9cc2f047d4","source":"stdout","level":30,"msg":"w: file:///home/expo/workingdir/build/node_modules/expo-dev-menu/android/src/debug/java/expo/modules/devmenu/compose/ui/Onboarding.kt:70:5 'fun Button(onClick: () -> Unit, enabled: Boolean = ..., shape: Shape = ..., backgroundColor: Color = ..., contentColor: Color = ..., contentPadding: PaddingValues = ..., borderColor: Color = ..., borderWidth: Dp = ..., modifier: Modifier = ..., role: Role = ..., indication: Indication? = ..., interactionSource: MutableInteractionSource? = ..., horizontalArrangement: Arrangement.Horizontal = ..., verticalAlignment: Alignment.Vertical = ..., content: @Composable() ComposableFunction1<RowScope, Unit>): Unit' is deprecated. Use UnstyledButton instead.","time":"2026-09-14T19:58:52.346Z","v":0,"logId":"01a0a180-41ba-7034-99ac-0357fc67790d"}
{"name":"worker","pid":221,"phase":"RUN_GRADLEW","buildId":"8edd809d-40dd-4406-8e8f-7f9cc2f047d4","source":"stdout","level":30,"msg":"w: file:///home/expo/workingdir/build/node_modules/expo-dev-menu/android/src/debug/java/expo/modules/devmenu/compose/ui/SystemSection.kt:52:3 'fun Button(onClick: () -> Unit, enabled: Boolean = ..., shape: Shape = ..., backgroundColor: Color = ..., contentColor: Color = ..., contentPadding: PaddingValues = ..., borderColor: Color = ..., borderWidth: Dp = ..., modifier: Modifier = ..., role: Role = ..., indication: Indication? = ..., interactionSource: MutableInteractionSource? = ..., horizontalArrangement: Arrangement.Horizontal = ..., verticalAlignment: Alignment.Vertical = ..., content: @Composable() ComposableFunction1<RowScope, Unit>): Unit' is deprecated. Use UnstyledButton instead.","time":"2026-09-14T19:58:52.346Z","v":0,"logId":"01a0a180-41ba-7034-99ac-035812dcde18"}
{"name":"worker","pid":221,"phase":"RUN_GRADLEW","buildId":"8edd809d-40dd-4406-8e8f-7f9cc2f047d4","source":"stdout","level":30,"msg":"> Task :expo-dev-menu:compileDebugJavaWithJavac","time":"2026-09-14T19:58:57.438Z","v":0,"logId":"01a0a180-559f-732e-baf7-326c03109266"}
{"name":"worker","pid":221,"phase":"RUN_GRADLEW","buildId":"8edd809d-40dd-4406-8e8f-7f9cc2f047d4","source":"stdout","level":30,"msg":"> Task :expo-dev-menu:bundleLibCompileToJarDebug","time":"2026-09-14T19:58:57.541Z","v":0,"logId":"01a0a180-5605-7972-a414-24f958ee1a7e"}
{"name":"worker","pid":221,"phase":"RUN_GRADLEW","buildId":"8edd809d-40dd-4406-8e8f-7f9cc2f047d4","source":"stdout","level":30,"msg":"> Task :expo-dev-menu:bundleLibRuntimeToJarDebug","time":"2026-09-14T19:58:57.739Z","v":0,"logId":"01a0a180-56cb-7fb3-91cf-cd7bf335bcbb"}
{"name":"worker","pid":221,"phase":"RUN_GRADLEW","buildId":"8edd809d-40dd-4406-8e8f-7f9cc2f047d4","source":"stdout","level":30,"msg":"> Task :expo-dev-menu:processDebugJavaRes","time":"2026-09-14T19:59:00.638Z","v":0,"logId":"01a0a180-621f-7a01-9d67-a91328b212a5"}
{"name":"worker","pid":221,"phase":"RUN_GRADLEW","buildId":"8edd809d-40dd-4406-8e8f-7f9cc2f047d4","source":"stdout","level":30,"msg":"> Task :react-native-screens:buildCMakeDebug[arm64-v8a]","time":"2026-09-14T19:59:08.338Z","v":0,"logId":"01a0a180-8033-7bd8-a206-f9adc9ef9033"}
{"name":"worker","pid":221,"phase":"RUN_GRADLEW","buildId":"8edd809d-40dd-4406-8e8f-7f9cc2f047d4","source":"stdout","level":30,"msg":"> Task :react-native-screens:configureCMakeDebug[armeabi-v7a]","time":"2026-09-14T19:59:10.238Z","v":0,"logId":"01a0a180-879f-7494-b4ba-41b575874780"}
{"name":"worker","pid":221,"phase":"RUN_GRADLEW","buildId":"8edd809d-40dd-4406-8e8f-7f9cc2f047d4","source":"stdout","level":30,"msg":"> Task :react-native-worklets:buildCMakeDebug[arm64-v8a][worklets]","time":"2026-09-14T19:59:22.138Z","v":0,"logId":"01a0a180-b61b-7e16-a07a-f0ee5b8ecf29"}
{"name":"worker","pid":221,"phase":"RUN_GRADLEW","buildId":"8edd809d-40dd-4406-8e8f-7f9cc2f047d4","source":"stdout","level":30,"msg":"> Task :react-native-screens:buildCMakeDebug[armeabi-v7a]","time":"2026-09-14T19:59:23.038Z","v":0,"logId":"01a0a180-b99f-7607-89bf-32715f74e228"}
{"name":"worker","pid":221,"phase":"RUN_GRADLEW","buildId":"8edd809d-40dd-4406-8e8f-7f9cc2f047d4","source":"stdout","level":30,"msg":"> Task :expo-dev-launcher:compileDebugKotlin","time":"2026-09-14T19:59:23.140Z","v":0,"logId":"01a0a180-ba04-77aa-8e7f-2fddd922e0a7"}
{"name":"worker","pid":221,"phase":"RUN_GRADLEW","buildId":"8edd809d-40dd-4406-8e8f-7f9cc2f047d4","source":"stdout","level":30,"msg":"w: file:///home/expo/workingdir/build/node_modules/expo-dev-launcher/android/src/debug/java/expo/modules/devlauncher/compose/models/BranchViewModel.kt:80:31 'val runtimeVersion: String' is deprecated. Use 'runtime' field .","time":"2026-09-14T19:59:23.141Z","v":0,"logId":"01a0a180-ba05-7217-81ba-546a2f8aaa48"}
{"name":"worker","pid":221,"phase":"RUN_GRADLEW","buildId":"8edd809d-40dd-4406-8e8f-7f9cc2f047d4","source":"stdout","level":30,"msg":"w: file:///home/expo/workingdir/build/node_modules/expo-dev-launcher/android/src/debug/java/expo/modules/devlauncher/compose/screens/BranchScreen.kt:59:9 'fun Button(onClick: () -> Unit, enabled: Boolean = ..., shape: Shape = ..., backgroundColor: Color = ..., contentColor: Color = ..., contentPadding: PaddingValues = ..., borderColor: Color = ..., borderWidth: Dp = ..., modifier: Modifier = ..., role: Role = ..., indication: Indication? = ..., interactionSource: MutableInteractionSource? = ..., horizontalArrangement: Arrangement.Horizontal = ..., verticalAlignment: Alignment.Vertical = ..., content: @Composable() ComposableFunction1<RowScope, Unit>): Unit' is deprecated. Use UnstyledButton instead.","time":"2026-09-14T19:59:23.141Z","v":0,"logId":"01a0a180-ba05-7217-81ba-546bed78535c"}
{"name":"worker","pid":221,"phase":"RUN_GRADLEW","buildId":"8edd809d-40dd-4406-8e8f-7f9cc2f047d4","source":"stdout","level":30,"msg":"w: file:///home/expo/workingdir/build/node_modules/expo-dev-launcher/android/src/debug/java/expo/modules/devlauncher/compose/screens/BranchScreen.kt:113:13 'fun Button(onClick: () -> Unit, enabled: Boolean = ..., shape: Shape = ..., backgroundColor: Color = ..., contentColor: Color = ..., contentPadding: PaddingValues = ..., borderColor: Color = ..., borderWidth: Dp = ..., modifier: Modifier = ..., role: Role = ..., indication: Indication? = ..., interactionSource: MutableInteractionSource? = ..., horizontalArrangement: Arrangement.Horizontal = ..., verticalAlignment: Alignment.Vertical = ..., content: @Composable() ComposableFunction1<RowScope, Unit>): Unit' is deprecated. Use UnstyledButton instead.","time":"2026-09-14T19:59:23.141Z","v":0,"logId":"01a0a180-ba08-7cd2-8f30-19a21690c501"}
{"name":"worker","pid":221,"phase":"RUN_GRADLEW","buildId":"8edd809d-40dd-4406-8e8f-7f9cc2f047d4","source":"stdout","level":30,"msg":"w: file:///home/expo/workingdir/build/node_modules/expo-dev-launcher/android/src/debug/java/expo/modules/devlauncher/compose/screens/HomeScreen.kt:53:5 'fun Button(onClick: () -> Unit, enabled: Boolean = ..., shape: Shape = ..., backgroundColor: Color = ..., contentColor: Color = ..., contentPadding: PaddingValues = ..., borderColor: Color = ..., borderWidth: Dp = ..., modifier: Modifier = ..., role: Role = ..., indication: Indication? = ..., interactionSource: MutableInteractionSource? = ..., horizontalArrangement: Arrangement.Horizontal = ..., verticalAlignment: Alignment.Vertical = ..., content: @Composable() ComposableFunction1<RowScope, Unit>): Unit' is deprecated. Use UnstyledButton instead.","time":"2026-09-14T19:59:23.144Z","v":0,"logId":"01a0a180-ba08-7cd2-8f30-19a3fbb48666"}
{"name":"worker","pid":221,"phase":"RUN_GRADLEW","buildId":"8edd809d-40dd-4406-8e8f-7f9cc2f047d4","source":"stdout","level":30,"msg":"w: file:///home/expo/workingdir/build/node_modules/expo-dev-launcher/android/src/debug/java/expo/modules/devlauncher/compose/screens/SettingsScreen.kt:345:11 'fun TextField(value: String, onValueChange: (String) -> Unit, modifier: Modifier = ..., editable: Boolean = ..., cursorBrush: Brush = ..., textStyle: TextStyle = ..., textAlign: TextAlign = ..., lineHeight: TextUnit = ..., fontSize: TextUnit = ..., letterSpacing: TextUnit = ..., fontWeight: FontWeight? = ..., fontFamily: FontFamily? = ..., singleLine: Boolean = ..., minLines: Int = ..., maxLines: Int = ..., keyboardActions: KeyboardActions = ..., keyboardOptions: KeyboardOptions = ..., visualTransformation: VisualTransformation = ..., interactionSource: MutableInteractionSource? = ..., textColor: Color = ..., content: @Composable() ComposableFunction1<TextFieldScope, Unit>): Unit' is deprecated. This will go to 2.0. Stateless TextFields in Compose do not work correctly in all languages and cause duplication characters and unexpected behaviors.","time":"2026-09-14T19:59:23.144Z","v":0,"logId":"01a0a180-ba08-7cd2-8f30-19a40f5cd358"}
{"name":"worker","pid":221,"phase":"RUN_GRADLEW","buildId":"8edd809d-40dd-4406-8e8f-7f9cc2f047d4","source":"stdout","level":30,"msg":"w: file:///home/expo/workingdir/build/node_modules/expo-dev-launcher/android/src/debug/java/expo/modules/devlauncher/compose/ui/ActionButton.kt:32:3 'fun Button(onClick: () -> Unit, enabled: Boolean = ..., shape: Shape = ..., backgroundColor: Color = ..., contentColor: Color = ..., contentPadding: PaddingValues = ..., borderColor: Color = ..., borderWidth: Dp = ..., modifier: Modifier = ..., role: Role = ..., indication: Indication? = ..., interactionSource: MutableInteractionSource? = ..., horizontalArrangement: Arrangement.Horizontal = ..., verticalAlignment: Alignment.Vertical = ..., content: @Composable() ComposableFunction1<RowScope, Unit>): Unit' is deprecated. Use UnstyledButton instead.","time":"2026-09-14T19:59:23.144Z","v":0,"logId":"01a0a180-ba08-7cd2-8f30-19a5f5cccfa6"}
{"name":"worker","pid":221,"phase":"RUN_GRADLEW","buildId":"8edd809d-40dd-4406-8e8f-7f9cc2f047d4","source":"stdout","level":30,"msg":"w: file:///home/expo/workingdir/build/node_modules/expo-dev-launcher/android/src/debug/java/expo/modules/devlauncher/compose/ui/AppHeader.kt:98:7 'fun Button(onClick: () -> Unit, enabled: Boolean = ..., shape: Shape = ..., backgroundColor: Color = ..., contentColor: Color = ..., contentPadding: PaddingValues = ..., borderColor: Color = ..., borderWidth: Dp = ..., modifier: Modifier = ..., role: Role = ..., indication: Indication? = ..., interactionSource: MutableInteractionSource? = ..., horizontalArrangement: Arrangement.Horizontal = ..., verticalAlignment: Alignment.Vertical = ..., content: @Composable() ComposableFunction1<RowScope, Unit>): Unit' is deprecated. Use UnstyledButton instead.","time":"2026-09-14T19:59:23.144Z","v":0,"logId":"01a0a180-ba08-7cd2-8f30-19a6367adb01"}
{"name":"worker","pid":221,"phase":"RUN_GRADLEW","buildId":"8edd809d-40dd-4406-8e8f-7f9cc2f047d4","source":"stdout","level":30,"msg":"w: file:///home/expo/workingdir/build/node_modules/expo-dev-launcher/android/src/debug/java/expo/modules/devlauncher/compose/ui/AppLoadingErrorDialog.kt:35:26 'fun rememberDialogState(initiallyVisible: Boolean = ...): DialogState' is deprecated. This will go away in 2.0. Use Dialog from the com.composeunstyled package.","time":"2026-09-14T19:59:23.144Z","v":0,"logId":"01a0a180-ba08-7cd2-8f30-19a7adbf5837"}
{"name":"worker","pid":221,"phase":"RUN_GRADLEW","buildId":"8edd809d-40dd-4406-8e8f-7f9cc2f047d4","source":"stdout","level":30,"msg":"w: file:///home/expo/workingdir/build/node_modules/expo-dev-launcher/android/src/debug/java/expo/modules/devlauncher/compose/ui/AppLoadingErrorDialog.kt:55:3 'fun Dialog(state: DialogState, properties: DialogProperties = ..., onDismiss: () -> Unit = ..., content: @Composable() ComposableFunction1<DialogScope, Unit>): Unit' is deprecated. This will go away in 2.0. Use Dialog from the com.composeunstyled package.","time":"2026-09-14T19:59:23.144Z","v":0,"logId":"01a0a180-ba08-7cd2-8f30-19a8d7432a45"}
{"name":"worker","pid":221,"phase":"RUN_GRADLEW","buildId":"8edd809d-40dd-4406-8e8f-7f9cc2f047d4","source":"stdout","level":30,"msg":"w: file:///home/expo/workingdir/build/node_modules/expo-dev-launcher/android/src/debug/java/expo/modules/devlauncher/compose/ui/AppLoadingErrorDialog.kt:56:5 'fun DialogScope.Scrim(modifier: Modifier = ..., scrimColor: Color = ..., enter: EnterTransition = ..., exit: ExitTransition = ...): Unit' is deprecated. This will go away in 2.0. Use Dialog from the com.composeunstyled package.","time":"2026-09-14T19:59:23.144Z","v":0,"logId":"01a0a180-ba08-7cd2-8f30-19a9029023d1"}
{"name":"worker","pid":221,"phase":"RUN_GRADLEW","buildId":"8edd809d-40dd-4406-8e8f-7f9cc2f047d4","source":"stdout","level":30,"msg":"w: file:///home/expo/workingdir/build/node_modules/expo-dev-launcher/android/src/debug/java/expo/modules/devlauncher/compose/ui/AppLoadingErrorDialog.kt:58:5 'fun DialogScope.DialogPanel(modifier: Modifier = ..., enter: EnterTransition = ..., exit: ExitTransition = ..., shape: Shape = ..., backgroundColor: Color = ..., contentColor: Color = ..., contentPadding: PaddingValues = ..., content: @Composable() ComposableFunction0<Unit>): Unit' is deprecated. This will go away in 2.0. Use Dialog from the com.composeunstyled package.","time":"2026-09-14T19:59:23.144Z","v":0,"logId":"01a0a180-ba08-7cd2-8f30-19aa48aa3d2b"}
{"name":"worker","pid":221,"phase":"RUN_GRADLEW","buildId":"8edd809d-40dd-4406-8e8f-7f9cc2f047d4","source":"stdout","level":30,"msg":"w: file:///home/expo/workingdir/build/node_modules/expo-dev-launcher/android/src/debug/java/expo/modules/devlauncher/compose/ui/AppLoadingErrorDialog.kt:81:11 'fun Button(onClick: () -> Unit, enabled: Boolean = ..., shape: Shape = ..., backgroundColor: Color = ..., contentColor: Color = ..., contentPadding: PaddingValues = ..., borderColor: Color = ..., borderWidth: Dp = ..., modifier: Modifier = ..., role: Role = ..., indication: Indication? = ..., interactionSource: MutableInteractionSource? = ..., horizontalArrangement: Arrangement.Horizontal = ..., verticalAlignment: Alignment.Vertical = ..., content: @Composable() ComposableFunction1<RowScope, Unit>): Unit' is deprecated. Use UnstyledButton instead.","time":"2026-09-14T19:59:23.144Z","v":0,"logId":"01a0a180-ba08-7cd2-8f30-19abce13aa82"}
{"name":"worker","pid":221,"phase":"RUN_GRADLEW","buildId":"8edd809d-40dd-4406-8e8f-7f9cc2f047d4","source":"stdout","level":30,"msg":"w: file:///home/expo/workingdir/build/node_modules/expo-dev-launcher/android/src/debug/java/expo/modules/devlauncher/compose/ui/AppLoadingErrorDialog.kt:104:21 'fun rememberDialogState(initiallyVisible: Boolean = ...): DialogState' is deprecated. This will go away in 2.0. Use Dialog from the com.composeunstyled package.","time":"2026-09-14T19:59:23.144Z","v":0,"logId":"01a0a180-ba08-7cd2-8f30-19ac63223259"}
{"name":"worker","pid":221,"phase":"RUN_GRADLEW","buildId":"8edd809d-40dd-4406-8e8f-7f9cc2f047d4","source":"stdout","level":30,"msg":"w: file:///home/expo/workingdir/build/node_modules/expo-dev-launcher/android/src/debug/java/expo/modules/devlauncher/compose/ui/DevelopmentSession.kt:131:5 'fun Button(onClick: () -> Unit, enabled: Boolean = ..., shape: Shape = ..., backgroundColor: Color = ..., contentColor: Color = ..., contentPadding: PaddingValues = ..., borderColor: Color = ..., borderWidth: Dp = ..., modifier: Modifier = ..., role: Role = ..., indication: Indication? = ..., interactionSource: MutableInteractionSource? = ..., horizontalArrangement: Arrangement.Horizontal = ..., verticalAlignment: Alignment.Vertical = ..., content: @Composable() ComposableFunction1<RowScope, Unit>): Unit' is deprecated. Use UnstyledButton instead.","time":"2026-09-14T19:59:23.144Z","v":0,"logId":"01a0a180-ba08-7cd2-8f30-19ad222c1a1b"}
{"name":"worker","pid":221,"phase":"RUN_GRADLEW","buildId":"8edd809d-40dd-4406-8e8f-7f9cc2f047d4","source":"stdout","level":30,"msg":"w: file:///home/expo/workingdir/build/node_modules/expo-dev-launcher/android/src/debug/java/expo/modules/devlauncher/compose/ui/FetchDevelopmentServersButton.kt:27:5 'fun Button(onClick: () -> Unit, enabled: Boolean = ..., shape: Shape = ..., backgroundColor: Color = ..., contentColor: Color = ..., contentPadding: PaddingValues = ..., borderColor: Color = ..., borderWidth: Dp = ..., modifier: Modifier = ..., role: Role = ..., indication: Indication? = ..., interactionSource: MutableInteractionSource? = ..., horizontalArrangement: Arrangement.Horizontal = ..., verticalAlignment: Alignment.Vertical = ..., content: @Composable() ComposableFunction1<RowScope, Unit>): Unit' is deprecated. Use UnstyledButton instead.","time":"2026-09-14T19:59:23.144Z","v":0,"logId":"01a0a180-ba09-760d-bfad-2d8ea14eeca5"}
{"name":"worker","pid":221,"phase":"RUN_GRADLEW","buildId":"8edd809d-40dd-4406-8e8f-7f9cc2f047d4","source":"stdout","level":30,"msg":"w: file:///home/expo/workingdir/build/node_modules/expo-dev-launcher/android/src/debug/java/expo/modules/devlauncher/compose/ui/RunningAppCard.kt:43:5 'fun Button(onClick: () -> Unit, enabled: Boolean = ..., shape: Shape = ..., backgroundColor: Color = ..., contentColor: Color = ..., contentPadding: PaddingValues = ..., borderColor: Color = ..., borderWidth: Dp = ..., modifier: Modifier = ..., role: Role = ..., indication: Indication? = ..., interactionSource: MutableInteractionSource? = ..., horizontalArrangement: Arrangement.Horizontal = ..., verticalAlignment: Alignment.Vertical = ..., content: @Composable() ComposableFunction1<RowScope, Unit>): Unit' is deprecated. Use UnstyledButton instead.","time":"2026-09-14T19:59:23.145Z","v":0,"logId":"01a0a180-ba09-760d-bfad-2d8fd74cfe45"}
{"name":"worker","pid":221,"phase":"RUN_GRADLEW","buildId":"8edd809d-40dd-4406-8e8f-7f9cc2f047d4","source":"stdout","level":30,"msg":"w: file:///home/expo/workingdir/build/node_modules/expo-dev-launcher/android/src/debug/java/expo/modules/devlauncher/compose/ui/ScanQRCodeButton.kt:26:5 'fun Button(onClick: () -> Unit, enabled: Boolean = ..., shape: Shape = ..., backgroundColor: Color = ..., contentColor: Color = ..., contentPadding: PaddingValues = ..., borderColor: Color = ..., borderWidth: Dp = ..., modifier: Modifier = ..., role: Role = ..., indication: Indication? = ..., interactionSource: MutableInteractionSource? = ..., horizontalArrangement: Arrangement.Horizontal = ..., verticalAlignment: Alignment.Vertical = ..., content: @Composable() ComposableFunction1<RowScope, Unit>): Unit' is deprecated. Use UnstyledButton instead.","time":"2026-09-14T19:59:23.145Z","v":0,"logId":"01a0a180-ba09-760d-bfad-2d90caf7c63e"}
{"name":"worker","pid":221,"phase":"RUN_GRADLEW","buildId":"8edd809d-40dd-4406-8e8f-7f9cc2f047d4","source":"stdout","level":30,"msg":"w: file:///home/expo/workingdir/build/node_modules/expo-dev-launcher/android/src/debug/java/expo/modules/devlauncher/compose/ui/ServerUrlInput.kt:62:5 'fun TextField(value: String, onValueChange: (String) -> Unit, modifier: Modifier = ..., editable: Boolean = ..., cursorBrush: Brush = ..., textStyle: TextStyle = ..., textAlign: TextAlign = ..., lineHeight: TextUnit = ..., fontSize: TextUnit = ..., letterSpacing: TextUnit = ..., fontWeight: FontWeight? = ..., fontFamily: FontFamily? = ..., singleLine: Boolean = ..., minLines: Int = ..., maxLines: Int = ..., keyboardActions: KeyboardActions = ..., keyboardOptions: KeyboardOptions = ..., visualTransformation: VisualTransformation = ..., interactionSource: MutableInteractionSource? = ..., textColor: Color = ..., content: @Composable() ComposableFunction1<TextFieldScope, Unit>): Unit' is deprecated. This will go to 2.0. Stateless TextFields in Compose do not work correctly in all languages and cause duplication characters and unexpected behaviors.","time":"2026-09-14T19:59:23.145Z","v":0,"logId":"01a0a180-ba09-760d-bfad-2d9182562d19"}
{"name":"worker","pid":221,"phase":"RUN_GRADLEW","buildId":"8edd809d-40dd-4406-8e8f-7f9cc2f047d4","source":"stdout","level":30,"msg":"w: file:///home/expo/workingdir/build/node_modules/expo-dev-launcher/android/src/debug/java/expo/modules/devlauncher/launcher/DevLauncherActivity.kt:10:5 'fun overridePendingTransition(p0: Int, p1: Int): Unit' is deprecated. Deprecated in Java.","time":"2026-09-14T19:59:23.145Z","v":0,"logId":"01a0a180-ba09-760d-bfad-2d92afc55917"}
{"name":"worker","pid":221,"phase":"RUN_GRADLEW","buildId":"8edd809d-40dd-4406-8e8f-7f9cc2f047d4","source":"stdout","level":30,"msg":"w: file:///home/expo/workingdir/build/node_modules/expo-dev-launcher/android/src/debug/java/expo/modules/devlauncher/launcher/DevLauncherActivity.kt:24:5 'fun overridePendingTransition(p0: Int, p1: Int): Unit' is deprecated. Deprecated in Java.","time":"2026-09-14T19:59:23.145Z","v":0,"logId":"01a0a180-ba09-760d-bfad-2d934520ac88"}
{"name":"worker","pid":221,"phase":"RUN_GRADLEW","buildId":"8edd809d-40dd-4406-8e8f-7f9cc2f047d4","source":"stdout","level":30,"msg":"w: file:///home/expo/workingdir/build/node_modules/expo-dev-launcher/android/src/debug/java/expo/modules/devlauncher/launcher/DevLauncherRecentlyOpenedAppsRegistry.kt:33:47 Unchecked cast of 'MutableMap<Any?, Any?>' to 'MutableMap<String, Any>'.","time":"2026-09-14T19:59:23.145Z","v":0,"logId":"01a0a180-ba09-760d-bfad-2d94728caa64"}
{"name":"worker","pid":221,"phase":"RUN_GRADLEW","buildId":"8edd809d-40dd-4406-8e8f-7f9cc2f047d4","source":"stdout","level":30,"msg":"w: file:///home/expo/workingdir/build/node_modules/expo-dev-launcher/android/src/debug/java/expo/modules/devlauncher/launcher/DevLauncherRecentlyOpenedAppsRegistry.kt:51:27 'fun getRawJson(): JSONObject' is deprecated. Prefer to use specific field getters.","time":"2026-09-14T19:59:23.145Z","v":0,"logId":"01a0a180-ba09-760d-bfad-2d95077857c3"}
{"name":"worker","pid":221,"phase":"RUN_GRADLEW","buildId":"8edd809d-40dd-4406-8e8f-7f9cc2f047d4","source":"stdout","level":30,"msg":"w: file:///home/expo/workingdir/build/node_modules/expo-dev-launcher/android/src/debug/java/expo/modules/devlauncher/modules/DevLauncherModule.kt:14:29 'fun getRawJson(): JSONObject' is deprecated. Prefer to use specific field getters.","time":"2026-09-14T19:59:23.145Z","v":0,"logId":"01a0a180-ba09-760d-bfad-2d961305cb67"}
{"name":"worker","pid":221,"phase":"RUN_GRADLEW","buildId":"8edd809d-40dd-4406-8e8f-7f9cc2f047d4","source":"stdout","level":30,"msg":"w: file:///home/expo/workingdir/build/node_modules/expo-dev-launcher/android/src/debug/java/expo/modules/devlauncher/react/DevLauncherBridgelessDevSupportManager.kt:44:38 This code uses error suppression for 'NOTHING_TO_OVERRIDE'. While it might compile and work, the compiler behavior is UNSPECIFIED and WILL NOT BE PRESERVED. Please report your use case to the Kotlin issue tracker instead: https://kotl.in/issue","time":"2026-09-14T19:59:23.145Z","v":0,"logId":"01a0a180-ba09-760d-bfad-2d9738dca676"}
{"name":"worker","pid":221,"phase":"RUN_GRADLEW","buildId":"8edd809d-40dd-4406-8e8f-7f9cc2f047d4","source":"stdout","level":30,"msg":"w: file:///home/expo/workingdir/build/node_modules/expo-dev-launcher/android/src/debug/java/expo/modules/devlauncher/react/DevLauncherDevSupportManagerFactory.kt:16:16 This declaration overrides a deprecated member but is not marked as deprecated itself. Add the '@Deprecated' annotation or suppress the diagnostic.","time":"2026-09-14T19:59:23.145Z","v":0,"logId":"01a0a180-ba09-760d-bfad-2d9843166154"}
{"name":"worker","pid":221,"phase":"RUN_GRADLEW","buildId":"8edd809d-40dd-4406-8e8f-7f9cc2f047d4","source":"stdout","level":30,"msg":"w: file:///home/expo/workingdir/build/node_modules/expo-dev-launcher/android/src/main/java/expo/modules/devlauncher/DevLauncherPackage.kt:15:16 This declaration overrides a deprecated member but is not marked as deprecated itself. Add the '@Deprecated' annotation or suppress the diagnostic.","time":"2026-09-14T19:59:23.145Z","v":0,"logId":"01a0a180-ba09-760d-bfad-2d99f014d563"}
{"name":"worker","pid":221,"phase":"RUN_GRADLEW","buildId":"8edd809d-40dd-4406-8e8f-7f9cc2f047d4","source":"stdout","level":30,"msg":"> Task :react-native-worklets:configureCMakeDebug[armeabi-v7a]","time":"2026-09-14T19:59:23.445Z","v":0,"logId":"01a0a180-bb35-7708-acaa-ca93d6d37d1b"}
{"name":"worker","pid":221,"phase":"RUN_GRADLEW","buildId":"8edd809d-40dd-4406-8e8f-7f9cc2f047d4","source":"stdout","level":30,"msg":"> Task :react-native-screens:configureCMakeDebug[x86]","time":"2026-09-14T19:59:24.338Z","v":0,"logId":"01a0a180-beb3-78f8-a803-70c201b77089"}
{"name":"worker","pid":221,"phase":"RUN_GRADLEW","buildId":"8edd809d-40dd-4406-8e8f-7f9cc2f047d4","source":"stdout","level":30,"msg":"> Task :expo-dev-launcher:compileDebugJavaWithJavac","time":"2026-09-14T19:59:25.938Z","v":0,"logId":"01a0a180-c4f3-7382-b428-738260dd4ffb"}
{"name":"worker","pid":221,"phase":"RUN_GRADLEW","buildId":"8edd809d-40dd-4406-8e8f-7f9cc2f047d4","source":"stdout","level":30,"msg":"> Task :expo-dev-launcher:bundleLibCompileToJarDebug","time":"2026-09-14T19:59:26.043Z","v":0,"logId":"01a0a180-c55b-758a-a180-33770488dc9a"}
{"name":"worker","pid":221,"phase":"RUN_GRADLEW","buildId":"8edd809d-40dd-4406-8e8f-7f9cc2f047d4","source":"stdout","level":30,"msg":"> Task :expo-dev-launcher:bundleLibRuntimeToJarDebug","time":"2026-09-14T19:59:26.138Z","v":0,"logId":"01a0a180-c5bb-7d62-8a1d-46ad8abb4d54"}
{"name":"worker","pid":221,"phase":"RUN_GRADLEW","buildId":"8edd809d-40dd-4406-8e8f-7f9cc2f047d4","source":"stdout","level":30,"msg":"> Task :expo-dev-launcher:processDebugJavaRes","time":"2026-09-14T19:59:33.339Z","v":0,"logId":"01a0a180-e1db-7d49-a4b2-83b67d8d2327"}
{"name":"worker","pid":221,"phase":"RUN_GRADLEW","buildId":"8edd809d-40dd-4406-8e8f-7f9cc2f047d4","source":"stdout","level":30,"msg":"> Task :expo:compileDebugKotlin","time":"2026-09-14T19:59:35.739Z","v":0,"logId":"01a0a180-eb3b-7dd7-b0ea-fc3573c93d0e"}
{"name":"worker","pid":221,"phase":"RUN_GRADLEW","buildId":"8edd809d-40dd-4406-8e8f-7f9cc2f047d4","source":"stdout","level":30,"msg":"w: file:///home/expo/workingdir/build/node_modules/expo/android/src/main/java/expo/modules/ExpoModulesPackage.kt:34:16 This declaration overrides a deprecated member but is not marked as deprecated itself. Add the '@Deprecated' annotation or suppress the diagnostic.","time":"2026-09-14T19:59:35.739Z","v":0,"logId":"01a0a180-eb3c-7f7b-937b-c016f3006533"}
{"name":"worker","pid":221,"phase":"RUN_GRADLEW","buildId":"8edd809d-40dd-4406-8e8f-7f9cc2f047d4","source":"stdout","level":30,"msg":"w: file:///home/expo/workingdir/build/node_modules/expo/android/src/main/java/expo/modules/ReactActivityDelegateWrapper.kt:22:8 'class ReactInstanceManager : Any' is deprecated. Deprecated in Java.","time":"2026-09-14T19:59:35.740Z","v":0,"logId":"01a0a180-eb3c-7f7b-937b-c0171fa71b4d"}
{"name":"worker","pid":221,"phase":"RUN_GRADLEW","buildId":"8edd809d-40dd-4406-8e8f-7f9cc2f047d4","source":"stdout","level":30,"msg":"w: file:///home/expo/workingdir/build/node_modules/expo/android/src/main/java/expo/modules/ReactActivityDelegateWrapper.kt:102:16 This declaration overrides a deprecated member but is not marked as deprecated itself. Add the '@Deprecated' annotation or suppress the diagnostic.","time":"2026-09-14T19:59:35.740Z","v":0,"logId":"01a0a180-eb3c-7f7b-937b-c01874252239"}
{"name":"worker","pid":221,"phase":"RUN_GRADLEW","buildId":"8edd809d-40dd-4406-8e8f-7f9cc2f047d4","source":"stdout","level":30,"msg":"w: file:///home/expo/workingdir/build/node_modules/expo/android/src/main/java/expo/modules/ReactActivityDelegateWrapper.kt:102:43 'class ReactInstanceManager : Any' is deprecated. Deprecated in Java.","time":"2026-09-14T19:59:35.740Z","v":0,"logId":"01a0a180-eb3c-7f7b-937b-c019b03662bf"}
{"name":"worker","pid":221,"phase":"RUN_GRADLEW","buildId":"8edd809d-40dd-4406-8e8f-7f9cc2f047d4","source":"stdout","level":30,"msg":"w: file:///home/expo/workingdir/build/node_modules/expo/android/src/main/java/expo/modules/ReactActivityDelegateWrapper.kt:103:21 'val reactInstanceManager: ReactInstanceManager' is deprecated. Deprecated in Java.","time":"2026-09-14T19:59:35.740Z","v":0,"logId":"01a0a180-eb3c-7f7b-937b-c01a05d5f388"}
{"name":"worker","pid":221,"phase":"RUN_GRADLEW","buildId":"8edd809d-40dd-4406-8e8f-7f9cc2f047d4","source":"stdout","level":30,"msg":"w: file:///home/expo/workingdir/build/node_modules/expo/android/src/main/java/expo/modules/fetch/ExpoFetchModule.kt:33:39 'constructor(reactContext: ReactContext): ForwardingCookieHandler' is deprecated. Use the default constructor.","time":"2026-09-14T19:59:35.740Z","v":0,"logId":"01a0a180-eb3c-7f7b-937b-c01bf487de96"}
{"name":"worker","pid":221,"phase":"RUN_GRADLEW","buildId":"8edd809d-40dd-4406-8e8f-7f9cc2f047d4","source":"stdout","level":30,"msg":"w: file:///home/expo/workingdir/build/node_modules/expo/android/src/main/java/expo/modules/fetch/NativeResponse.kt:44:16 This declaration overrides a deprecated member but is not marked as deprecated itself. Add the '@Deprecated' annotation or suppress the diagnostic.","time":"2026-09-14T19:59:35.740Z","v":0,"logId":"01a0a180-eb3c-7f7b-937b-c01c0e1acfbe"}
{"name":"worker","pid":221,"phase":"RUN_GRADLEW","buildId":"8edd809d-40dd-4406-8e8f-7f9cc2f047d4","source":"stdout","level":30,"msg":"w: file:///home/expo/workingdir/build/node_modules/expo/android/src/main/java/expo/modules/fetch/NativeResponse.kt:46:11 'fun deallocate(): Unit' is deprecated. Use sharedObjectDidRelease() instead.","time":"2026-09-14T19:59:35.741Z","v":0,"logId":"01a0a180-eb3d-741b-8a92-9cfe2538e653"}
{"name":"worker","pid":221,"phase":"RUN_GRADLEW","buildId":"8edd809d-40dd-4406-8e8f-7f9cc2f047d4","source":"stdout","level":30,"msg":"> Task :expo:compileDebugJavaWithJavac","time":"2026-09-14T19:59:38.139Z","v":0,"logId":"01a0a180-f49b-7811-9239-a51c3a40b550"}
{"name":"worker","pid":221,"phase":"RUN_GRADLEW","buildId":"8edd809d-40dd-4406-8e8f-7f9cc2f047d4","source":"stdout","level":30,"msg":"> Task :expo:bundleLibCompileToJarDebug","time":"2026-09-14T19:59:38.139Z","v":0,"logId":"01a0a180-f49c-7ab1-8d39-f1ec929b38aa"}
{"name":"worker","pid":221,"phase":"RUN_GRADLEW","buildId":"8edd809d-40dd-4406-8e8f-7f9cc2f047d4","source":"stdout","level":30,"msg":"> Task :expo:bundleLibRuntimeToJarDebug","time":"2026-09-14T19:59:38.140Z","v":0,"logId":"01a0a180-f49c-7ab1-8d39-f1ed3887b1d4"}
{"name":"worker","pid":221,"phase":"RUN_GRADLEW","buildId":"8edd809d-40dd-4406-8e8f-7f9cc2f047d4","source":"stdout","level":30,"msg":"> Task :expo:processDebugJavaRes","time":"2026-09-14T19:59:40.038Z","v":0,"logId":"01a0a180-fc07-7901-b803-14d9570fbe75"}
{"name":"worker","pid":221,"phase":"RUN_GRADLEW","buildId":"8edd809d-40dd-4406-8e8f-7f9cc2f047d4","source":"stdout","level":30,"msg":"> Task :app:compileDebugKotlin","time":"2026-09-14T19:59:41.138Z","v":0,"logId":"01a0a181-0053-7db4-9830-24f6ac63a8ea"}
{"name":"worker","pid":221,"phase":"RUN_GRADLEW","buildId":"8edd809d-40dd-4406-8e8f-7f9cc2f047d4","source":"stdout","level":30,"msg":"> Task :app:compileDebugJavaWithJavac","time":"2026-09-14T19:59:42.641Z","v":0,"logId":"01a0a181-0631-7140-ae62-e46ac4ee026b"}
{"name":"worker","pid":221,"phase":"RUN_GRADLEW","buildId":"8edd809d-40dd-4406-8e8f-7f9cc2f047d4","source":"stdout","level":30,"msg":"> Task :react-native-screens:buildCMakeDebug[x86]","time":"2026-09-14T19:59:42.839Z","v":0,"logId":"01a0a181-06f7-7626-a0e4-67eefe0db131"}
{"name":"worker","pid":221,"phase":"RUN_GRADLEW","buildId":"8edd809d-40dd-4406-8e8f-7f9cc2f047d4","source":"stdout","level":30,"msg":"> Task :app:transformDebugClassesWithAsm","time":"2026-09-14T19:59:42.940Z","v":0,"logId":"01a0a181-075c-711a-97f2-e6e07f525439"}
{"name":"worker","pid":221,"phase":"RUN_GRADLEW","buildId":"8edd809d-40dd-4406-8e8f-7f9cc2f047d4","source":"stdout","level":30,"msg":"> Task :app:mergeLibDexDebug","time":"2026-09-14T19:59:43.041Z","v":0,"logId":"01a0a181-07c1-7488-abcb-27d693a9d28a"}
{"name":"worker","pid":221,"phase":"RUN_GRADLEW","buildId":"8edd809d-40dd-4406-8e8f-7f9cc2f047d4","source":"stdout","level":30,"msg":"> Task :app:dexBuilderDebug","time":"2026-09-14T19:59:43.641Z","v":0,"logId":"01a0a181-0a19-79e5-a4c9-5b8dac4097ef"}
{"name":"worker","pid":221,"phase":"RUN_GRADLEW","buildId":"8edd809d-40dd-4406-8e8f-7f9cc2f047d4","source":"stdout","level":30,"msg":"> Task :app:processDebugJavaRes","time":"2026-09-14T19:59:44.538Z","v":0,"logId":"01a0a181-0d9b-7b81-a2c6-fcf78554a00c"}
{"name":"worker","pid":221,"phase":"RUN_GRADLEW","buildId":"8edd809d-40dd-4406-8e8f-7f9cc2f047d4","source":"stdout","level":30,"msg":"> Task :react-native-screens:configureCMakeDebug[x86_64]","time":"2026-09-14T19:59:45.042Z","v":0,"logId":"01a0a181-0f93-7132-9d2c-cfb2997c2600"}
{"name":"worker","pid":221,"phase":"RUN_GRADLEW","buildId":"8edd809d-40dd-4406-8e8f-7f9cc2f047d4","source":"stdout","level":30,"msg":"> Task :app:mergeDebugGlobalSynthetics","time":"2026-09-14T19:59:45.139Z","v":0,"logId":"01a0a181-0ff3-760d-966c-171bfcb8b43c"}
{"name":"worker","pid":221,"phase":"RUN_GRADLEW","buildId":"8edd809d-40dd-4406-8e8f-7f9cc2f047d4","source":"stdout","level":30,"msg":"> Task :app:mergeProjectDexDebug","time":"2026-09-14T19:59:48.941Z","v":0,"logId":"01a0a181-1ecd-7c56-b5bd-76307b42e1d2"}
{"name":"worker","pid":221,"phase":"RUN_GRADLEW","buildId":"8edd809d-40dd-4406-8e8f-7f9cc2f047d4","source":"stdout","level":30,"msg":"> Task :app:mergeDebugJavaResource","time":"2026-09-14T19:59:51.938Z","v":0,"logId":"01a0a181-2a83-7106-be0e-cce00774ddcd"}
{"name":"worker","pid":221,"phase":"RUN_GRADLEW","buildId":"8edd809d-40dd-4406-8e8f-7f9cc2f047d4","source":"stdout","level":30,"msg":"> Task :react-native-worklets:buildCMakeDebug[armeabi-v7a][worklets]","time":"2026-09-14T19:59:53.038Z","v":0,"logId":"01a0a181-2ecf-7efe-923d-8473abed6f66"}
{"name":"worker","pid":221,"phase":"RUN_GRADLEW","buildId":"8edd809d-40dd-4406-8e8f-7f9cc2f047d4","source":"stdout","level":30,"msg":"> Task :react-native-worklets:configureCMakeDebug[x86]","time":"2026-09-14T19:59:53.638Z","v":0,"logId":"01a0a181-3127-76d6-aad6-102884fc09c3"}
{"name":"worker","pid":221,"phase":"RUN_GRADLEW","buildId":"8edd809d-40dd-4406-8e8f-7f9cc2f047d4","source":"stdout","level":30,"msg":"> Task :react-native-screens:buildCMakeDebug[x86_64]","time":"2026-09-14T19:59:54.538Z","v":0,"logId":"01a0a181-34ab-7d24-9847-75beb6b9a39a"}
{"name":"worker","pid":221,"phase":"RUN_GRADLEW","buildId":"8edd809d-40dd-4406-8e8f-7f9cc2f047d4","source":"stdout","level":30,"msg":"> Task :react-native-screens:mergeDebugJniLibFolders","time":"2026-09-14T19:59:54.539Z","v":0,"logId":"01a0a181-34ab-7d24-9847-75bf3c7345a9"}
{"name":"worker","pid":221,"phase":"RUN_GRADLEW","buildId":"8edd809d-40dd-4406-8e8f-7f9cc2f047d4","source":"stdout","level":30,"msg":"> Task :react-native-screens:mergeDebugNativeLibs","time":"2026-09-14T19:59:54.539Z","v":0,"logId":"01a0a181-34ab-7d24-9847-75c014527c07"}
{"name":"worker","pid":221,"phase":"RUN_GRADLEW","buildId":"8edd809d-40dd-4406-8e8f-7f9cc2f047d4","source":"stdout","level":30,"msg":"> Task :react-native-screens:copyDebugJniLibsProjectOnly","time":"2026-09-14T19:59:54.638Z","v":0,"logId":"01a0a181-350e-72f9-b8c6-f4afef699e70"}
{"name":"worker","pid":221,"phase":"RUN_GRADLEW","buildId":"8edd809d-40dd-4406-8e8f-7f9cc2f047d4","source":"stdout","level":30,"msg":"> Task :react-native-worklets:buildCMakeDebug[x86][worklets]","time":"2026-09-14T20:00:06.338Z","v":0,"logId":"01a0a181-62c2-7b01-b2d6-32add56446e5"}
{"name":"worker","pid":221,"phase":"RUN_GRADLEW","buildId":"8edd809d-40dd-4406-8e8f-7f9cc2f047d4","source":"stdout","level":30,"msg":"> Task :react-native-worklets:configureCMakeDebug[x86_64]","time":"2026-09-14T20:00:06.838Z","v":0,"logId":"01a0a181-64b7-7dac-b877-3d089e77afb9"}
{"name":"worker","pid":221,"phase":"RUN_GRADLEW","buildId":"8edd809d-40dd-4406-8e8f-7f9cc2f047d4","source":"stdout","level":30,"msg":"> Task :react-native-worklets:buildCMakeDebug[x86_64][worklets]","time":"2026-09-14T20:00:19.438Z","v":0,"logId":"01a0a181-95ef-743a-adee-9f152fa1564f"}
{"name":"worker","pid":221,"phase":"RUN_GRADLEW","buildId":"8edd809d-40dd-4406-8e8f-7f9cc2f047d4","source":"stdout","level":30,"msg":"> Task :react-native-worklets:externalNativeBuildDebug","time":"2026-09-14T20:00:21.638Z","v":0,"logId":"01a0a181-9e87-7941-9c48-da2598e09b7e"}
{"name":"worker","pid":221,"phase":"RUN_GRADLEW","buildId":"8edd809d-40dd-4406-8e8f-7f9cc2f047d4","source":"stdout","level":30,"msg":"> Task :react-native-worklets:generateJsonModelDebug","time":"2026-09-14T20:00:21.640Z","v":0,"logId":"01a0a181-9e88-7981-b321-7d35ff8e0ff5"}
{"name":"worker","pid":221,"phase":"RUN_GRADLEW","buildId":"8edd809d-40dd-4406-8e8f-7f9cc2f047d4","source":"stdout","level":30,"msg":"> Task :react-native-worklets:prefabDebugConfigurePackage","time":"2026-09-14T20:00:21.640Z","v":0,"logId":"01a0a181-9e88-7981-b321-7d36096b2f59"}
{"name":"worker","pid":221,"phase":"RUN_GRADLEW","buildId":"8edd809d-40dd-4406-8e8f-7f9cc2f047d4","source":"stdout","level":30,"msg":"> Task :react-native-worklets:prefabDebugPackage","time":"2026-09-14T20:00:21.940Z","v":0,"logId":"01a0a181-9fb4-71c5-9027-2cae32f359d8"}
{"name":"worker","pid":221,"phase":"RUN_GRADLEW","buildId":"8edd809d-40dd-4406-8e8f-7f9cc2f047d4","source":"stdout","level":30,"msg":"> Task :react-native-worklets:mergeDebugJniLibFolders","time":"2026-09-14T20:00:21.943Z","v":0,"logId":"01a0a181-9fb7-71a8-9c41-db3328f7ea32"}
{"name":"worker","pid":221,"phase":"RUN_GRADLEW","buildId":"8edd809d-40dd-4406-8e8f-7f9cc2f047d4","source":"stdout","level":30,"msg":"> Task :react-native-worklets:mergeDebugNativeLibs","time":"2026-09-14T20:00:22.638Z","v":0,"logId":"01a0a181-a26f-7c9b-b9d0-2fa17bfd4991"}
{"name":"worker","pid":221,"phase":"RUN_GRADLEW","buildId":"8edd809d-40dd-4406-8e8f-7f9cc2f047d4","source":"stdout","level":30,"msg":"> Task :react-native-reanimated:configureCMakeDebug[arm64-v8a]","time":"2026-09-14T20:00:22.839Z","v":0,"logId":"01a0a181-a337-79a0-9a36-abb6d7eb1d04"}
{"name":"worker","pid":221,"phase":"RUN_GRADLEW","buildId":"8edd809d-40dd-4406-8e8f-7f9cc2f047d4","source":"stdout","level":30,"msg":"> Task :react-native-worklets:copyDebugJniLibsProjectOnly","time":"2026-09-14T20:00:22.938Z","v":0,"logId":"01a0a181-a39b-7042-b8fb-27d38501b45f"}
{"name":"worker","pid":221,"phase":"RUN_GRADLEW","buildId":"8edd809d-40dd-4406-8e8f-7f9cc2f047d4","source":"stdout","level":30,"msg":"> Task :expo-modules-core:configureCMakeDebug[arm64-v8a]","time":"2026-09-14T20:00:23.040Z","v":0,"logId":"01a0a181-a400-7e3f-8130-f5b6df00a0c1"}
{"name":"worker","pid":221,"phase":"RUN_GRADLEW","buildId":"8edd809d-40dd-4406-8e8f-7f9cc2f047d4","source":"stdout","level":30,"msg":"> Task :react-native-reanimated:configureCMakeDebug[armeabi-v7a]","time":"2026-09-14T20:00:23.441Z","v":0,"logId":"01a0a181-a591-76f9-b41a-74b95be8cb09"}
{"name":"worker","pid":221,"phase":"RUN_GRADLEW","buildId":"8edd809d-40dd-4406-8e8f-7f9cc2f047d4","source":"stdout","level":30,"msg":"> Task :react-native-reanimated:configureCMakeDebug[x86]","time":"2026-09-14T20:00:24.138Z","v":0,"logId":"01a0a181-a84b-7ed7-8273-630d51236d49"}
{"name":"worker","pid":221,"phase":"RUN_GRADLEW","buildId":"8edd809d-40dd-4406-8e8f-7f9cc2f047d4","source":"stdout","level":30,"msg":"> Task :react-native-reanimated:configureCMakeDebug[x86_64]","time":"2026-09-14T20:00:24.739Z","v":0,"logId":"01a0a181-aaa3-799b-afd9-91490a22a479"}
{"name":"worker","pid":221,"phase":"RUN_GRADLEW","buildId":"8edd809d-40dd-4406-8e8f-7f9cc2f047d4","source":"stdout","level":30,"msg":"> Task :react-native-reanimated:generateJsonModelDebug","time":"2026-09-14T20:00:24.741Z","v":0,"logId":"01a0a181-aaa5-7a48-9613-55508a5ccffa"}
{"name":"worker","pid":221,"phase":"RUN_GRADLEW","buildId":"8edd809d-40dd-4406-8e8f-7f9cc2f047d4","source":"stdout","level":30,"msg":"> Task :react-native-reanimated:prefabDebugConfigurePackage","time":"2026-09-14T20:00:24.741Z","v":0,"logId":"01a0a181-aaa5-7a48-9613-555185669c0e"}
{"name":"worker","pid":221,"phase":"RUN_GRADLEW","buildId":"8edd809d-40dd-4406-8e8f-7f9cc2f047d4","source":"stdout","level":30,"msg":"> Task :expo-modules-core:buildCMakeDebug[arm64-v8a]","time":"2026-09-14T20:00:53.038Z","v":0,"logId":"01a0a182-192f-7dba-ad23-ee1660054855"}
{"name":"worker","pid":221,"phase":"RUN_GRADLEW","buildId":"8edd809d-40dd-4406-8e8f-7f9cc2f047d4","source":"stdout","level":30,"msg":"> Task :react-native-reanimated:buildCMakeDebug[arm64-v8a][reanimated]","time":"2026-09-14T20:00:54.741Z","v":0,"logId":"01a0a182-1fd5-7d3a-abd3-fd8aee60e5f1"}
{"name":"worker","pid":221,"phase":"RUN_GRADLEW","buildId":"8edd809d-40dd-4406-8e8f-7f9cc2f047d4","source":"stdout","level":30,"msg":"> Task :app:configureCMakeDebug[arm64-v8a]","time":"2026-09-14T20:00:54.742Z","v":0,"logId":"01a0a182-1fd6-7fa4-a4a6-3186696426e7"}
{"name":"worker","pid":221,"phase":"RUN_GRADLEW","buildId":"8edd809d-40dd-4406-8e8f-7f9cc2f047d4","source":"stdout","level":30,"msg":"> Task :react-native-gesture-handler:configureCMakeDebug[arm64-v8a]","time":"2026-09-14T20:00:54.742Z","v":0,"logId":"01a0a182-1fd6-7fa4-a4a6-31871c88d68f"}
{"name":"worker","pid":221,"phase":"RUN_GRADLEW","buildId":"8edd809d-40dd-4406-8e8f-7f9cc2f047d4","source":"stdout","level":30,"msg":"> Task :expo-modules-core:buildCMakeDebug[arm64-v8a]","time":"2026-09-14T20:01:00.842Z","v":0,"logId":"01a0a182-37aa-7c09-9446-021f853970e0"}
{"name":"worker","pid":221,"phase":"RUN_GRADLEW","buildId":"8edd809d-40dd-4406-8e8f-7f9cc2f047d4","source":"stdout","level":30,"msg":"C/C++: ninja: Entering directory `/home/expo/workingdir/build/node_modules/expo-modules-core/android/.cxx/Debug/5m722b3a/arm64-v8a'","time":"2026-09-14T20:01:00.845Z","v":0,"logId":"01a0a182-37ad-7299-ba10-2b8b8ceeb438"}
{"name":"worker","pid":221,"phase":"RUN_GRADLEW","buildId":"8edd809d-40dd-4406-8e8f-7f9cc2f047d4","source":"stdout","level":30,"msg":"C/C++: /home/expo/workingdir/build/node_modules/expo-modules-core/android/src/main/cpp/fabric/ExpoComponentDescriptorFactory.cpp:17:5: warning: 'RawPropsParser' is deprecated [-Wdeprecated-declarations]","time":"2026-09-14T20:01:00.845Z","v":0,"logId":"01a0a182-37ad-7299-ba10-2b8c8a84a167"}
{"name":"worker","pid":221,"phase":"RUN_GRADLEW","buildId":"8edd809d-40dd-4406-8e8f-7f9cc2f047d4","source":"stdout","level":30,"msg":"C/C++:    17 |     react::RawPropsParser(/*useRawPropsJsiValue=*/true)","time":"2026-09-14T20:01:00.846Z","v":0,"logId":"01a0a182-37ae-7a8b-a95c-27d1e1b6ea63"}
{"name":"worker","pid":221,"phase":"RUN_GRADLEW","buildId":"8edd809d-40dd-4406-8e8f-7f9cc2f047d4","source":"stdout","level":30,"msg":"C/C++:       |     ^","time":"2026-09-14T20:01:00.846Z","v":0,"logId":"01a0a182-37ae-7a8b-a95c-27d260aa230e"}
{"name":"worker","pid":221,"phase":"RUN_GRADLEW","buildId":"8edd809d-40dd-4406-8e8f-7f9cc2f047d4","source":"stdout","level":30,"msg":"C/C++: /home/expo/workingdir/build/node_modules/react-native/ReactCommon/react/renderer/core/RawPropsParser.h:31:5: note: 'RawPropsParser' has been explicitly marked deprecated here","time":"2026-09-14T20:01:00.846Z","v":0,"logId":"01a0a182-37ae-7a8b-a95c-27d30a0f391b"}
{"name":"worker","pid":221,"phase":"RUN_GRADLEW","buildId":"8edd809d-40dd-4406-8e8f-7f9cc2f047d4","source":"stdout","level":30,"msg":"C/C++:    31 |   [[deprecated]] explicit RawPropsParser(bool /* ignored */) : RawPropsParser() {}","time":"2026-09-14T20:01:00.846Z","v":0,"logId":"01a0a182-37b0-751b-b6ec-4065577a29fb"}
{"name":"worker","pid":221,"phase":"RUN_GRADLEW","buildId":"8edd809d-40dd-4406-8e8f-7f9cc2f047d4","source":"stdout","level":30,"msg":"C/C++:       |     ^","time":"2026-09-14T20:01:00.848Z","v":0,"logId":"01a0a182-37b0-751b-b6ec-4066c55b1db9"}
{"name":"worker","pid":221,"phase":"RUN_GRADLEW","buildId":"8edd809d-40dd-4406-8e8f-7f9cc2f047d4","source":"stdout","level":30,"msg":"C/C++: 1 warning generated.","time":"2026-09-14T20:01:00.848Z","v":0,"logId":"01a0a182-37b0-751b-b6ec-406700868e71"}
{"name":"worker","pid":221,"phase":"RUN_GRADLEW","buildId":"8edd809d-40dd-4406-8e8f-7f9cc2f047d4","source":"stdout","level":30,"msg":"> Task :expo-modules-core:configureCMakeDebug[armeabi-v7a]","time":"2026-09-14T20:01:02.438Z","v":0,"logId":"01a0a182-3de7-7c44-b7fb-dae98d4b91c0"}
{"name":"worker","pid":221,"phase":"RUN_GRADLEW","buildId":"8edd809d-40dd-4406-8e8f-7f9cc2f047d4","source":"stdout","level":30,"msg":"> Task :expo-modules-core:buildCMakeDebug[armeabi-v7a]","time":"2026-09-14T20:01:27.838Z","v":0,"logId":"01a0a182-a11f-7346-9149-929fc2efb2bc"}
{"name":"worker","pid":221,"phase":"RUN_GRADLEW","buildId":"8edd809d-40dd-4406-8e8f-7f9cc2f047d4","source":"stdout","level":30,"msg":"C/C++: ninja: Entering directory `/home/expo/workingdir/build/node_modules/expo-modules-core/android/.cxx/Debug/5m722b3a/armeabi-v7a'","time":"2026-09-14T20:01:27.840Z","v":0,"logId":"01a0a182-a121-7dcc-a027-c4b0dccd4aab"}
{"name":"worker","pid":221,"phase":"RUN_GRADLEW","buildId":"8edd809d-40dd-4406-8e8f-7f9cc2f047d4","source":"stdout","level":30,"msg":"C/C++: /home/expo/workingdir/build/node_modules/expo-modules-core/android/src/main/cpp/fabric/ExpoComponentDescriptorFactory.cpp:17:5: warning: 'RawPropsParser' is deprecated [-Wdeprecated-declarations]","time":"2026-09-14T20:01:27.841Z","v":0,"logId":"01a0a182-a124-75ed-b34f-3555fa430801"}
{"name":"worker","pid":221,"phase":"RUN_GRADLEW","buildId":"8edd809d-40dd-4406-8e8f-7f9cc2f047d4","source":"stdout","level":30,"msg":"C/C++:    17 |     react::RawPropsParser(/*useRawPropsJsiValue=*/true)","time":"2026-09-14T20:01:27.844Z","v":0,"logId":"01a0a182-a124-75ed-b34f-355691967fc5"}
{"name":"worker","pid":221,"phase":"RUN_GRADLEW","buildId":"8edd809d-40dd-4406-8e8f-7f9cc2f047d4","source":"stdout","level":30,"msg":"C/C++:       |     ^","time":"2026-09-14T20:01:27.844Z","v":0,"logId":"01a0a182-a124-75ed-b34f-355725d844b9"}
{"name":"worker","pid":221,"phase":"RUN_GRADLEW","buildId":"8edd809d-40dd-4406-8e8f-7f9cc2f047d4","source":"stdout","level":30,"msg":"C/C++: /home/expo/workingdir/build/node_modules/react-native/ReactCommon/react/renderer/core/RawPropsParser.h:31:5: note: 'RawPropsParser' has been explicitly marked deprecated here","time":"2026-09-14T20:01:27.844Z","v":0,"logId":"01a0a182-a124-75ed-b34f-3558e9b1c2b2"}
{"name":"worker","pid":221,"phase":"RUN_GRADLEW","buildId":"8edd809d-40dd-4406-8e8f-7f9cc2f047d4","source":"stdout","level":30,"msg":"C/C++:    31 |   [[deprecated]] explicit RawPropsParser(bool /* ignored */) : RawPropsParser() {}","time":"2026-09-14T20:01:27.844Z","v":0,"logId":"01a0a182-a124-75ed-b34f-35594ebb5f55"}
{"name":"worker","pid":221,"phase":"RUN_GRADLEW","buildId":"8edd809d-40dd-4406-8e8f-7f9cc2f047d4","source":"stdout","level":30,"msg":"C/C++:       |     ^","time":"2026-09-14T20:01:27.844Z","v":0,"logId":"01a0a182-a124-75ed-b34f-355a1f5a7598"}
{"name":"worker","pid":221,"phase":"RUN_GRADLEW","buildId":"8edd809d-40dd-4406-8e8f-7f9cc2f047d4","source":"stdout","level":30,"msg":"C/C++: 1 warning generated.","time":"2026-09-14T20:01:27.844Z","v":0,"logId":"01a0a182-a124-75ed-b34f-355b4d459f0a"}
{"name":"worker","pid":221,"phase":"RUN_GRADLEW","buildId":"8edd809d-40dd-4406-8e8f-7f9cc2f047d4","source":"stdout","level":30,"msg":"> Task :expo-modules-core:configureCMakeDebug[x86]","time":"2026-09-14T20:01:50.338Z","v":0,"logId":"01a0a182-f903-7c44-8cb5-b0de2e59ea5e"}
{"name":"worker","pid":221,"phase":"RUN_GRADLEW","buildId":"8edd809d-40dd-4406-8e8f-7f9cc2f047d4","source":"stdout","level":30,"msg":"> Task :expo-modules-core:buildCMakeDebug[x86]","time":"2026-09-14T20:02:20.338Z","v":0,"logId":"01a0a183-6e33-75bd-affb-4ca46be4b152"}
{"name":"worker","pid":221,"phase":"RUN_GRADLEW","buildId":"8edd809d-40dd-4406-8e8f-7f9cc2f047d4","source":"stdout","level":30,"msg":"> Task :react-native-gesture-handler:configureCMakeDebug[armeabi-v7a]","time":"2026-09-14T20:02:24.538Z","v":0,"logId":"01a0a183-7e9b-700d-9c85-945cf0281e2c"}
{"name":"worker","pid":221,"phase":"RUN_GRADLEW","buildId":"8edd809d-40dd-4406-8e8f-7f9cc2f047d4","source":"stdout","level":30,"msg":"> Task :app:configureCMakeDebug[armeabi-v7a]","time":"2026-09-14T20:02:25.438Z","v":0,"logId":"01a0a183-821f-74b4-a3ec-41ba7e041763"}
{"name":"worker","pid":221,"phase":"RUN_GRADLEW","buildId":"8edd809d-40dd-4406-8e8f-7f9cc2f047d4","source":"stdout","level":30,"msg":"> Task :expo-modules-core:buildCMakeDebug[x86]","time":"2026-09-14T20:02:25.739Z","v":0,"logId":"01a0a183-834b-7dd3-98d8-123de81a824e"}
{"name":"worker","pid":221,"phase":"RUN_GRADLEW","buildId":"8edd809d-40dd-4406-8e8f-7f9cc2f047d4","source":"stdout","level":30,"msg":"C/C++: ninja: Entering directory `/home/expo/workingdir/build/node_modules/expo-modules-core/android/.cxx/Debug/5m722b3a/x86'","time":"2026-09-14T20:02:25.739Z","v":0,"logId":"01a0a183-834b-7dd3-98d8-123e1d55c358"}
{"name":"worker","pid":221,"phase":"RUN_GRADLEW","buildId":"8edd809d-40dd-4406-8e8f-7f9cc2f047d4","source":"stdout","level":30,"msg":"C/C++: /home/expo/workingdir/build/node_modules/expo-modules-core/android/src/main/cpp/fabric/ExpoComponentDescriptorFactory.cpp:17:5: warning: 'RawPropsParser' is deprecated [-Wdeprecated-declarations]","time":"2026-09-14T20:02:25.739Z","v":0,"logId":"01a0a183-834c-76ab-87f1-0c581c25f51f"}
{"name":"worker","pid":221,"phase":"RUN_GRADLEW","buildId":"8edd809d-40dd-4406-8e8f-7f9cc2f047d4","source":"stdout","level":30,"msg":"C/C++:    17 |     react::RawPropsParser(/*useRawPropsJsiValue=*/true)","time":"2026-09-14T20:02:25.740Z","v":0,"logId":"01a0a183-834c-76ab-87f1-0c5921a5003b"}
{"name":"worker","pid":221,"phase":"RUN_GRADLEW","buildId":"8edd809d-40dd-4406-8e8f-7f9cc2f047d4","source":"stdout","level":30,"msg":"C/C++:       |     ^","time":"2026-09-14T20:02:25.740Z","v":0,"logId":"01a0a183-834c-76ab-87f1-0c5a47c90050"}
{"name":"worker","pid":221,"phase":"RUN_GRADLEW","buildId":"8edd809d-40dd-4406-8e8f-7f9cc2f047d4","source":"stdout","level":30,"msg":"C/C++: /home/expo/workingdir/build/node_modules/react-native/ReactCommon/react/renderer/core/RawPropsParser.h:31:5: note: 'RawPropsParser' has been explicitly marked deprecated here","time":"2026-09-14T20:02:25.740Z","v":0,"logId":"01a0a183-834c-76ab-87f1-0c5b5de22ce2"}
{"name":"worker","pid":221,"phase":"RUN_GRADLEW","buildId":"8edd809d-40dd-4406-8e8f-7f9cc2f047d4","source":"stdout","level":30,"msg":"C/C++:    31 |   [[deprecated]] explicit RawPropsParser(bool /* ignored */) : RawPropsParser() {}","time":"2026-09-14T20:02:25.740Z","v":0,"logId":"01a0a183-834c-76ab-87f1-0c5c9dfde6a0"}
{"name":"worker","pid":221,"phase":"RUN_GRADLEW","buildId":"8edd809d-40dd-4406-8e8f-7f9cc2f047d4","source":"stdout","level":30,"msg":"C/C++:       |     ^","time":"2026-09-14T20:02:25.740Z","v":0,"logId":"01a0a183-834c-76ab-87f1-0c5dee059907"}
{"name":"worker","pid":221,"phase":"RUN_GRADLEW","buildId":"8edd809d-40dd-4406-8e8f-7f9cc2f047d4","source":"stdout","level":30,"msg":"C/C++: 1 warning generated.","time":"2026-09-14T20:02:25.740Z","v":0,"logId":"01a0a183-834c-76ab-87f1-0c5ec36be206"}
{"name":"worker","pid":221,"phase":"RUN_GRADLEW","buildId":"8edd809d-40dd-4406-8e8f-7f9cc2f047d4","source":"stdout","level":30,"msg":"> Task :react-native-gesture-handler:configureCMakeDebug[x86]","time":"2026-09-14T20:02:25.839Z","v":0,"logId":"01a0a183-83af-7c47-ad9d-65dea2e24909"}
{"name":"worker","pid":221,"phase":"RUN_GRADLEW","buildId":"8edd809d-40dd-4406-8e8f-7f9cc2f047d4","source":"stdout","level":30,"msg":"> Task :app:configureCMakeDebug[x86]","time":"2026-09-14T20:02:26.439Z","v":0,"logId":"01a0a183-8609-744b-992e-2084176a4060"}
{"name":"worker","pid":221,"phase":"RUN_GRADLEW","buildId":"8edd809d-40dd-4406-8e8f-7f9cc2f047d4","source":"stdout","level":30,"msg":"> Task :react-native-gesture-handler:configureCMakeDebug[x86_64]","time":"2026-09-14T20:02:26.639Z","v":0,"logId":"01a0a183-86cf-724f-93f8-594dc4c94e6a"}
{"name":"worker","pid":221,"phase":"RUN_GRADLEW","buildId":"8edd809d-40dd-4406-8e8f-7f9cc2f047d4","source":"stdout","level":30,"msg":"> Task :expo-modules-core:configureCMakeDebug[x86_64]","time":"2026-09-14T20:02:27.241Z","v":0,"logId":"01a0a183-892a-7d64-8881-425d5abb7c24"}
{"name":"worker","pid":221,"phase":"RUN_GRADLEW","buildId":"8edd809d-40dd-4406-8e8f-7f9cc2f047d4","source":"stdout","level":30,"msg":"> Task :app:configureCMakeDebug[x86_64]","time":"2026-09-14T20:02:27.338Z","v":0,"logId":"01a0a183-898b-77ec-9f72-c45df839834e"}
{"name":"worker","pid":221,"phase":"RUN_GRADLEW","buildId":"8edd809d-40dd-4406-8e8f-7f9cc2f047d4","source":"stdout","level":30,"msg":"> Task :react-native-reanimated:buildCMakeDebug[armeabi-v7a][reanimated]","time":"2026-09-14T20:02:50.538Z","v":0,"logId":"01a0a183-e42b-7fcf-bfe8-e7eec1cd94c9"}
{"name":"worker","pid":221,"phase":"RUN_GRADLEW","buildId":"8edd809d-40dd-4406-8e8f-7f9cc2f047d4","source":"stdout","level":30,"msg":"> Task :expo-modules-core:buildCMakeDebug[x86_64]","time":"2026-09-14T20:02:57.241Z","v":0,"logId":"01a0a183-fe59-7178-b6ce-c4edba0d50d8"}
{"name":"worker","pid":221,"phase":"RUN_GRADLEW","buildId":"8edd809d-40dd-4406-8e8f-7f9cc2f047d4","source":"stdout","level":30,"msg":"C/C++: ninja: Entering directory `/home/expo/workingdir/build/node_modules/expo-modules-core/android/.cxx/Debug/5m722b3a/x86_64'","time":"2026-09-14T20:03:12.138Z","v":0,"logId":"01a0a184-388b-7bb4-bde8-6a6cb71c01b5"}
{"name":"worker","pid":221,"phase":"RUN_GRADLEW","buildId":"8edd809d-40dd-4406-8e8f-7f9cc2f047d4","source":"stdout","level":30,"msg":"C/C++: /home/expo/workingdir/build/node_modules/expo-modules-core/android/src/main/cpp/fabric/ExpoComponentDescriptorFactory.cpp:17:5: warning: 'RawPropsParser' is deprecated [-Wdeprecated-declarations]","time":"2026-09-14T20:03:12.140Z","v":0,"logId":"01a0a184-388c-76bc-87aa-bcc4e7a06e1b"}
{"name":"worker","pid":221,"phase":"RUN_GRADLEW","buildId":"8edd809d-40dd-4406-8e8f-7f9cc2f047d4","source":"stdout","level":30,"msg":"C/C++:    17 |     react::RawPropsParser(/*useRawPropsJsiValue=*/true)","time":"2026-09-14T20:03:12.140Z","v":0,"logId":"01a0a184-388c-76bc-87aa-bcc5f79b6bae"}
{"name":"worker","pid":221,"phase":"RUN_GRADLEW","buildId":"8edd809d-40dd-4406-8e8f-7f9cc2f047d4","source":"stdout","level":30,"msg":"C/C++:       |     ^","time":"2026-09-14T20:03:12.140Z","v":0,"logId":"01a0a184-388d-70bc-980b-f3cd8cd8882f"}
{"name":"worker","pid":221,"phase":"RUN_GRADLEW","buildId":"8edd809d-40dd-4406-8e8f-7f9cc2f047d4","source":"stdout","level":30,"msg":"C/C++: /home/expo/workingdir/build/node_modules/react-native/ReactCommon/react/renderer/core/RawPropsParser.h:31:5: note: 'RawPropsParser' has been explicitly marked deprecated here","time":"2026-09-14T20:03:12.141Z","v":0,"logId":"01a0a184-388d-70bc-980b-f3ce7f525388"}
{"name":"worker","pid":221,"phase":"RUN_GRADLEW","buildId":"8edd809d-40dd-4406-8e8f-7f9cc2f047d4","source":"stdout","level":30,"msg":"C/C++:    31 |   [[deprecated]] explicit RawPropsParser(bool /* ignored */) : RawPropsParser() {}","time":"2026-09-14T20:03:12.141Z","v":0,"logId":"01a0a184-388d-70bc-980b-f3cf5f5cd8be"}
{"name":"worker","pid":221,"phase":"RUN_GRADLEW","buildId":"8edd809d-40dd-4406-8e8f-7f9cc2f047d4","source":"stdout","level":30,"msg":"C/C++:       |     ^","time":"2026-09-14T20:03:12.141Z","v":0,"logId":"01a0a184-388d-70bc-980b-f3d0eecbaa87"}
{"name":"worker","pid":221,"phase":"RUN_GRADLEW","buildId":"8edd809d-40dd-4406-8e8f-7f9cc2f047d4","source":"stdout","level":30,"msg":"C/C++: 1 warning generated.","time":"2026-09-14T20:03:12.141Z","v":0,"logId":"01a0a184-388d-70bc-980b-f3d141761c2a"}
{"name":"worker","pid":221,"phase":"RUN_GRADLEW","buildId":"8edd809d-40dd-4406-8e8f-7f9cc2f047d4","source":"stdout","level":30,"msg":"> Task :expo-modules-core:mergeDebugNativeLibs","time":"2026-09-14T20:03:14.938Z","v":0,"logId":"01a0a184-437b-7093-bbce-982923b8dfe4"}
{"name":"worker","pid":221,"phase":"RUN_GRADLEW","buildId":"8edd809d-40dd-4406-8e8f-7f9cc2f047d4","source":"stdout","level":30,"msg":"> Task :expo-modules-core:copyDebugJniLibsProjectOnly","time":"2026-09-14T20:03:16.038Z","v":0,"logId":"01a0a184-47c7-7153-afbd-c5d013660e04"}
{"name":"worker","pid":221,"phase":"RUN_GRADLEW","buildId":"8edd809d-40dd-4406-8e8f-7f9cc2f047d4","source":"stdout","level":30,"msg":"> Task :react-native-reanimated:buildCMakeDebug[x86][reanimated]","time":"2026-09-14T20:04:13.638Z","v":0,"logId":"01a0a185-28c7-7464-b473-bb318a351a9c"}
{"name":"worker","pid":221,"phase":"RUN_GRADLEW","buildId":"8edd809d-40dd-4406-8e8f-7f9cc2f047d4","source":"stdout","level":30,"msg":"> Task :react-native-reanimated:buildCMakeDebug[x86_64][reanimated]","time":"2026-09-14T20:05:06.138Z","v":0,"logId":"01a0a185-f5db-7f1c-91b6-e002de885862"}
{"name":"worker","pid":221,"phase":"RUN_GRADLEW","buildId":"8edd809d-40dd-4406-8e8f-7f9cc2f047d4","source":"stdout","level":30,"msg":"> Task :react-native-reanimated:externalNativeBuildDebug","time":"2026-09-14T20:05:29.438Z","v":0,"logId":"01a0a186-50df-7214-be99-119527daa594"}
{"name":"worker","pid":221,"phase":"RUN_GRADLEW","buildId":"8edd809d-40dd-4406-8e8f-7f9cc2f047d4","source":"stdout","level":30,"msg":"> Task :react-native-reanimated:prefabDebugPackage","time":"2026-09-14T20:05:30.138Z","v":0,"logId":"01a0a186-539b-7551-aca5-3a6ba3ed0d15"}
{"name":"worker","pid":221,"phase":"RUN_GRADLEW","buildId":"8edd809d-40dd-4406-8e8f-7f9cc2f047d4","source":"stdout","level":30,"msg":"> Task :react-native-reanimated:mergeDebugNativeLibs","time":"2026-09-14T20:05:31.938Z","v":0,"logId":"01a0a186-5aa3-7b34-bbcb-057864fbfea1"}
{"name":"worker","pid":221,"phase":"RUN_GRADLEW","buildId":"8edd809d-40dd-4406-8e8f-7f9cc2f047d4","source":"stdout","level":30,"msg":"> Task :app:buildCMakeDebug[arm64-v8a]","time":"2026-09-14T20:05:32.345Z","v":0,"logId":"01a0a186-5c39-7383-9fd8-0691041279cd"}
{"name":"worker","pid":221,"phase":"RUN_GRADLEW","buildId":"8edd809d-40dd-4406-8e8f-7f9cc2f047d4","source":"stdout","level":30,"msg":"> Task :react-native-reanimated:copyDebugJniLibsProjectOnly","time":"2026-09-14T20:05:33.138Z","v":0,"logId":"01a0a186-5f53-7bc6-b7c6-1481f05cf424"}
{"name":"worker","pid":221,"phase":"RUN_GRADLEW","buildId":"8edd809d-40dd-4406-8e8f-7f9cc2f047d4","source":"stdout","level":30,"msg":"> Task :react-native-gesture-handler:buildCMakeDebug[arm64-v8a]","time":"2026-09-14T20:05:33.838Z","v":0,"logId":"01a0a186-620f-79cd-8a20-ea6d920d4580"}
{"name":"worker","pid":221,"phase":"RUN_GRADLEW","buildId":"8edd809d-40dd-4406-8e8f-7f9cc2f047d4","source":"stdout","level":30,"msg":"> Task :app:buildCMakeDebug[armeabi-v7a]","time":"2026-09-14T20:05:34.739Z","v":0,"logId":"01a0a186-6594-7870-935b-5049bc440646"}
{"name":"worker","pid":221,"phase":"RUN_GRADLEW","buildId":"8edd809d-40dd-4406-8e8f-7f9cc2f047d4","source":"stdout","level":30,"msg":"> Task :app:buildCMakeDebug[x86]","time":"2026-09-14T20:05:36.541Z","v":0,"logId":"01a0a186-6c9d-7c21-8a1e-3be392cfb72c"}
{"name":"worker","pid":221,"phase":"RUN_GRADLEW","buildId":"8edd809d-40dd-4406-8e8f-7f9cc2f047d4","source":"stdout","level":30,"msg":"> Task :react-native-gesture-handler:buildCMakeDebug[armeabi-v7a]","time":"2026-09-14T20:05:36.641Z","v":0,"logId":"01a0a186-6d01-78cc-8f3f-dce41d855c77"}
{"name":"worker","pid":221,"phase":"RUN_GRADLEW","buildId":"8edd809d-40dd-4406-8e8f-7f9cc2f047d4","source":"stdout","level":30,"msg":"> Task :app:buildCMakeDebug[x86_64]","time":"2026-09-14T20:05:38.438Z","v":0,"logId":"01a0a186-7407-7579-8374-51c18febf4ba"}
{"name":"worker","pid":221,"phase":"RUN_GRADLEW","buildId":"8edd809d-40dd-4406-8e8f-7f9cc2f047d4","source":"stdout","level":30,"msg":"> Task :react-native-gesture-handler:buildCMakeDebug[x86]","time":"2026-09-14T20:05:39.438Z","v":0,"logId":"01a0a186-77ef-7633-8d0a-f1741b5e2ee8"}
{"name":"worker","pid":221,"phase":"RUN_GRADLEW","buildId":"8edd809d-40dd-4406-8e8f-7f9cc2f047d4","source":"stdout","level":30,"msg":"> Task :react-native-gesture-handler:buildCMakeDebug[x86_64]","time":"2026-09-14T20:05:41.738Z","v":0,"logId":"01a0a186-80ea-7561-a12c-39077a2d96a5"}
{"name":"worker","pid":221,"phase":"RUN_GRADLEW","buildId":"8edd809d-40dd-4406-8e8f-7f9cc2f047d4","source":"stdout","level":30,"msg":"> Task :react-native-gesture-handler:mergeDebugNativeLibs","time":"2026-09-14T20:05:41.739Z","v":0,"logId":"01a0a186-80eb-74ff-8f8c-f7111403bcc5"}
{"name":"worker","pid":221,"phase":"RUN_GRADLEW","buildId":"8edd809d-40dd-4406-8e8f-7f9cc2f047d4","source":"stdout","level":30,"msg":"> Task :react-native-gesture-handler:copyDebugJniLibsProjectOnly","time":"2026-09-14T20:05:41.739Z","v":0,"logId":"01a0a186-80eb-74ff-8f8c-f712d9c30a8e"}
{"name":"worker","pid":221,"phase":"RUN_GRADLEW","buildId":"8edd809d-40dd-4406-8e8f-7f9cc2f047d4","source":"stdout","level":30,"msg":"> Task :app:mergeDebugNativeLibs","time":"2026-09-14T20:05:53.040Z","v":0,"logId":"01a0a186-ad15-73a1-a4bb-2b3d2da8d408"}
{"name":"worker","pid":221,"phase":"RUN_GRADLEW","buildId":"8edd809d-40dd-4406-8e8f-7f9cc2f047d4","source":"stdout","level":30,"msg":"> Task :app:stripDebugDebugSymbols","time":"2026-09-14T20:05:54.538Z","v":0,"logId":"01a0a186-b2eb-7c59-8a1e-91824df59b8e"}
{"name":"worker","pid":221,"phase":"RUN_GRADLEW","buildId":"8edd809d-40dd-4406-8e8f-7f9cc2f047d4","source":"stdout","level":30,"msg":"> Task :app:packageDebug","time":"2026-09-14T20:05:56.039Z","v":0,"logId":"01a0a186-b8c7-7b1b-8871-457ba25128bc"}
{"name":"worker","pid":221,"phase":"RUN_GRADLEW","buildId":"8edd809d-40dd-4406-8e8f-7f9cc2f047d4","source":"stdout","level":30,"msg":"> Task :app:createDebugApkListingFileRedirect","time":"2026-09-14T20:05:56.040Z","v":0,"logId":"01a0a186-b8c9-762a-b176-3d786fd53f0c"}
{"name":"worker","pid":221,"phase":"RUN_GRADLEW","buildId":"8edd809d-40dd-4406-8e8f-7f9cc2f047d4","source":"stdout","level":30,"msg":"> Task :app:assembleDebug","time":"2026-09-14T20:05:56.041Z","v":0,"logId":"01a0a186-b8c9-762a-b176-3d79f5d18bf8"}
{"name":"worker","pid":221,"phase":"RUN_GRADLEW","buildId":"8edd809d-40dd-4406-8e8f-7f9cc2f047d4","source":"stdout","level":30,"msg":"[Incubating] Problems report is available at: file:///home/expo/workingdir/build/android/build/reports/problems/problems-report.html","time":"2026-09-14T20:05:56.139Z","v":0,"logId":"01a0a186-b92b-7c2e-96ac-a5818e4e24c2"}
{"name":"worker","pid":221,"phase":"RUN_GRADLEW","buildId":"8edd809d-40dd-4406-8e8f-7f9cc2f047d4","source":"stdout","level":30,"msg":"Deprecated Gradle features were used in this build, making it incompatible with Gradle 10.","time":"2026-09-14T20:05:56.139Z","v":0,"logId":"01a0a186-b92c-76a9-9b2a-8550ed9caf06"}
{"name":"worker","pid":221,"phase":"RUN_GRADLEW","buildId":"8edd809d-40dd-4406-8e8f-7f9cc2f047d4","source":"stdout","level":30,"msg":"You can use '--warning-mode all' to show the individual deprecation warnings and determine if they come from your own scripts or plugins.","time":"2026-09-14T20:05:56.140Z","v":0,"logId":"01a0a186-b92c-76a9-9b2a-8551dd6f5485"}
{"name":"worker","pid":221,"phase":"RUN_GRADLEW","buildId":"8edd809d-40dd-4406-8e8f-7f9cc2f047d4","source":"stdout","level":30,"msg":"For more on this, please refer to https://docs.gradle.org/9.3.1/userguide/command_line_interface.html#sec:command_line_warnings in the Gradle documentation.","time":"2026-09-14T20:05:56.140Z","v":0,"logId":"01a0a186-b92c-76a9-9b2a-85521cd2c3ca"}
{"name":"worker","pid":221,"phase":"RUN_GRADLEW","buildId":"8edd809d-40dd-4406-8e8f-7f9cc2f047d4","source":"stdout","level":30,"msg":"BUILD SUCCESSFUL in 11m 52s","time":"2026-09-14T20:05:56.140Z","v":0,"logId":"01a0a186-b92c-76a9-9b2a-85533e2c6516"}
{"name":"worker","pid":221,"phase":"RUN_GRADLEW","buildId":"8edd809d-40dd-4406-8e8f-7f9cc2f047d4","source":"stdout","level":30,"msg":"491 actionable tasks: 491 executed","time":"2026-09-14T20:05:56.140Z","v":0,"logId":"01a0a186-b92c-76a9-9b2a-855492fdf428"}
{"name":"worker","pid":221,"phase":"RUN_GRADLEW","buildId":"8edd809d-40dd-4406-8e8f-7f9cc2f047d4","source":"stdout","level":30,"msg":"See the profiling report at: file:///home/expo/workingdir/build/android/build/reports/profile/profile-2026-09-14-19-55-21.html","time":"2026-09-14T20:05:56.238Z","v":0,"logId":"01a0a186-b98f-7b96-a995-f186870a7674"}
{"name":"worker","pid":221,"phase":"RUN_GRADLEW","buildId":"8edd809d-40dd-4406-8e8f-7f9cc2f047d4","source":"stdout","level":30,"msg":"A fine-grained performance profile is available: use the --scan option.","time":"2026-09-14T20:05:56.239Z","v":0,"logId":"01a0a186-b990-763d-a5a1-1d9bae3f3c5f"}
{"name":"worker","pid":221,"phase":"RUN_GRADLEW","buildId":"8edd809d-40dd-4406-8e8f-7f9cc2f047d4","level":30,"marker":"END_PHASE","result":"success","durationMs":713369,"msg":"End phase: RUN_GRADLEW","time":"2026-09-14T20:05:56.632Z","v":0,"logId":"01a0a186-bb18-761d-ad3a-ca68e087f920"}
{"name":"worker","pid":221,"phase":"GRADLE_BUILD_PROFILE","buildId":"8edd809d-40dd-4406-8e8f-7f9cc2f047d4","level":30,"marker":"START_PHASE","msg":"Start phase: GRADLE_BUILD_PROFILE","time":"2026-09-14T20:05:56.633Z","v":0,"logId":"01a0a186-bb19-7978-a572-eae4e794adc7"}
{"name":"worker","pid":221,"phase":"GRADLE_BUILD_PROFILE","buildId":"8edd809d-40dd-4406-8e8f-7f9cc2f047d4","level":30,"msg":"Gradle Build — Task Execution Profile\n90 tasks, total task time: 880.8s\n% Time = share of total task execution time\n\n┌──────────────────────────────────────────────────┬────────────┬──────────┬────────────┬──────────────────────┐\n│ Task                                             │   Duration │   % Time │ Result     │                      │\n├──────────────────────────────────────────────────┼────────────┼──────────┼────────────┼──────────────────────┤\n│ :expo-dev-launcher                               │      54.3s │     6.2% │ total      │ █░░░░░░░░░░░░░░░░░░░ │\n│   ├─ compileDebugKotlin                          │      25.8s │     2.9% │ executed   │ █░░░░░░░░░░░░░░░░░░░ │\n│   ├─ dataBindingMergeDependencyArtifactsDebug    │      19.3s │     2.2% │ executed   │ ░░░░░░░░░░░░░░░░░░░░ │\n│   ├─ generateServiceApolloSources                │       4.9s │     0.6% │ executed   │ ░░░░░░░░░░░░░░░░░░░░ │\n│   └─ compileDebugJavaWithJavac                   │       2.6s │     0.3% │ executed   │ ░░░░░░░░░░░░░░░░░░░░ │\n│ :expo-constants                                  │      40.7s │     4.6% │ total      │ █░░░░░░░░░░░░░░░░░░░ │\n│   ├─ compileDebugKotlin                          │      37.8s │     4.3% │ executed   │ █░░░░░░░░░░░░░░░░░░░ │\n│   └─ javaPreCompileDebug                         │       1.1s │     0.1% │ executed   │ ░░░░░░░░░░░░░░░░░░░░ │\n│ :expo-dev-menu                                   │      22.3s │     2.5% │ total      │ █░░░░░░░░░░░░░░░░░░░ │\n│   ├─ compileDebugKotlin                          │      16.6s │     1.9% │ executed   │ ░░░░░░░░░░░░░░░░░░░░ │\n│   └─ compileDebugJavaWithJavac                   │       4.9s │     0.6% │ executed   │ ░░░░░░░░░░░░░░░░░░░░ │\n│ :expo                                            │      13.3s │     1.5% │ total      │ ░░░░░░░░░░░░░░░░░░░░ │\n│   ├─ compileDebugKotlin                          │       9.8s │     1.1% │ executed   │ ░░░░░░░░░░░░░░░░░░░░ │\n│   └─ compileDebugJavaWithJavac                   │       2.3s │     0.3% │ executed   │ ░░░░░░░░░░░░░░░░░░░░ │\n│ :react-native-masked-view_masked-view            │      12.7s │     1.4% │ total      │ ░░░░░░░░░░░░░░░░░░░░ │\n│   ├─ compileDebugJavaWithJavac                   │      11.0s │     1.2% │ executed   │ ░░░░░░░░░░░░░░░░░░░░ │\n│   └─ bundleLibCompileToJarDebug                  │       1.2s │     0.1% │ executed   │ ░░░░░░░░░░░░░░░░░░░░ │\n│ :expo-autolinking-plugin-shared                  │      11.7s │     1.3% │ total      │ ░░░░░░░░░░░░░░░░░░░░ │\n│   └─ compileKotlin                               │      11.6s │     1.3% │ executed   │ ░░░░░░░░░░░░░░░░░░░░ │\n│ :shared                                          │      11.0s │     1.3% │ total      │ ░░░░░░░░░░░░░░░░░░░░ │\n│   └─ compileKotlin                               │      11.0s │     1.2% │ executed   │ ░░░░░░░░░░░░░░░░░░░░ │\n│ :expo-autolinking-settings-plugin                │       9.8s │     1.1% │ total      │ ░░░░░░░░░░░░░░░░░░░░ │\n│   └─ compileKotlin                               │       9.7s │     1.1% │ executed   │ ░░░░░░░░░░░░░░░░░░░░ │\n│ :settings-plugin                                 │       9.2s │     1.0% │ total      │ ░░░░░░░░░░░░░░░░░░░░ │\n│   └─ compileKotlin                               │       9.1s │     1.0% │ executed   │ ░░░░░░░░░░░░░░░░░░░░ │\n│ :react-native-gradle-plugin                      │       9.0s │     1.0% │ total      │ ░░░░░░░░░░░░░░░░░░░░ │\n│   └─ compileKotlin                               │       8.9s │     1.0% │ executed   │ ░░░░░░░░░░░░░░░░░░░░ │\n│ :react-native-safe-area-context                  │       5.7s │     0.7% │ total      │ ░░░░░░░░░░░░░░░░░░░░ │\n│   └─ compileDebugKotlin                          │       4.3s │     0.5% │ executed   │ ░░░░░░░░░░░░░░░░░░░░ │\n│ :expo-autolinking-plugin                         │       4.0s │     0.5% │ total      │ ░░░░░░░░░░░░░░░░░░░░ │\n│   └─ compileKotlin                               │       4.0s │     0.5% │ executed   │ ░░░░░░░░░░░░░░░░░░░░ │\n│ :expo-max-sdk-override-plugin                    │       3.7s │     0.4% │ total      │ ░░░░░░░░░░░░░░░░░░░░ │\n│   └─ compileKotlin                               │       3.7s │     0.4% │ executed   │ ░░░░░░░░░░░░░░░░░░░░ │\n│ :expo-log-box                                    │       3.6s │     0.4% │ total      │ ░░░░░░░░░░░░░░░░░░░░ │\n│   ├─ compileDebugKotlin                          │       1.4s │     0.2% │ executed   │ ░░░░░░░░░░░░░░░░░░░░ │\n│   └─ compileDebugJavaWithJavac                   │       1.1s │     0.1% │ executed   │ ░░░░░░░░░░░░░░░░░░░░ │\n│ :expo-manifests                                  │       2.7s │     0.3% │ total      │ ░░░░░░░░░░░░░░░░░░░░ │\n│   └─ compileDebugKotlin                          │       1.2s │     0.1% │ executed   │ ░░░░░░░░░░░░░░░░░░░░ │\n│ :expo-dev-client                                 │       2.4s │     0.3% │ total      │ ░░░░░░░░░░░░░░░░░░░░ │\n│   └─ compileDebugJavaWithJavac                   │       1.3s │     0.1% │ executed   │ ░░░░░░░░░░░░░░░░░░░░ │\n│ :expo-updates-interface                          │       2.1s │     0.2% │ total      │ ░░░░░░░░░░░░░░░░░░░░ │\n│ :                                                │       1.8s │     0.2% │ total      │ ░░░░░░░░░░░░░░░░░░░░ │\n│ :expo-json-utils                                 │       1.4s │     0.2% │ total      │ ░░░░░░░░░░░░░░░░░░░░ │\n│ :react-native-reanimated…eDebug[x86][reanimated] │      52.5s │     6.0% │ executed   │ █░░░░░░░░░░░░░░░░░░░ │\n│ :react-native-reanimated…bug[x86_64][reanimated] │      51.0s │     5.8% │ executed   │ █░░░░░░░░░░░░░░░░░░░ │\n│ :expo-modules-core:buildCMakeDebug[armeabi-v7a]  │      46.3s │     5.3% │ executed   │ █░░░░░░░░░░░░░░░░░░░ │\n│ :expo-modules-core:buildCMakeDebug[x86_64]       │      46.2s │     5.2% │ executed   │ █░░░░░░░░░░░░░░░░░░░ │\n│ :react-native-screens:compileDebugKotlin         │      38.5s │     4.4% │ executed   │ █░░░░░░░░░░░░░░░░░░░ │\n│ :expo-modules-core:buildCMakeDebug[arm64-v8a]    │      37.9s │     4.3% │ executed   │ █░░░░░░░░░░░░░░░░░░░ │\n│ :expo-modules-core:bundleLibRuntimeToJarDebug    │      36.2s │     4.1% │ executed   │ █░░░░░░░░░░░░░░░░░░░ │\n│ :expo-modules-core:buildCMakeDebug[x86]          │      36.1s │     4.1% │ executed   │ █░░░░░░░░░░░░░░░░░░░ │\n│ :react-native-worklets:b…ug[arm64-v8a][worklets] │      30.1s │     3.4% │ executed   │ █░░░░░░░░░░░░░░░░░░░ │\n│ :react-native-worklets:b…[armeabi-v7a][worklets] │      29.6s │     3.4% │ executed   │ █░░░░░░░░░░░░░░░░░░░ │\n│ :react-native-screens:buildCMakeDebug[x86]       │      18.4s │     2.1% │ executed   │ ░░░░░░░░░░░░░░░░░░░░ │\n│ :react-native-screens:buildCMakeDebug[arm64-v8a] │      16.3s │     1.8% │ executed   │ ░░░░░░░░░░░░░░░░░░░░ │\n│ :react-native-gesture-handler:compileDebugKotlin │      14.6s │     1.7% │ executed   │ ░░░░░░░░░░░░░░░░░░░░ │\n│ :react-native-screens:compileDebugJavaWithJavac  │      14.6s │     1.7% │ executed   │ ░░░░░░░░░░░░░░░░░░░░ │\n│ :react-native-worklets:compileDebugKotlin        │      13.3s │     1.5% │ executed   │ ░░░░░░░░░░░░░░░░░░░░ │\n│ :react-native-screens:bu…CMakeDebug[armeabi-v7a] │      12.9s │     1.5% │ executed   │ ░░░░░░░░░░░░░░░░░░░░ │\n│ :react-native-worklets:b…akeDebug[x86][worklets] │      12.7s │     1.4% │ executed   │ ░░░░░░░░░░░░░░░░░░░░ │\n│ :react-native-worklets:b…Debug[x86_64][worklets] │      12.6s │     1.4% │ executed   │ ░░░░░░░░░░░░░░░░░░░░ │\n│ :react-native-worklets:c…reCMakeDebug[arm64-v8a] │      12.5s │     1.4% │ executed   │ ░░░░░░░░░░░░░░░░░░░░ │\n│ :app:checkDebugAarMetadata                       │      12.1s │     1.4% │ executed   │ ░░░░░░░░░░░░░░░░░░░░ │\n│ :app:mergeDebugNativeLibs                        │      11.3s │     1.3% │ executed   │ ░░░░░░░░░░░░░░░░░░░░ │\n│ :react-native-reanimated:compileDebugKotlin      │       9.6s │     1.1% │ executed   │ ░░░░░░░░░░░░░░░░░░░░ │\n│ :react-native-screens:buildCMakeDebug[x86_64]    │       9.5s │     1.1% │ executed   │ ░░░░░░░░░░░░░░░░░░░░ │\n│ :app:mergeDebugJavaResource                      │       7.4s │     0.8% │ executed   │ ░░░░░░░░░░░░░░░░░░░░ │\n│ :app:processDebugResources                       │       5.5s │     0.6% │ executed   │ ░░░░░░░░░░░░░░░░░░░░ │\n│ :react-native-worklets:compileDebugJavaWithJavac │       5.3s │     0.6% │ executed   │ ░░░░░░░░░░░░░░░░░░░░ │\n│ :expo-modules-core:compileDebugJavaWithJavac     │       5.3s │     0.6% │ executed   │ ░░░░░░░░░░░░░░░░░░░░ │\n│ :app:mergeDebugResources                         │       5.0s │     0.6% │ executed   │ ░░░░░░░░░░░░░░░░░░░░ │\n│ :react-native-gesture-ha…ldCMakeDebug[arm64-v8a] │       3.6s │     0.4% │ executed   │ ░░░░░░░░░░░░░░░░░░░░ │\n│ :app:mergeLibDexDebug                            │       3.0s │     0.3% │ executed   │ ░░░░░░░░░░░░░░░░░░░░ │\n│ :app:compileDebugKotlin                          │       3.0s │     0.3% │ executed   │ ░░░░░░░░░░░░░░░░░░░░ │\n│ :react-native-gesture-ha…CMakeDebug[armeabi-v7a] │       2.9s │     0.3% │ executed   │ ░░░░░░░░░░░░░░░░░░░░ │\n│ :react-native-gesture-ha…er:buildCMakeDebug[x86] │       2.8s │     0.3% │ executed   │ ░░░░░░░░░░░░░░░░░░░░ │\n│ :app:checkDebugDuplicateClasses                  │       2.8s │     0.3% │ executed   │ ░░░░░░░░░░░░░░░░░░░░ │\n│ :react-native-screens:co…reCMakeDebug[arm64-v8a] │       2.7s │     0.3% │ executed   │ ░░░░░░░░░░░░░░░░░░░░ │\n│ :app:buildCMakeDebug[armeabi-v7a]                │       2.4s │     0.3% │ executed   │ ░░░░░░░░░░░░░░░░░░░░ │\n│ :react-native-reanimated…xternalNativeBuildDebug │       2.3s │     0.3% │ executed   │ ░░░░░░░░░░░░░░░░░░░░ │\n│ :react-native-gesture-ha…buildCMakeDebug[x86_64] │       2.3s │     0.3% │ executed   │ ░░░░░░░░░░░░░░░░░░░░ │\n│ :react-native-worklets:externalNativeBuildDebug  │       2.3s │     0.3% │ executed   │ ░░░░░░░░░░░░░░░░░░░░ │\n│ :react-native-screens:co…igureCMakeDebug[x86_64] │       2.2s │     0.2% │ executed   │ ░░░░░░░░░░░░░░░░░░░░ │\n│ :app:buildCMakeDebug[arm64-v8a]                  │       2.2s │     0.2% │ executed   │ ░░░░░░░░░░░░░░░░░░░░ │\n│ :app:configureCMakeDebug[armeabi-v7a]            │       2.1s │     0.2% │ executed   │ ░░░░░░░░░░░░░░░░░░░░ │\n│ :expo-modules-core:bundleLibCompileToJarDebug    │       2.1s │     0.2% │ executed   │ ░░░░░░░░░░░░░░░░░░░░ │\n│ :app:buildCMakeDebug[x86_64]                     │       1.9s │     0.2% │ executed   │ ░░░░░░░░░░░░░░░░░░░░ │\n│ :react-native-gesture-ha…CMakeDebug[armeabi-v7a] │       1.9s │     0.2% │ executed   │ ░░░░░░░░░░░░░░░░░░░░ │\n│ :react-native-screens:co…CMakeDebug[armeabi-v7a] │       1.9s │     0.2% │ executed   │ ░░░░░░░░░░░░░░░░░░░░ │\n│ :compileKotlin                                   │       1.8s │     0.2% │ executed   │ ░░░░░░░░░░░░░░░░░░░░ │\n│ :app:buildCMakeDebug[x86]                        │       1.8s │     0.2% │ executed   │ ░░░░░░░░░░░░░░░░░░░░ │\n│ :react-native-reanimated:mergeDebugNativeLibs    │       1.7s │     0.2% │ executed   │ ░░░░░░░░░░░░░░░░░░░░ │\n│ :app:processDebugMainManifest                    │       1.7s │     0.2% │ executed   │ ░░░░░░░░░░░░░░░░░░░░ │\n│ :react-native-reanimated…mpileDebugJavaWithJavac │       1.7s │     0.2% │ executed   │ ░░░░░░░░░░░░░░░░░░░░ │\n│ :expo-modules-core:configureCMakeDebug[x86]      │       1.6s │     0.2% │ executed   │ ░░░░░░░░░░░░░░░░░░░░ │\n│ :expo-modules-core:confi…CMakeDebug[armeabi-v7a] │       1.5s │     0.2% │ executed   │ ░░░░░░░░░░░░░░░░░░░░ │\n│ :app:compileDebugJavaWithJavac                   │       1.5s │     0.2% │ executed   │ ░░░░░░░░░░░░░░░░░░░░ │\n│ :app:mergeDebugGlobalSynthetics                  │       1.5s │     0.2% │ executed   │ ░░░░░░░░░░░░░░░░░░░░ │\n│ :app:packageDebug                                │       1.5s │     0.2% │ executed   │ ░░░░░░░░░░░░░░░░░░░░ │\n│ :app:stripDebugDebugSymbols                      │       1.4s │     0.2% │ executed   │ ░░░░░░░░░░░░░░░░░░░░ │\n│ :expo-modules-core:mergeDebugNativeLibs          │       1.4s │     0.2% │ executed   │ ░░░░░░░░░░░░░░░░░░░░ │\n│ :expo-modules-core:confi…reCMakeDebug[arm64-v8a] │       1.3s │     0.2% │ executed   │ ░░░░░░░░░░░░░░░░░░░░ │\n│ :react-native-screens:configureCMakeDebug[x86]   │       1.3s │     0.1% │ executed   │ ░░░░░░░░░░░░░░░░░░░░ │\n│ :react-native-reanimated…DebugJniLibsProjectOnly │       1.3s │     0.1% │ executed   │ ░░░░░░░░░░░░░░░░░░░░ │\n│ :react-native-worklets:c…CMakeDebug[armeabi-v7a] │       1.2s │     0.1% │ executed   │ ░░░░░░░░░░░░░░░░░░░░ │\n│ :react-native-gesture-ha…onfigureCMakeDebug[x86] │       1.2s │     0.1% │ executed   │ ░░░░░░░░░░░░░░░░░░░░ │\n│ :react-native-reanimated…reCMakeDebug[arm64-v8a] │       1.2s │     0.1% │ executed   │ ░░░░░░░░░░░░░░░░░░░░ │\n│ :expo-modules-core:copyDebugJniLibsProjectOnly   │       1.1s │     0.1% │ executed   │ ░░░░░░░░░░░░░░░░░░░░ │\n│ :app:configureCMakeDebug[x86]                    │       1.1s │     0.1% │ executed   │ ░░░░░░░░░░░░░░░░░░░░ │\n├──────────────────────────────────────────────────┼────────────┼──────────┼────────────┼──────────────────────┤\n│ TOTAL                                            │     880.8s │   100.0% │            │                      │\n└──────────────────────────────────────────────────┴────────────┴──────────┴────────────┴──────────────────────┘\n","time":"2026-09-14T20:05:56.676Z","v":0,"logId":"01a0a186-bb44-7c2c-810f-c1ccce2e0d40"}
{"name":"worker","pid":221,"phase":"GRADLE_BUILD_PROFILE","buildId":"8edd809d-40dd-4406-8e8f-7f9cc2f047d4","level":30,"marker":"END_PHASE","result":"success","durationMs":43,"msg":"End phase: GRADLE_BUILD_PROFILE","time":"2026-09-14T20:05:56.678Z","v":0,"logId":"01a0a186-bb46-773f-b975-54122f657bc3"}
{"name":"worker","pid":221,"phase":"PRE_UPLOAD_ARTIFACTS_HOOK","buildId":"8edd809d-40dd-4406-8e8f-7f9cc2f047d4","level":30,"marker":"START_PHASE","msg":"Start phase: PRE_UPLOAD_ARTIFACTS_HOOK","time":"2026-09-14T20:05:56.678Z","v":0,"logId":"01a0a186-bb46-773f-b975-5413eccef575"}
{"name":"worker","pid":221,"phase":"PRE_UPLOAD_ARTIFACTS_HOOK","buildId":"8edd809d-40dd-4406-8e8f-7f9cc2f047d4","level":30,"marker":"END_PHASE","result":"success","durationMs":2,"msg":"End phase: PRE_UPLOAD_ARTIFACTS_HOOK","time":"2026-09-14T20:05:56.680Z","v":0,"logId":"01a0a186-bb48-7db6-aefb-ea2bc044efab"}
{"name":"worker","pid":221,"phase":"UPLOAD_APPLICATION_ARCHIVE","buildId":"8edd809d-40dd-4406-8e8f-7f9cc2f047d4","level":30,"marker":"START_PHASE","msg":"Start phase: UPLOAD_APPLICATION_ARCHIVE","time":"2026-09-14T20:05:56.681Z","v":0,"logId":"01a0a186-bb49-7c65-adf8-43e2302a383b"}
{"name":"worker","pid":221,"phase":"UPLOAD_APPLICATION_ARCHIVE","buildId":"8edd809d-40dd-4406-8e8f-7f9cc2f047d4","level":30,"msg":"Application archives:","time":"2026-09-14T20:05:56.691Z","v":0,"logId":"01a0a186-bb53-782c-9e97-521d829c8ee6"}
{"name":"worker","pid":221,"phase":"UPLOAD_APPLICATION_ARCHIVE","buildId":"8edd809d-40dd-4406-8e8f-7f9cc2f047d4","level":30,"msg":"  - /home/expo/workingdir/build/android/app/build/outputs/apk/debug/app-debug.apk (243 MB)","time":"2026-09-14T20:05:56.691Z","v":0,"logId":"01a0a186-bb53-782c-9e97-521ef8037657"}
{"name":"worker","pid":221,"phase":"UPLOAD_APPLICATION_ARCHIVE","buildId":"8edd809d-40dd-4406-8e8f-7f9cc2f047d4","level":30,"msg":"Uploading application archive...","time":"2026-09-14T20:05:56.691Z","v":0,"logId":"01a0a186-bb53-782c-9e97-521fd52ba614"}
{"name":"worker","pid":221,"phase":"UPLOAD_APPLICATION_ARCHIVE","buildId":"8edd809d-40dd-4406-8e8f-7f9cc2f047d4","level":30,"marker":"END_PHASE","result":"success","durationMs":9974,"msg":"End phase: UPLOAD_APPLICATION_ARCHIVE","time":"2026-09-14T20:06:06.655Z","v":0,"logId":"01a0a186-e23f-710e-a548-fa96128b6778"}
{"name":"worker","pid":221,"phase":"SAVE_CACHE","buildId":"8edd809d-40dd-4406-8e8f-7f9cc2f047d4","level":30,"marker":"START_PHASE","msg":"Start phase: SAVE_CACHE","time":"2026-09-14T20:06:06.657Z","v":0,"logId":"01a0a186-e241-7f5e-915a-c8b95094dde0"}
{"name":"worker","pid":221,"phase":"SAVE_CACHE","buildId":"8edd809d-40dd-4406-8e8f-7f9cc2f047d4","level":30,"msg":"Saving cache key: android-ccache-d79bc1306a197d64e3168098c966bc64e2915feabea834c49f0c99cf081ad028","time":"2026-09-14T20:06:06.673Z","v":0,"logId":"01a0a186-e252-7e1d-b34c-ddaa5494d9bc"}
{"name":"worker","pid":221,"phase":"SAVE_CACHE","buildId":"8edd809d-40dd-4406-8e8f-7f9cc2f047d4","level":30,"msg":"Pruning cache...","time":"2026-09-14T20:06:06.674Z","v":0,"logId":"01a0a186-e253-7149-9b45-b09a2065e788"}
{"name":"worker","pid":221,"phase":"SAVE_CACHE","buildId":"8edd809d-40dd-4406-8e8f-7f9cc2f047d4","level":30,"msg":"Preparing cache archive...","time":"2026-09-14T20:06:06.903Z","v":0,"logId":"01a0a186-e337-7a63-8988-3a243bcbb07f"}
{"name":"worker","pid":221,"phase":"SAVE_CACHE","buildId":"8edd809d-40dd-4406-8e8f-7f9cc2f047d4","level":30,"msg":"Uploading cache...","time":"2026-09-14T20:06:09.813Z","v":0,"logId":"01a0a186-ee95-732a-9d4f-d917efc6b00a"}
{"name":"worker","pid":221,"phase":"SAVE_CACHE","buildId":"8edd809d-40dd-4406-8e8f-7f9cc2f047d4","level":30,"msg":"Uploaded cache archive to /tmp/save-cache-S4FfLL/cache.tar.gz (80.4 MB).","time":"2026-09-14T20:06:10.501Z","v":0,"logId":"01a0a186-f145-7fd7-b275-57b6b78b067b"}
{"name":"worker","pid":221,"phase":"SAVE_CACHE","buildId":"8edd809d-40dd-4406-8e8f-7f9cc2f047d4","level":30,"marker":"END_PHASE","result":"success","durationMs":3844,"msg":"End phase: SAVE_CACHE","time":"2026-09-14T20:06:10.502Z","v":0,"logId":"01a0a186-f146-7de0-974a-aa7d5c01678e"}
{"name":"worker","pid":221,"phase":"CACHE_STATS","buildId":"8edd809d-40dd-4406-8e8f-7f9cc2f047d4","level":30,"marker":"START_PHASE","msg":"Start phase: CACHE_STATS","time":"2026-09-14T20:06:10.502Z","v":0,"logId":"01a0a186-f146-7de0-974a-aa7ec1e7fa84"}
{"name":"worker","pid":221,"phase":"CACHE_STATS","buildId":"8edd809d-40dd-4406-8e8f-7f9cc2f047d4","source":"stdout","level":30,"msg":"Cache directory:      /home/expo/.cache/ccache","time":"2026-09-14T20:06:10.527Z","v":0,"logId":"01a0a186-f15f-7588-bafd-e7824faf5a03"}
{"name":"worker","pid":221,"phase":"CACHE_STATS","buildId":"8edd809d-40dd-4406-8e8f-7f9cc2f047d4","source":"stdout","level":30,"msg":"Config file:          /home/expo/.config/ccache/ccache.conf","time":"2026-09-14T20:06:10.527Z","v":0,"logId":"01a0a186-f15f-7588-bafd-e783eb26f7ad"}
{"name":"worker","pid":221,"phase":"CACHE_STATS","buildId":"8edd809d-40dd-4406-8e8f-7f9cc2f047d4","source":"stdout","level":30,"msg":"System config file:   /etc/ccache.conf","time":"2026-09-14T20:06:10.527Z","v":0,"logId":"01a0a186-f15f-7588-bafd-e7842a63ec52"}
{"name":"worker","pid":221,"phase":"CACHE_STATS","buildId":"8edd809d-40dd-4406-8e8f-7f9cc2f047d4","source":"stdout","level":30,"msg":"Stats updated:        Mon Sep 14 20:06:06 2026","time":"2026-09-14T20:06:10.527Z","v":0,"logId":"01a0a186-f15f-7588-bafd-e785707eb5fd"}
{"name":"worker","pid":221,"phase":"CACHE_STATS","buildId":"8edd809d-40dd-4406-8e8f-7f9cc2f047d4","source":"stdout","level":30,"msg":"Cacheable calls:      472 / 496 (95.16%)","time":"2026-09-14T20:06:10.527Z","v":0,"logId":"01a0a186-f15f-7588-bafd-e7860e75ba69"}
{"name":"worker","pid":221,"phase":"CACHE_STATS","buildId":"8edd809d-40dd-4406-8e8f-7f9cc2f047d4","source":"stdout","level":30,"msg":"  Hits:               236 / 472 (50.00%)","time":"2026-09-14T20:06:10.527Z","v":0,"logId":"01a0a186-f15f-7588-bafd-e787a3e396b6"}
{"name":"worker","pid":221,"phase":"CACHE_STATS","buildId":"8edd809d-40dd-4406-8e8f-7f9cc2f047d4","source":"stdout","level":30,"msg":"    Direct:           236 / 236 (100.0%)","time":"2026-09-14T20:06:10.527Z","v":0,"logId":"01a0a186-f15f-7588-bafd-e7880b20b867"}
{"name":"worker","pid":221,"phase":"CACHE_STATS","buildId":"8edd809d-40dd-4406-8e8f-7f9cc2f047d4","source":"stdout","level":30,"msg":"    Preprocessed:       0 / 236 ( 0.00%)","time":"2026-09-14T20:06:10.527Z","v":0,"logId":"01a0a186-f15f-7588-bafd-e7891e6bf366"}
{"name":"worker","pid":221,"phase":"CACHE_STATS","buildId":"8edd809d-40dd-4406-8e8f-7f9cc2f047d4","source":"stdout","level":30,"msg":"  Misses:             236 / 472 (50.00%)","time":"2026-09-14T20:06:10.527Z","v":0,"logId":"01a0a186-f15f-7588-bafd-e78a74bcfb70"}
{"name":"worker","pid":221,"phase":"CACHE_STATS","buildId":"8edd809d-40dd-4406-8e8f-7f9cc2f047d4","source":"stdout","level":30,"msg":"Uncacheable calls:     24 / 496 ( 4.84%)","time":"2026-09-14T20:06:10.527Z","v":0,"logId":"01a0a186-f15f-7588-bafd-e78b0c515eae"}
{"name":"worker","pid":221,"phase":"CACHE_STATS","buildId":"8edd809d-40dd-4406-8e8f-7f9cc2f047d4","source":"stdout","level":30,"msg":"  Called for linking:  24 /  24 (100.0%)","time":"2026-09-14T20:06:10.527Z","v":0,"logId":"01a0a186-f15f-7588-bafd-e78ce7800926"}
{"name":"worker","pid":221,"phase":"CACHE_STATS","buildId":"8edd809d-40dd-4406-8e8f-7f9cc2f047d4","source":"stdout","level":30,"msg":"Successful lookups:","time":"2026-09-14T20:06:10.527Z","v":0,"logId":"01a0a186-f15f-7588-bafd-e78d742d3ca3"}
{"name":"worker","pid":221,"phase":"CACHE_STATS","buildId":"8edd809d-40dd-4406-8e8f-7f9cc2f047d4","source":"stdout","level":30,"msg":"  Direct:             236 / 472 (50.00%)","time":"2026-09-14T20:06:10.527Z","v":0,"logId":"01a0a186-f15f-7588-bafd-e78e27c35cc4"}
{"name":"worker","pid":221,"phase":"CACHE_STATS","buildId":"8edd809d-40dd-4406-8e8f-7f9cc2f047d4","source":"stdout","level":30,"msg":"  Preprocessed:         0 / 236 ( 0.00%)","time":"2026-09-14T20:06:10.527Z","v":0,"logId":"01a0a186-f160-7a92-a640-2a0d81be1d57"}
{"name":"worker","pid":221,"phase":"CACHE_STATS","buildId":"8edd809d-40dd-4406-8e8f-7f9cc2f047d4","source":"stdout","level":30,"msg":"Local storage:","time":"2026-09-14T20:06:10.528Z","v":0,"logId":"01a0a186-f160-7a92-a640-2a0e10de434f"}
{"name":"worker","pid":221,"phase":"CACHE_STATS","buildId":"8edd809d-40dd-4406-8e8f-7f9cc2f047d4","source":"stdout","level":30,"msg":"  Cache size (GiB):   0.1 / 5.0 ( 1.59%)","time":"2026-09-14T20:06:10.528Z","v":0,"logId":"01a0a186-f160-7a92-a640-2a0f1015e77d"}
{"name":"worker","pid":221,"phase":"CACHE_STATS","buildId":"8edd809d-40dd-4406-8e8f-7f9cc2f047d4","source":"stdout","level":30,"msg":"  Files:              472","time":"2026-09-14T20:06:10.528Z","v":0,"logId":"01a0a186-f160-7a92-a640-2a100e59ee5f"}
{"name":"worker","pid":221,"phase":"CACHE_STATS","buildId":"8edd809d-40dd-4406-8e8f-7f9cc2f047d4","source":"stdout","level":30,"msg":"  Hits:               236 / 472 (50.00%)","time":"2026-09-14T20:06:10.528Z","v":0,"logId":"01a0a186-f160-7a92-a640-2a11ae23cfe6"}
{"name":"worker","pid":221,"phase":"CACHE_STATS","buildId":"8edd809d-40dd-4406-8e8f-7f9cc2f047d4","source":"stdout","level":30,"msg":"  Misses:             236 / 472 (50.00%)","time":"2026-09-14T20:06:10.528Z","v":0,"logId":"01a0a186-f160-7a92-a640-2a12bd964d3d"}
{"name":"worker","pid":221,"phase":"CACHE_STATS","buildId":"8edd809d-40dd-4406-8e8f-7f9cc2f047d4","source":"stdout","level":30,"msg":"  Reads:              944","time":"2026-09-14T20:06:10.528Z","v":0,"logId":"01a0a186-f160-7a92-a640-2a137c776eb8"}
{"name":"worker","pid":221,"phase":"CACHE_STATS","buildId":"8edd809d-40dd-4406-8e8f-7f9cc2f047d4","source":"stdout","level":30,"msg":"  Writes:             472","time":"2026-09-14T20:06:10.528Z","v":0,"logId":"01a0a186-f160-7a92-a640-2a14f65a0e10"}
{"name":"worker","pid":221,"phase":"CACHE_STATS","buildId":"8edd809d-40dd-4406-8e8f-7f9cc2f047d4","level":30,"marker":"END_PHASE","result":"success","durationMs":168,"msg":"End phase: CACHE_STATS","time":"2026-09-14T20:06:10.671Z","v":0,"logId":"01a0a186-f1ef-7d3a-bbc3-74f413ee6e49"}
{"name":"worker","pid":221,"phase":"ON_BUILD_SUCCESS_HOOK","buildId":"8edd809d-40dd-4406-8e8f-7f9cc2f047d4","level":30,"marker":"START_PHASE","msg":"Start phase: ON_BUILD_SUCCESS_HOOK","time":"2026-09-14T20:06:10.671Z","v":0,"logId":"01a0a186-f1ef-7d3a-bbc3-74f5a6404421"}
{"name":"worker","pid":221,"phase":"ON_BUILD_SUCCESS_HOOK","buildId":"8edd809d-40dd-4406-8e8f-7f9cc2f047d4","level":30,"marker":"END_PHASE","result":"success","durationMs":1,"msg":"End phase: ON_BUILD_SUCCESS_HOOK","time":"2026-09-14T20:06:10.672Z","v":0,"logId":"01a0a186-f1f0-7450-a55d-a79711565271"}
{"name":"worker","pid":221,"phase":"ON_BUILD_COMPLETE_HOOK","buildId":"8edd809d-40dd-4406-8e8f-7f9cc2f047d4","level":30,"marker":"START_PHASE","msg":"Start phase: ON_BUILD_COMPLETE_HOOK","time":"2026-09-14T20:06:10.672Z","v":0,"logId":"01a0a186-f1f1-7d35-8fef-62be7747bcce"}
{"name":"worker","pid":221,"phase":"ON_BUILD_COMPLETE_HOOK","buildId":"8edd809d-40dd-4406-8e8f-7f9cc2f047d4","level":30,"marker":"END_PHASE","result":"success","durationMs":0,"msg":"End phase: ON_BUILD_COMPLETE_HOOK","time":"2026-09-14T20:06:10.674Z","v":0,"logId":"01a0a186-f1f2-7457-ac01-ecd9327e284f"}
{"name":"worker","pid":221,"phase":"UPLOAD_BUILD_ARTIFACTS","buildId":"8edd809d-40dd-4406-8e8f-7f9cc2f047d4","level":30,"marker":"START_PHASE","msg":"Start phase: UPLOAD_BUILD_ARTIFACTS","time":"2026-09-14T20:06:10.674Z","v":0,"logId":"01a0a186-f1f2-7457-ac01-ecda7f87691e"}
{"name":"worker","pid":221,"phase":"UPLOAD_BUILD_ARTIFACTS","buildId":"8edd809d-40dd-4406-8e8f-7f9cc2f047d4","level":30,"marker":"END_PHASE","result":"success","durationMs":0,"msg":"End phase: UPLOAD_BUILD_ARTIFACTS","time":"2026-09-14T20:06:10.675Z","v":0,"logId":"01a0a186-f1f3-77be-9898-aa4bab9d58a4"}
